varied_param,throttle_scans,map_update_interval,resolution,minimum_time_interval,minimum_travel_distance,minimum_travel_heading,metric_type,sub_metric,stat,value
throttle_scans,1,0.02,0.05,0.5,0.5,0.5,traj,APE,mean,0.07432538183258774
throttle_scans,1,0.02,0.05,0.5,0.5,0.5,traj,APE,std_dev,0.05832062580842595
throttle_scans,1,0.02,0.05,0.5,0.5,0.5,traj,APE,median,0.05242613227649385
throttle_scans,1,0.02,0.05,0.5,0.5,0.5,traj,APE,min,5.421010862427522e-20
throttle_scans,1,0.02,0.05,0.5,0.5,0.5,traj,APE,max,0.26363544357035806
throttle_scans,1,0.02,0.05,0.5,0.5,0.5,traj,APE,rmse,0.09447517017315399
throttle_scans,1,0.02,0.05,0.5,0.5,0.5,traj,RPE,mean,0.049840717893565825
throttle_scans,1,0.02,0.05,0.5,0.5,0.5,traj,RPE,std_dev,0.026832796193721316
throttle_scans,1,0.02,0.05,0.5,0.5,0.5,traj,RPE,median,0.04250474401115826
throttle_scans,1,0.02,0.05,0.5,0.5,0.5,traj,RPE,min,0.014693349395502623
throttle_scans,1,0.02,0.05,0.5,0.5,0.5,traj,RPE,max,0.15973987280963114
throttle_scans,1,0.02,0.05,0.5,0.5,0.5,traj,RPE,rmse,0.05660473577113312
throttle_scans,1,0.02,0.05,0.5,0.5,0.5,traj,num associated poses,mean,27.8
throttle_scans,1,0.02,0.05,0.5,0.5,0.5,traj,num associated poses,std_dev,0.39999999999999997
throttle_scans,1,0.02,0.05,0.5,0.5,0.5,traj,num associated poses,median,28.0
throttle_scans,1,0.02,0.05,0.5,0.5,0.5,traj,num associated poses,min,27.0
throttle_scans,1,0.02,0.05,0.5,0.5,0.5,traj,num associated poses,max,28.0
throttle_scans,1,0.02,0.05,0.5,0.5,0.5,traj,num gt poses,mean,175.2
throttle_scans,1,0.02,0.05,0.5,0.5,0.5,traj,num gt poses,std_dev,7.277362159464101
throttle_scans,1,0.02,0.05,0.5,0.5,0.5,traj,num gt poses,median,171.0
throttle_scans,1,0.02,0.05,0.5,0.5,0.5,traj,num gt poses,min,169.0
throttle_scans,1,0.02,0.05,0.5,0.5,0.5,traj,num gt poses,max,189.0
throttle_scans,1,0.02,0.05,0.5,0.5,0.5,traj,odom accum path length (m),mean,11.598265000000001
throttle_scans,1,0.02,0.05,0.5,0.5,0.5,traj,odom accum path length (m),std_dev,0.09008728331124195
throttle_scans,1,0.02,0.05,0.5,0.5,0.5,traj,odom accum path length (m),median,11.580764
throttle_scans,1,0.02,0.05,0.5,0.5,0.5,traj,odom accum path length (m),min,11.499164
throttle_scans,1,0.02,0.05,0.5,0.5,0.5,traj,odom accum path length (m),max,11.755718
throttle_scans,1,0.02,0.05,0.5,0.5,0.5,traj,total rotation (rad),mean,9.904058800000001
throttle_scans,1,0.02,0.05,0.5,0.5,0.5,traj,total rotation (rad),std_dev,0.6945462434367925
throttle_scans,1,0.02,0.05,0.5,0.5,0.5,traj,total rotation (rad),median,9.536981
throttle_scans,1,0.02,0.05,0.5,0.5,0.5,traj,total rotation (rad),min,9.064655
throttle_scans,1,0.02,0.05,0.5,0.5,0.5,traj,total rotation (rad),max,10.802915
throttle_scans,1,0.02,0.05,0.5,0.5,0.5,traj,duration (s),mean,24.2956
throttle_scans,1,0.02,0.05,0.5,0.5,0.5,traj,duration (s),std_dev,0.8396076702841647
throttle_scans,1,0.02,0.05,0.5,0.5,0.5,traj,duration (s),median,24.067999999999998
throttle_scans,1,0.02,0.05,0.5,0.5,0.5,traj,duration (s),min,23.5
throttle_scans,1,0.02,0.05,0.5,0.5,0.5,traj,duration (s),max,25.755000000000003
throttle_scans,1,0.02,0.05,0.5,0.5,0.5,completion,successes,count,5.0
throttle_scans,1,0.02,0.05,0.5,0.5,0.5,completion,failures,count,0.0
throttle_scans,1,0.02,0.05,0.5,0.5,0.5,completion,errors,count,0.0
throttle_scans,1,0.02,0.05,0.5,0.5,0.5,completion,data or metrics missing,count,0.0
throttle_scans,1,0.02,0.05,0.5,0.5,0.5,latency,latency,mean,0.005776978417266187
throttle_scans,1,0.02,0.05,0.5,0.5,0.5,latency,latency,std_dev,0.004796646258634197
throttle_scans,1,0.02,0.05,0.5,0.5,0.5,latency,latency,median,0.004
throttle_scans,1,0.02,0.05,0.5,0.5,0.5,latency,latency,min,0.0
throttle_scans,1,0.02,0.05,0.5,0.5,0.5,latency,latency,max,0.038
throttle_scans,1,0.02,0.05,0.5,0.5,0.5,cov,trace,mean,0.005584256944444445
throttle_scans,1,0.02,0.05,0.5,0.5,0.5,cov,trace,std_dev,0.0017122681949623291
throttle_scans,1,0.02,0.05,0.5,0.5,0.5,cov,trace,median,0.0050644999999999996
throttle_scans,1,0.02,0.05,0.5,0.5,0.5,cov,trace,min,0.0026030000000000003
throttle_scans,1,0.02,0.05,0.5,0.5,0.5,cov,trace,max,0.015824
throttle_scans,1,0.02,0.05,0.5,0.5,0.5,cov,trace,rmse,0.005840872194548992
throttle_scans,1,0.02,0.05,0.5,0.5,0.5,cov,det,mean,3.894866343611108e-10
throttle_scans,1,0.02,0.05,0.5,0.5,0.5,cov,det,std_dev,3.7057749882382274e-10
throttle_scans,1,0.02,0.05,0.5,0.5,0.5,cov,det,median,2.689044190000003e-10
throttle_scans,1,0.02,0.05,0.5,0.5,0.5,cov,det,min,5.609792600000001e-11
throttle_scans,1,0.02,0.05,0.5,0.5,0.5,cov,det,max,2.061530990999993e-09
throttle_scans,1,0.02,0.05,0.5,0.5,0.5,cov,det,rmse,5.37612798378597e-10
throttle_scans,2,0.02,0.05,0.5,0.5,0.5,traj,APE,mean,0.07376510064594204
throttle_scans,2,0.02,0.05,0.5,0.5,0.5,traj,APE,std_dev,0.05193233938373056
throttle_scans,2,0.02,0.05,0.5,0.5,0.5,traj,APE,median,0.05806026287102134
throttle_scans,2,0.02,0.05,0.5,0.5,0.5,traj,APE,min,5.421010862427522e-20
throttle_scans,2,0.02,0.05,0.5,0.5,0.5,traj,APE,max,0.2485654355521918
throttle_scans,2,0.02,0.05,0.5,0.5,0.5,traj,APE,rmse,0.09021229376960177
throttle_scans,2,0.02,0.05,0.5,0.5,0.5,traj,RPE,mean,0.051826065002230276
throttle_scans,2,0.02,0.05,0.5,0.5,0.5,traj,RPE,std_dev,0.02793813004534535
throttle_scans,2,0.02,0.05,0.5,0.5,0.5,traj,RPE,median,0.045397215230465235
throttle_scans,2,0.02,0.05,0.5,0.5,0.5,traj,RPE,min,0.014001243316467736
throttle_scans,2,0.02,0.05,0.5,0.5,0.5,traj,RPE,max,0.17431073197942396
throttle_scans,2,0.02,0.05,0.5,0.5,0.5,traj,RPE,rmse,0.05887682161976839
throttle_scans,2,0.02,0.05,0.5,0.5,0.5,traj,num associated poses,mean,27.6
throttle_scans,2,0.02,0.05,0.5,0.5,0.5,traj,num associated poses,std_dev,0.7999999999999999
throttle_scans,2,0.02,0.05,0.5,0.5,0.5,traj,num associated poses,median,27.0
throttle_scans,2,0.02,0.05,0.5,0.5,0.5,traj,num associated poses,min,27.0
throttle_scans,2,0.02,0.05,0.5,0.5,0.5,traj,num associated poses,max,29.0
throttle_scans,2,0.02,0.05,0.5,0.5,0.5,traj,num gt poses,mean,173.2
throttle_scans,2,0.02,0.05,0.5,0.5,0.5,traj,num gt poses,std_dev,1.7204650534085253
throttle_scans,2,0.02,0.05,0.5,0.5,0.5,traj,num gt poses,median,173.0
throttle_scans,2,0.02,0.05,0.5,0.5,0.5,traj,num gt poses,min,171.0
throttle_scans,2,0.02,0.05,0.5,0.5,0.5,traj,num gt poses,max,176.0
throttle_scans,2,0.02,0.05,0.5,0.5,0.5,traj,odom accum path length (m),mean,11.5297428
throttle_scans,2,0.02,0.05,0.5,0.5,0.5,traj,odom accum path length (m),std_dev,0.0694522063678323
throttle_scans,2,0.02,0.05,0.5,0.5,0.5,traj,odom accum path length (m),median,11.50896
throttle_scans,2,0.02,0.05,0.5,0.5,0.5,traj,odom accum path length (m),min,11.450226
throttle_scans,2,0.02,0.05,0.5,0.5,0.5,traj,odom accum path length (m),max,11.6594
throttle_scans,2,0.02,0.05,0.5,0.5,0.5,traj,total rotation (rad),mean,9.3253626
throttle_scans,2,0.02,0.05,0.5,0.5,0.5,traj,total rotation (rad),std_dev,0.20757153614559026
throttle_scans,2,0.02,0.05,0.5,0.5,0.5,traj,total rotation (rad),median,9.192116
throttle_scans,2,0.02,0.05,0.5,0.5,0.5,traj,total rotation (rad),min,9.138031
throttle_scans,2,0.02,0.05,0.5,0.5,0.5,traj,total rotation (rad),max,9.677625
throttle_scans,2,0.02,0.05,0.5,0.5,0.5,traj,duration (s),mean,23.710400000000003
throttle_scans,2,0.02,0.05,0.5,0.5,0.5,traj,duration (s),std_dev,0.20638468935461188
throttle_scans,2,0.02,0.05,0.5,0.5,0.5,traj,duration (s),median,23.738
throttle_scans,2,0.02,0.05,0.5,0.5,0.5,traj,duration (s),min,23.390000000000004
throttle_scans,2,0.02,0.05,0.5,0.5,0.5,traj,duration (s),max,23.935
throttle_scans,2,0.02,0.05,0.5,0.5,0.5,completion,successes,count,5.0
throttle_scans,2,0.02,0.05,0.5,0.5,0.5,completion,failures,count,0.0
throttle_scans,2,0.02,0.05,0.5,0.5,0.5,completion,errors,count,0.0
throttle_scans,2,0.02,0.05,0.5,0.5,0.5,completion,data or metrics missing,count,0.0
throttle_scans,2,0.02,0.05,0.5,0.5,0.5,latency,latency,mean,0.00810144927536232
throttle_scans,2,0.02,0.05,0.5,0.5,0.5,latency,latency,std_dev,0.00875701776967716
throttle_scans,2,0.02,0.05,0.5,0.5,0.5,latency,latency,median,0.0085
throttle_scans,2,0.02,0.05,0.5,0.5,0.5,latency,latency,min,0.0
throttle_scans,2,0.02,0.05,0.5,0.5,0.5,latency,latency,max,0.09200000000000001
throttle_scans,2,0.02,0.05,0.5,0.5,0.5,cov,trace,mean,0.0055852482269503545
throttle_scans,2,0.02,0.05,0.5,0.5,0.5,cov,trace,std_dev,0.0020426153974225387
throttle_scans,2,0.02,0.05,0.5,0.5,0.5,cov,trace,median,0.00499
throttle_scans,2,0.02,0.05,0.5,0.5,0.5,cov,trace,min,0.002802
throttle_scans,2,0.02,0.05,0.5,0.5,0.5,cov,trace,max,0.022366999999999998
throttle_scans,2,0.02,0.05,0.5,0.5,0.5,cov,trace,rmse,0.005947039214469643
throttle_scans,2,0.02,0.05,0.5,0.5,0.5,cov,det,mean,3.4887542598581553e-10
throttle_scans,2,0.02,0.05,0.5,0.5,0.5,cov,det,std_dev,3.694654442409598e-10
throttle_scans,2,0.02,0.05,0.5,0.5,0.5,cov,det,median,2.582577439999995e-10
throttle_scans,2,0.02,0.05,0.5,0.5,0.5,cov,det,min,6.466004400000005e-11
throttle_scans,2,0.02,0.05,0.5,0.5,0.5,cov,det,max,3.5237455459999975e-09
throttle_scans,2,0.02,0.05,0.5,0.5,0.5,cov,det,rmse,5.081523170713226e-10
throttle_scans,3,0.02,0.05,0.5,0.5,0.5,traj,APE,mean,0.07354892735427718
throttle_scans,3,0.02,0.05,0.5,0.5,0.5,traj,APE,std_dev,0.056249546904630424
throttle_scans,3,0.02,0.05,0.5,0.5,0.5,traj,APE,median,0.05901950925931669
throttle_scans,3,0.02,0.05,0.5,0.5,0.5,traj,APE,min,5.421010862427522e-20
throttle_scans,3,0.02,0.05,0.5,0.5,0.5,traj,APE,max,0.26995396477893274
throttle_scans,3,0.02,0.05,0.5,0.5,0.5,traj,APE,rmse,0.09259296000204854
throttle_scans,3,0.02,0.05,0.5,0.5,0.5,traj,RPE,mean,0.048675018288467604
throttle_scans,3,0.02,0.05,0.5,0.5,0.5,traj,RPE,std_dev,0.028614679021829407
throttle_scans,3,0.02,0.05,0.5,0.5,0.5,traj,RPE,median,0.0420820664697828
throttle_scans,3,0.02,0.05,0.5,0.5,0.5,traj,RPE,min,0.0120713850111007
throttle_scans,3,0.02,0.05,0.5,0.5,0.5,traj,RPE,max,0.16766103441570532
throttle_scans,3,0.02,0.05,0.5,0.5,0.5,traj,RPE,rmse,0.05646288392302486
throttle_scans,3,0.02,0.05,0.5,0.5,0.5,traj,num associated poses,mean,27.6
throttle_scans,3,0.02,0.05,0.5,0.5,0.5,traj,num associated poses,std_dev,0.4898979485566356
throttle_scans,3,0.02,0.05,0.5,0.5,0.5,traj,num associated poses,median,28.0
throttle_scans,3,0.02,0.05,0.5,0.5,0.5,traj,num associated poses,min,27.0
throttle_scans,3,0.02,0.05,0.5,0.5,0.5,traj,num associated poses,max,28.0
throttle_scans,3,0.02,0.05,0.5,0.5,0.5,traj,num gt poses,mean,172.8
throttle_scans,3,0.02,0.05,0.5,0.5,0.5,traj,num gt poses,std_dev,2.7129319932501073
throttle_scans,3,0.02,0.05,0.5,0.5,0.5,traj,num gt poses,median,173.0
throttle_scans,3,0.02,0.05,0.5,0.5,0.5,traj,num gt poses,min,169.0
throttle_scans,3,0.02,0.05,0.5,0.5,0.5,traj,num gt poses,max,177.0
throttle_scans,3,0.02,0.05,0.5,0.5,0.5,traj,odom accum path length (m),mean,11.492835199999998
throttle_scans,3,0.02,0.05,0.5,0.5,0.5,traj,odom accum path length (m),std_dev,0.028657885612166065
throttle_scans,3,0.02,0.05,0.5,0.5,0.5,traj,odom accum path length (m),median,11.489805
throttle_scans,3,0.02,0.05,0.5,0.5,0.5,traj,odom accum path length (m),min,11.453598
throttle_scans,3,0.02,0.05,0.5,0.5,0.5,traj,odom accum path length (m),max,11.536691
throttle_scans,3,0.02,0.05,0.5,0.5,0.5,traj,total rotation (rad),mean,9.560140399999998
throttle_scans,3,0.02,0.05,0.5,0.5,0.5,traj,total rotation (rad),std_dev,0.5244840476340912
throttle_scans,3,0.02,0.05,0.5,0.5,0.5,traj,total rotation (rad),median,9.561175
throttle_scans,3,0.02,0.05,0.5,0.5,0.5,traj,total rotation (rad),min,8.829426
throttle_scans,3,0.02,0.05,0.5,0.5,0.5,traj,total rotation (rad),max,10.371626
throttle_scans,3,0.02,0.05,0.5,0.5,0.5,traj,duration (s),mean,23.682
throttle_scans,3,0.02,0.05,0.5,0.5,0.5,traj,duration (s),std_dev,0.3077713436952825
throttle_scans,3,0.02,0.05,0.5,0.5,0.5,traj,duration (s),median,23.583999999999996
throttle_scans,3,0.02,0.05,0.5,0.5,0.5,traj,duration (s),min,23.394
throttle_scans,3,0.02,0.05,0.5,0.5,0.5,traj,duration (s),max,24.267999999999997
throttle_scans,3,0.02,0.05,0.5,0.5,0.5,completion,successes,count,5.0
throttle_scans,3,0.02,0.05,0.5,0.5,0.5,completion,failures,count,0.0
throttle_scans,3,0.02,0.05,0.5,0.5,0.5,completion,errors,count,0.0
throttle_scans,3,0.02,0.05,0.5,0.5,0.5,completion,data or metrics missing,count,0.0
throttle_scans,3,0.02,0.05,0.5,0.5,0.5,latency,latency,mean,0.0054565217391304354
throttle_scans,3,0.02,0.05,0.5,0.5,0.5,latency,latency,std_dev,0.0033081357007754084
throttle_scans,3,0.02,0.05,0.5,0.5,0.5,latency,latency,median,0.005
throttle_scans,3,0.02,0.05,0.5,0.5,0.5,latency,latency,min,0.0
throttle_scans,3,0.02,0.05,0.5,0.5,0.5,latency,latency,max,0.017
throttle_scans,3,0.02,0.05,0.5,0.5,0.5,cov,trace,mean,0.005500832167832167
throttle_scans,3,0.02,0.05,0.5,0.5,0.5,cov,trace,std_dev,0.0020463281254498723
throttle_scans,3,0.02,0.05,0.5,0.5,0.5,cov,trace,median,0.0049169999999999995
throttle_scans,3,0.02,0.05,0.5,0.5,0.5,cov,trace,min,0.002542
throttle_scans,3,0.02,0.05,0.5,0.5,0.5,cov,trace,max,0.021851
throttle_scans,3,0.02,0.05,0.5,0.5,0.5,cov,trace,rmse,0.0058691237280930056
throttle_scans,3,0.02,0.05,0.5,0.5,0.5,cov,det,mean,3.4574148960139837e-10
throttle_scans,3,0.02,0.05,0.5,0.5,0.5,cov,det,std_dev,3.824398166212911e-10
throttle_scans,3,0.02,0.05,0.5,0.5,0.5,cov,det,median,2.436658e-10
throttle_scans,3,0.02,0.05,0.5,0.5,0.5,cov,det,min,5.460535999999991e-11
throttle_scans,3,0.02,0.05,0.5,0.5,0.5,cov,det,max,3.6643424779999952e-09
throttle_scans,3,0.02,0.05,0.5,0.5,0.5,cov,det,rmse,5.15555419881433e-10
throttle_scans,4,0.02,0.05,0.5,0.5,0.5,traj,APE,mean,0.06301606462475758
throttle_scans,4,0.02,0.05,0.5,0.5,0.5,traj,APE,std_dev,0.03818146788461325
throttle_scans,4,0.02,0.05,0.5,0.5,0.5,traj,APE,median,0.05271146743003512
throttle_scans,4,0.02,0.05,0.5,0.5,0.5,traj,APE,min,5.421010862427522e-20
throttle_scans,4,0.02,0.05,0.5,0.5,0.5,traj,APE,max,0.19651130476064402
throttle_scans,4,0.02,0.05,0.5,0.5,0.5,traj,APE,rmse,0.07368072265264079
throttle_scans,4,0.02,0.05,0.5,0.5,0.5,traj,RPE,mean,0.05572322880173021
throttle_scans,4,0.02,0.05,0.5,0.5,0.5,traj,RPE,std_dev,0.04124742211891347
throttle_scans,4,0.02,0.05,0.5,0.5,0.5,traj,RPE,median,0.04331021071723125
throttle_scans,4,0.02,0.05,0.5,0.5,0.5,traj,RPE,min,0.0076678910871772225
throttle_scans,4,0.02,0.05,0.5,0.5,0.5,traj,RPE,max,0.23834565681177491
throttle_scans,4,0.02,0.05,0.5,0.5,0.5,traj,RPE,rmse,0.06932840730570555
throttle_scans,4,0.02,0.05,0.5,0.5,0.5,traj,num associated poses,mean,29.6
throttle_scans,4,0.02,0.05,0.5,0.5,0.5,traj,num associated poses,std_dev,5.238320341483518
throttle_scans,4,0.02,0.05,0.5,0.5,0.5,traj,num associated poses,median,27.0
throttle_scans,4,0.02,0.05,0.5,0.5,0.5,traj,num associated poses,min,26.0
throttle_scans,4,0.02,0.05,0.5,0.5,0.5,traj,num associated poses,max,40.0
throttle_scans,4,0.02,0.05,0.5,0.5,0.5,traj,num gt poses,mean,187.6
throttle_scans,4,0.02,0.05,0.5,0.5,0.5,traj,num gt poses,std_dev,25.85033848907979
throttle_scans,4,0.02,0.05,0.5,0.5,0.5,traj,num gt poses,median,174.0
throttle_scans,4,0.02,0.05,0.5,0.5,0.5,traj,num gt poses,min,172.0
throttle_scans,4,0.02,0.05,0.5,0.5,0.5,traj,num gt poses,max,239.0
throttle_scans,4,0.02,0.05,0.5,0.5,0.5,traj,odom accum path length (m),mean,11.9711384
throttle_scans,4,0.02,0.05,0.5,0.5,0.5,traj,odom accum path length (m),std_dev,0.9802973000676071
throttle_scans,4,0.02,0.05,0.5,0.5,0.5,traj,odom accum path length (m),median,11.491813
throttle_scans,4,0.02,0.05,0.5,0.5,0.5,traj,odom accum path length (m),min,11.407311
throttle_scans,4,0.02,0.05,0.5,0.5,0.5,traj,odom accum path length (m),max,13.929019
throttle_scans,4,0.02,0.05,0.5,0.5,0.5,traj,total rotation (rad),mean,11.2262536
throttle_scans,4,0.02,0.05,0.5,0.5,0.5,traj,total rotation (rad),std_dev,3.5278704851910088
throttle_scans,4,0.02,0.05,0.5,0.5,0.5,traj,total rotation (rad),median,9.744089
throttle_scans,4,0.02,0.05,0.5,0.5,0.5,traj,total rotation (rad),min,8.827425
throttle_scans,4,0.02,0.05,0.5,0.5,0.5,traj,total rotation (rad),max,18.195322
throttle_scans,4,0.02,0.05,0.5,0.5,0.5,traj,duration (s),mean,25.6872
throttle_scans,4,0.02,0.05,0.5,0.5,0.5,traj,duration (s),std_dev,3.5597246747466276
throttle_scans,4,0.02,0.05,0.5,0.5,0.5,traj,duration (s),median,23.689
throttle_scans,4,0.02,0.05,0.5,0.5,0.5,traj,duration (s),min,23.676000000000002
throttle_scans,4,0.02,0.05,0.5,0.5,0.5,traj,duration (s),max,32.769999999999996
throttle_scans,4,0.02,0.05,0.5,0.5,0.5,completion,successes,count,5.0
throttle_scans,4,0.02,0.05,0.5,0.5,0.5,completion,failures,count,0.0
throttle_scans,4,0.02,0.05,0.5,0.5,0.5,completion,errors,count,0.0
throttle_scans,4,0.02,0.05,0.5,0.5,0.5,completion,data or metrics missing,count,0.0
throttle_scans,4,0.02,0.05,0.5,0.5,0.5,latency,latency,mean,0.005810810810810811
throttle_scans,4,0.02,0.05,0.5,0.5,0.5,latency,latency,std_dev,0.0037023574508598146
throttle_scans,4,0.02,0.05,0.5,0.5,0.5,latency,latency,median,0.004
throttle_scans,4,0.02,0.05,0.5,0.5,0.5,latency,latency,min,0.0
throttle_scans,4,0.02,0.05,0.5,0.5,0.5,latency,latency,max,0.02
throttle_scans,4,0.02,0.05,0.5,0.5,0.5,cov,trace,mean,0.005645398692810458
throttle_scans,4,0.02,0.05,0.5,0.5,0.5,cov,trace,std_dev,0.0023138938501021983
throttle_scans,4,0.02,0.05,0.5,0.5,0.5,cov,trace,median,0.004988
throttle_scans,4,0.02,0.05,0.5,0.5,0.5,cov,trace,min,0.002953
throttle_scans,4,0.02,0.05,0.5,0.5,0.5,cov,trace,max,0.021134
throttle_scans,4,0.02,0.05,0.5,0.5,0.5,cov,trace,rmse,0.006101199156749991
throttle_scans,4,0.02,0.05,0.5,0.5,0.5,cov,det,mean,3.509241771960784e-10
throttle_scans,4,0.02,0.05,0.5,0.5,0.5,cov,det,std_dev,2.969598382144001e-10
throttle_scans,4,0.02,0.05,0.5,0.5,0.5,cov,det,median,2.354955600000002e-10
throttle_scans,4,0.02,0.05,0.5,0.5,0.5,cov,det,min,8.474156599999992e-11
throttle_scans,4,0.02,0.05,0.5,0.5,0.5,cov,det,max,2.3249659020000024e-09
throttle_scans,4,0.02,0.05,0.5,0.5,0.5,cov,det,rmse,4.597096079625347e-10
throttle_scans,5,0.02,0.05,0.5,0.5,0.5,traj,APE,mean,0.0799296822108336
throttle_scans,5,0.02,0.05,0.5,0.5,0.5,traj,APE,std_dev,0.054169611213716676
throttle_scans,5,0.02,0.05,0.5,0.5,0.5,traj,APE,median,0.06135710074116615
throttle_scans,5,0.02,0.05,0.5,0.5,0.5,traj,APE,min,5.421010862427522e-20
throttle_scans,5,0.02,0.05,0.5,0.5,0.5,traj,APE,max,0.2466596255812461
throttle_scans,5,0.02,0.05,0.5,0.5,0.5,traj,APE,rmse,0.09655620579419051
throttle_scans,5,0.02,0.05,0.5,0.5,0.5,traj,RPE,mean,0.05613771275517932
throttle_scans,5,0.02,0.05,0.5,0.5,0.5,traj,RPE,std_dev,0.036299796409397116
throttle_scans,5,0.02,0.05,0.5,0.5,0.5,traj,RPE,median,0.04527676984069705
throttle_scans,5,0.02,0.05,0.5,0.5,0.5,traj,RPE,min,0.013927425432423294
throttle_scans,5,0.02,0.05,0.5,0.5,0.5,traj,RPE,max,0.17729620375067176
throttle_scans,5,0.02,0.05,0.5,0.5,0.5,traj,RPE,rmse,0.06685146230821508
throttle_scans,5,0.02,0.05,0.5,0.5,0.5,traj,num associated poses,mean,27.6
throttle_scans,5,0.02,0.05,0.5,0.5,0.5,traj,num associated poses,std_dev,0.4898979485566356
throttle_scans,5,0.02,0.05,0.5,0.5,0.5,traj,num associated poses,median,28.0
throttle_scans,5,0.02,0.05,0.5,0.5,0.5,traj,num associated poses,min,27.0
throttle_scans,5,0.02,0.05,0.5,0.5,0.5,traj,num associated poses,max,28.0
throttle_scans,5,0.02,0.05,0.5,0.5,0.5,traj,num gt poses,mean,174.4
throttle_scans,5,0.02,0.05,0.5,0.5,0.5,traj,num gt poses,std_dev,3.4409301068170506
throttle_scans,5,0.02,0.05,0.5,0.5,0.5,traj,num gt poses,median,173.0
throttle_scans,5,0.02,0.05,0.5,0.5,0.5,traj,num gt poses,min,171.0
throttle_scans,5,0.02,0.05,0.5,0.5,0.5,traj,num gt poses,max,179.0
throttle_scans,5,0.02,0.05,0.5,0.5,0.5,traj,odom accum path length (m),mean,11.5684296
throttle_scans,5,0.02,0.05,0.5,0.5,0.5,traj,odom accum path length (m),std_dev,0.06460094128292553
throttle_scans,5,0.02,0.05,0.5,0.5,0.5,traj,odom accum path length (m),median,11.585927
throttle_scans,5,0.02,0.05,0.5,0.5,0.5,traj,odom accum path length (m),min,11.487808
throttle_scans,5,0.02,0.05,0.5,0.5,0.5,traj,odom accum path length (m),max,11.647198
throttle_scans,5,0.02,0.05,0.5,0.5,0.5,traj,total rotation (rad),mean,9.5680072
throttle_scans,5,0.02,0.05,0.5,0.5,0.5,traj,total rotation (rad),std_dev,0.16874474006309098
throttle_scans,5,0.02,0.05,0.5,0.5,0.5,traj,total rotation (rad),median,9.566384
throttle_scans,5,0.02,0.05,0.5,0.5,0.5,traj,total rotation (rad),min,9.283703
throttle_scans,5,0.02,0.05,0.5,0.5,0.5,traj,total rotation (rad),max,9.804562
throttle_scans,5,0.02,0.05,0.5,0.5,0.5,traj,duration (s),mean,23.923000000000002
throttle_scans,5,0.02,0.05,0.5,0.5,0.5,traj,duration (s),std_dev,0.372500201342228
throttle_scans,5,0.02,0.05,0.5,0.5,0.5,traj,duration (s),median,23.71
throttle_scans,5,0.02,0.05,0.5,0.5,0.5,traj,duration (s),min,23.503
throttle_scans,5,0.02,0.05,0.5,0.5,0.5,traj,duration (s),max,24.374000000000002
throttle_scans,5,0.02,0.05,0.5,0.5,0.5,completion,successes,count,5.0
throttle_scans,5,0.02,0.05,0.5,0.5,0.5,completion,failures,count,0.0
throttle_scans,5,0.02,0.05,0.5,0.5,0.5,completion,errors,count,0.0
throttle_scans,5,0.02,0.05,0.5,0.5,0.5,completion,data or metrics missing,count,0.0
throttle_scans,5,0.02,0.05,0.5,0.5,0.5,latency,latency,mean,0.0036666666666666666
throttle_scans,5,0.02,0.05,0.5,0.5,0.5,latency,latency,std_dev,0.0031261712780817656
throttle_scans,5,0.02,0.05,0.5,0.5,0.5,latency,latency,median,0.003
throttle_scans,5,0.02,0.05,0.5,0.5,0.5,latency,latency,min,0.0
throttle_scans,5,0.02,0.05,0.5,0.5,0.5,latency,latency,max,0.024
throttle_scans,5,0.02,0.05,0.5,0.5,0.5,cov,trace,mean,0.005975119718309859
throttle_scans,5,0.02,0.05,0.5,0.5,0.5,cov,trace,std_dev,0.0028351742909943677
throttle_scans,5,0.02,0.05,0.5,0.5,0.5,cov,trace,median,0.0051389999999999995
throttle_scans,5,0.02,0.05,0.5,0.5,0.5,cov,trace,min,0.0029400000000000003
throttle_scans,5,0.02,0.05,0.5,0.5,0.5,cov,trace,max,0.022758
throttle_scans,5,0.02,0.05,0.5,0.5,0.5,cov,trace,rmse,0.006613642635375055
throttle_scans,5,0.02,0.05,0.5,0.5,0.5,cov,det,mean,4.160534036760561e-10
throttle_scans,5,0.02,0.05,0.5,0.5,0.5,cov,det,std_dev,3.5112364911588537e-10
throttle_scans,5,0.02,0.05,0.5,0.5,0.5,cov,det,median,3.1916775900000026e-10
throttle_scans,5,0.02,0.05,0.5,0.5,0.5,cov,det,min,9.007928099999995e-11
throttle_scans,5,0.02,0.05,0.5,0.5,0.5,cov,det,max,1.9089765720000036e-09
throttle_scans,5,0.02,0.05,0.5,0.5,0.5,cov,det,rmse,5.44415513811727e-10
map_update_interval,1,0.0070710678118654745,0.05,0.5,0.5,0.5,traj,APE,mean,0.0601993430019209
map_update_interval,1,0.0070710678118654745,0.05,0.5,0.5,0.5,traj,APE,std_dev,0.04185048252124303
map_update_interval,1,0.0070710678118654745,0.05,0.5,0.5,0.5,traj,APE,median,0.04984770432868828
map_update_interval,1,0.0070710678118654745,0.05,0.5,0.5,0.5,traj,APE,min,5.421010862427522e-20
map_update_interval,1,0.0070710678118654745,0.05,0.5,0.5,0.5,traj,APE,max,0.2352569976437473
map_update_interval,1,0.0070710678118654745,0.05,0.5,0.5,0.5,traj,APE,rmse,0.07331728162666556
map_update_interval,1,0.0070710678118654745,0.05,0.5,0.5,0.5,traj,RPE,mean,0.05346512075482342
map_update_interval,1,0.0070710678118654745,0.05,0.5,0.5,0.5,traj,RPE,std_dev,0.03229050557640586
map_update_interval,1,0.0070710678118654745,0.05,0.5,0.5,0.5,traj,RPE,median,0.044603280652919304
map_update_interval,1,0.0070710678118654745,0.05,0.5,0.5,0.5,traj,RPE,min,0.013849741811403056
map_update_interval,1,0.0070710678118654745,0.05,0.5,0.5,0.5,traj,RPE,max,0.16150407097788638
map_update_interval,1,0.0070710678118654745,0.05,0.5,0.5,0.5,traj,RPE,rmse,0.06245955401464012
map_update_interval,1,0.0070710678118654745,0.05,0.5,0.5,0.5,traj,num associated poses,mean,24.6
map_update_interval,1,0.0070710678118654745,0.05,0.5,0.5,0.5,traj,num associated poses,std_dev,5.851495535331117
map_update_interval,1,0.0070710678118654745,0.05,0.5,0.5,0.5,traj,num associated poses,median,27.0
map_update_interval,1,0.0070710678118654745,0.05,0.5,0.5,0.5,traj,num associated poses,min,13.0
map_update_interval,1,0.0070710678118654745,0.05,0.5,0.5,0.5,traj,num associated poses,max,29.0
map_update_interval,1,0.0070710678118654745,0.05,0.5,0.5,0.5,traj,num gt poses,mean,164.0
map_update_interval,1,0.0070710678118654745,0.05,0.5,0.5,0.5,traj,num gt poses,std_dev,19.62651268055535
map_update_interval,1,0.0070710678118654745,0.05,0.5,0.5,0.5,traj,num gt poses,median,173.0
map_update_interval,1,0.0070710678118654745,0.05,0.5,0.5,0.5,traj,num gt poses,min,125.0
map_update_interval,1,0.0070710678118654745,0.05,0.5,0.5,0.5,traj,num gt poses,max,176.0
map_update_interval,1,0.0070710678118654745,0.05,0.5,0.5,0.5,traj,odom accum path length (m),mean,10.377188799999999
map_update_interval,1,0.0070710678118654745,0.05,0.5,0.5,0.5,traj,odom accum path length (m),std_dev,2.34226196505595
map_update_interval,1,0.0070710678118654745,0.05,0.5,0.5,0.5,traj,odom accum path length (m),median,11.528945
map_update_interval,1,0.0070710678118654745,0.05,0.5,0.5,0.5,traj,odom accum path length (m),min,5.693712
map_update_interval,1,0.0070710678118654745,0.05,0.5,0.5,0.5,traj,odom accum path length (m),max,11.600792
map_update_interval,1,0.0070710678118654745,0.05,0.5,0.5,0.5,traj,total rotation (rad),mean,8.665057999999998
map_update_interval,1,0.0070710678118654745,0.05,0.5,0.5,0.5,traj,total rotation (rad),std_dev,2.090979763206713
map_update_interval,1,0.0070710678118654745,0.05,0.5,0.5,0.5,traj,total rotation (rad),median,9.578809
map_update_interval,1,0.0070710678118654745,0.05,0.5,0.5,0.5,traj,total rotation (rad),min,4.499343
map_update_interval,1,0.0070710678118654745,0.05,0.5,0.5,0.5,traj,total rotation (rad),max,10.05791
map_update_interval,1,0.0070710678118654745,0.05,0.5,0.5,0.5,traj,duration (s),mean,22.4198
map_update_interval,1,0.0070710678118654745,0.05,0.5,0.5,0.5,traj,duration (s),std_dev,2.711949217813639
map_update_interval,1,0.0070710678118654745,0.05,0.5,0.5,0.5,traj,duration (s),median,23.691000000000003
map_update_interval,1,0.0070710678118654745,0.05,0.5,0.5,0.5,traj,duration (s),min,17.022999999999996
map_update_interval,1,0.0070710678118654745,0.05,0.5,0.5,0.5,traj,duration (s),max,24.075
map_update_interval,1,0.0070710678118654745,0.05,0.5,0.5,0.5,completion,successes,count,4.0
map_update_interval,1,0.0070710678118654745,0.05,0.5,0.5,0.5,completion,failures,count,1.0
map_update_interval,1,0.0070710678118654745,0.05,0.5,0.5,0.5,completion,errors,count,0.0
map_update_interval,1,0.0070710678118654745,0.05,0.5,0.5,0.5,completion,data or metrics missing,count,0.0
map_update_interval,1,0.0070710678118654745,0.05,0.5,0.5,0.5,latency,latency,mean,0.002772357723577236
map_update_interval,1,0.0070710678118654745,0.05,0.5,0.5,0.5,latency,latency,std_dev,0.0010805976073946363
map_update_interval,1,0.0070710678118654745,0.05,0.5,0.5,0.5,latency,latency,median,0.003
map_update_interval,1,0.0070710678118654745,0.05,0.5,0.5,0.5,latency,latency,min,0.0
map_update_interval,1,0.0070710678118654745,0.05,0.5,0.5,0.5,latency,latency,max,0.008
map_update_interval,1,0.0070710678118654745,0.05,0.5,0.5,0.5,cov,trace,mean,0.005672428571428572
map_update_interval,1,0.0070710678118654745,0.05,0.5,0.5,0.5,cov,trace,std_dev,0.0022211040348859954
map_update_interval,1,0.0070710678118654745,0.05,0.5,0.5,0.5,cov,trace,median,0.004992
map_update_interval,1,0.0070710678118654745,0.05,0.5,0.5,0.5,cov,trace,min,0.002961
map_update_interval,1,0.0070710678118654745,0.05,0.5,0.5,0.5,cov,trace,max,0.020699
map_update_interval,1,0.0070710678118654745,0.05,0.5,0.5,0.5,cov,trace,rmse,0.006091777165306199
map_update_interval,1,0.0070710678118654745,0.05,0.5,0.5,0.5,cov,det,mean,3.587300762460318e-10
map_update_interval,1,0.0070710678118654745,0.05,0.5,0.5,0.5,cov,det,std_dev,4.027290594923242e-10
map_update_interval,1,0.0070710678118654745,0.05,0.5,0.5,0.5,cov,det,median,2.477665934999997e-10
map_update_interval,1,0.0070710678118654745,0.05,0.5,0.5,0.5,cov,det,min,6.989027499999994e-11
map_update_interval,1,0.0070710678118654745,0.05,0.5,0.5,0.5,cov,det,max,3.761393029999998e-09
map_update_interval,1,0.0070710678118654745,0.05,0.5,0.5,0.5,cov,det,rmse,5.393310328203411e-10
map_update_interval,1,0.01,0.05,0.5,0.5,0.5,traj,APE,mean,0.06602916055831692
map_update_interval,1,0.01,0.05,0.5,0.5,0.5,traj,APE,std_dev,0.039086201128147154
map_update_interval,1,0.01,0.05,0.5,0.5,0.5,traj,APE,median,0.05725302028647895
map_update_interval,1,0.01,0.05,0.5,0.5,0.5,traj,APE,min,9.215718466126788e-19
map_update_interval,1,0.01,0.05,0.5,0.5,0.5,traj,APE,max,0.19522236405234009
map_update_interval,1,0.01,0.05,0.5,0.5,0.5,traj,APE,rmse,0.0767305751488021
map_update_interval,1,0.01,0.05,0.5,0.5,0.5,traj,RPE,mean,0.051672199816203676
map_update_interval,1,0.01,0.05,0.5,0.5,0.5,traj,RPE,std_dev,0.027322629336675987
map_update_interval,1,0.01,0.05,0.5,0.5,0.5,traj,RPE,median,0.04812120880687273
map_update_interval,1,0.01,0.05,0.5,0.5,0.5,traj,RPE,min,0.01153592840298142
map_update_interval,1,0.01,0.05,0.5,0.5,0.5,traj,RPE,max,0.14263970574403212
map_update_interval,1,0.01,0.05,0.5,0.5,0.5,traj,RPE,rmse,0.05845119594768841
map_update_interval,1,0.01,0.05,0.5,0.5,0.5,traj,num associated poses,mean,28.8
map_update_interval,1,0.01,0.05,0.5,0.5,0.5,traj,num associated poses,std_dev,1.5999999999999999
map_update_interval,1,0.01,0.05,0.5,0.5,0.5,traj,num associated poses,median,28.0
map_update_interval,1,0.01,0.05,0.5,0.5,0.5,traj,num associated poses,min,28.0
map_update_interval,1,0.01,0.05,0.5,0.5,0.5,traj,num associated poses,max,32.0
map_update_interval,1,0.01,0.05,0.5,0.5,0.5,traj,num gt poses,mean,181.0
map_update_interval,1,0.01,0.05,0.5,0.5,0.5,traj,num gt poses,std_dev,7.3484692283495345
map_update_interval,1,0.01,0.05,0.5,0.5,0.5,traj,num gt poses,median,177.0
map_update_interval,1,0.01,0.05,0.5,0.5,0.5,traj,num gt poses,min,174.0
map_update_interval,1,0.01,0.05,0.5,0.5,0.5,traj,num gt poses,max,193.0
map_update_interval,1,0.01,0.05,0.5,0.5,0.5,traj,odom accum path length (m),mean,11.7438818
map_update_interval,1,0.01,0.05,0.5,0.5,0.5,traj,odom accum path length (m),std_dev,0.2602258478502084
map_update_interval,1,0.01,0.05,0.5,0.5,0.5,traj,odom accum path length (m),median,11.652535
map_update_interval,1,0.01,0.05,0.5,0.5,0.5,traj,odom accum path length (m),min,11.563349
map_update_interval,1,0.01,0.05,0.5,0.5,0.5,traj,odom accum path length (m),max,12.25668
map_update_interval,1,0.01,0.05,0.5,0.5,0.5,traj,total rotation (rad),mean,10.4052232
map_update_interval,1,0.01,0.05,0.5,0.5,0.5,traj,total rotation (rad),std_dev,0.9308099683096221
map_update_interval,1,0.01,0.05,0.5,0.5,0.5,traj,total rotation (rad),median,10.228696
map_update_interval,1,0.01,0.05,0.5,0.5,0.5,traj,total rotation (rad),min,9.364948
map_update_interval,1,0.01,0.05,0.5,0.5,0.5,traj,total rotation (rad),max,12.016383
map_update_interval,1,0.01,0.05,0.5,0.5,0.5,traj,duration (s),mean,24.813799999999997
map_update_interval,1,0.01,0.05,0.5,0.5,0.5,traj,duration (s),std_dev,0.9832463373946537
map_update_interval,1,0.01,0.05,0.5,0.5,0.5,traj,duration (s),median,24.090999999999998
map_update_interval,1,0.01,0.05,0.5,0.5,0.5,traj,duration (s),min,23.967999999999996
map_update_interval,1,0.01,0.05,0.5,0.5,0.5,traj,duration (s),max,26.427
map_update_interval,1,0.01,0.05,0.5,0.5,0.5,completion,successes,count,5.0
map_update_interval,1,0.01,0.05,0.5,0.5,0.5,completion,failures,count,0.0
map_update_interval,1,0.01,0.05,0.5,0.5,0.5,completion,errors,count,0.0
map_update_interval,1,0.01,0.05,0.5,0.5,0.5,completion,data or metrics missing,count,0.0
map_update_interval,1,0.01,0.05,0.5,0.5,0.5,latency,latency,mean,0.004493055555555556
map_update_interval,1,0.01,0.05,0.5,0.5,0.5,latency,latency,std_dev,0.003996520236019528
map_update_interval,1,0.01,0.05,0.5,0.5,0.5,latency,latency,median,0.003
map_update_interval,1,0.01,0.05,0.5,0.5,0.5,latency,latency,min,0.0
map_update_interval,1,0.01,0.05,0.5,0.5,0.5,latency,latency,max,0.016
map_update_interval,1,0.01,0.05,0.5,0.5,0.5,cov,trace,mean,0.005605101351351352
map_update_interval,1,0.01,0.05,0.5,0.5,0.5,cov,trace,std_dev,0.0024155028762419864
map_update_interval,1,0.01,0.05,0.5,0.5,0.5,cov,trace,median,0.004933
map_update_interval,1,0.01,0.05,0.5,0.5,0.5,cov,trace,min,0.002609
map_update_interval,1,0.01,0.05,0.5,0.5,0.5,cov,trace,max,0.020811999999999997
map_update_interval,1,0.01,0.05,0.5,0.5,0.5,cov,trace,rmse,0.0061034265215577106
map_update_interval,1,0.01,0.05,0.5,0.5,0.5,cov,det,mean,4.1260244942567553e-10
map_update_interval,1,0.01,0.05,0.5,0.5,0.5,cov,det,std_dev,5.329512381202933e-10
map_update_interval,1,0.01,0.05,0.5,0.5,0.5,cov,det,median,2.698945169999996e-10
map_update_interval,1,0.01,0.05,0.5,0.5,0.5,cov,det,min,5.6359794000000036e-11
map_update_interval,1,0.01,0.05,0.5,0.5,0.5,cov,det,max,5.3116168579999955e-09
map_update_interval,1,0.01,0.05,0.5,0.5,0.5,cov,det,rmse,6.740013378963136e-10
map_update_interval,1,0.014142135623730952,0.05,0.5,0.5,0.5,traj,APE,mean,0.07468042099783569
map_update_interval,1,0.014142135623730952,0.05,0.5,0.5,0.5,traj,APE,std_dev,0.057821613898427965
map_update_interval,1,0.014142135623730952,0.05,0.5,0.5,0.5,traj,APE,median,0.05571593626856769
map_update_interval,1,0.014142135623730952,0.05,0.5,0.5,0.5,traj,APE,min,5.421010862427522e-20
map_update_interval,1,0.014142135623730952,0.05,0.5,0.5,0.5,traj,APE,max,0.28820915323948415
map_update_interval,1,0.014142135623730952,0.05,0.5,0.5,0.5,traj,APE,rmse,0.09444842144913199
map_update_interval,1,0.014142135623730952,0.05,0.5,0.5,0.5,traj,RPE,mean,0.05841915110948715
map_update_interval,1,0.014142135623730952,0.05,0.5,0.5,0.5,traj,RPE,std_dev,0.041401624689952884
map_update_interval,1,0.014142135623730952,0.05,0.5,0.5,0.5,traj,RPE,median,0.047164071326756436
map_update_interval,1,0.014142135623730952,0.05,0.5,0.5,0.5,traj,RPE,min,0.01117569238563474
map_update_interval,1,0.014142135623730952,0.05,0.5,0.5,0.5,traj,RPE,max,0.23277298619749012
map_update_interval,1,0.014142135623730952,0.05,0.5,0.5,0.5,traj,RPE,rmse,0.07160231660582504
map_update_interval,1,0.014142135623730952,0.05,0.5,0.5,0.5,traj,num associated poses,mean,27.8
map_update_interval,1,0.014142135623730952,0.05,0.5,0.5,0.5,traj,num associated poses,std_dev,0.7483314773547883
map_update_interval,1,0.014142135623730952,0.05,0.5,0.5,0.5,traj,num associated poses,median,28.0
map_update_interval,1,0.014142135623730952,0.05,0.5,0.5,0.5,traj,num associated poses,min,27.0
map_update_interval,1,0.014142135623730952,0.05,0.5,0.5,0.5,traj,num associated poses,max,29.0
map_update_interval,1,0.014142135623730952,0.05,0.5,0.5,0.5,traj,num gt poses,mean,175.2
map_update_interval,1,0.014142135623730952,0.05,0.5,0.5,0.5,traj,num gt poses,std_dev,4.578209256903839
map_update_interval,1,0.014142135623730952,0.05,0.5,0.5,0.5,traj,num gt poses,median,176.0
map_update_interval,1,0.014142135623730952,0.05,0.5,0.5,0.5,traj,num gt poses,min,169.0
map_update_interval,1,0.014142135623730952,0.05,0.5,0.5,0.5,traj,num gt poses,max,181.0
map_update_interval,1,0.014142135623730952,0.05,0.5,0.5,0.5,traj,odom accum path length (m),mean,11.568335399999999
map_update_interval,1,0.014142135623730952,0.05,0.5,0.5,0.5,traj,odom accum path length (m),std_dev,0.07037821505437615
map_update_interval,1,0.014142135623730952,0.05,0.5,0.5,0.5,traj,odom accum path length (m),median,11.585214
map_update_interval,1,0.014142135623730952,0.05,0.5,0.5,0.5,traj,odom accum path length (m),min,11.444331
map_update_interval,1,0.014142135623730952,0.05,0.5,0.5,0.5,traj,odom accum path length (m),max,11.660064
map_update_interval,1,0.014142135623730952,0.05,0.5,0.5,0.5,traj,total rotation (rad),mean,9.8764442
map_update_interval,1,0.014142135623730952,0.05,0.5,0.5,0.5,traj,total rotation (rad),std_dev,0.6947402642114249
map_update_interval,1,0.014142135623730952,0.05,0.5,0.5,0.5,traj,total rotation (rad),median,9.665584
map_update_interval,1,0.014142135623730952,0.05,0.5,0.5,0.5,traj,total rotation (rad),min,9.222591
map_update_interval,1,0.014142135623730952,0.05,0.5,0.5,0.5,traj,total rotation (rad),max,11.145827
map_update_interval,1,0.014142135623730952,0.05,0.5,0.5,0.5,traj,duration (s),mean,24.0386
map_update_interval,1,0.014142135623730952,0.05,0.5,0.5,0.5,traj,duration (s),std_dev,0.5746827298605727
map_update_interval,1,0.014142135623730952,0.05,0.5,0.5,0.5,traj,duration (s),median,24.075999999999997
map_update_interval,1,0.014142135623730952,0.05,0.5,0.5,0.5,traj,duration (s),min,23.349
map_update_interval,1,0.014142135623730952,0.05,0.5,0.5,0.5,traj,duration (s),max,24.877000000000002
map_update_interval,1,0.014142135623730952,0.05,0.5,0.5,0.5,completion,successes,count,5.0
map_update_interval,1,0.014142135623730952,0.05,0.5,0.5,0.5,completion,failures,count,0.0
map_update_interval,1,0.014142135623730952,0.05,0.5,0.5,0.5,completion,errors,count,0.0
map_update_interval,1,0.014142135623730952,0.05,0.5,0.5,0.5,completion,data or metrics missing,count,0.0
map_update_interval,1,0.014142135623730952,0.05,0.5,0.5,0.5,latency,latency,mean,0.007640287769784175
map_update_interval,1,0.014142135623730952,0.05,0.5,0.5,0.5,latency,latency,std_dev,0.005103260622576193
map_update_interval,1,0.014142135623730952,0.05,0.5,0.5,0.5,latency,latency,median,0.005
map_update_interval,1,0.014142135623730952,0.05,0.5,0.5,0.5,latency,latency,min,0.001
map_update_interval,1,0.014142135623730952,0.05,0.5,0.5,0.5,latency,latency,max,0.016
map_update_interval,1,0.014142135623730952,0.05,0.5,0.5,0.5,cov,trace,mean,0.005682736111111111
map_update_interval,1,0.014142135623730952,0.05,0.5,0.5,0.5,cov,trace,std_dev,0.0018413473780017082
map_update_interval,1,0.014142135623730952,0.05,0.5,0.5,0.5,cov,trace,median,0.0051945
map_update_interval,1,0.014142135623730952,0.05,0.5,0.5,0.5,cov,trace,min,0.003005
map_update_interval,1,0.014142135623730952,0.05,0.5,0.5,0.5,cov,trace,max,0.017455000000000002
map_update_interval,1,0.014142135623730952,0.05,0.5,0.5,0.5,cov,trace,rmse,0.005973612799219582
map_update_interval,1,0.014142135623730952,0.05,0.5,0.5,0.5,cov,det,mean,3.774667484583331e-10
map_update_interval,1,0.014142135623730952,0.05,0.5,0.5,0.5,cov,det,std_dev,3.0220349341000527e-10
map_update_interval,1,0.014142135623730952,0.05,0.5,0.5,0.5,cov,det,median,2.839514079999998e-10
map_update_interval,1,0.014142135623730952,0.05,0.5,0.5,0.5,cov,det,min,8.041105399999995e-11
map_update_interval,1,0.014142135623730952,0.05,0.5,0.5,0.5,cov,det,max,1.790525694999994e-09
map_update_interval,1,0.014142135623730952,0.05,0.5,0.5,0.5,cov,det,rmse,4.835370695416409e-10
map_update_interval,1,0.020000000000000004,0.05,0.5,0.5,0.5,traj,APE,mean,0.07186246057877516
map_update_interval,1,0.020000000000000004,0.05,0.5,0.5,0.5,traj,APE,std_dev,0.04540089132666352
map_update_interval,1,0.020000000000000004,0.05,0.5,0.5,0.5,traj,APE,median,0.05660789141146727
map_update_interval,1,0.020000000000000004,0.05,0.5,0.5,0.5,traj,APE,min,1.0842021724855044e-19
map_update_interval,1,0.020000000000000004,0.05,0.5,0.5,0.5,traj,APE,max,0.1785440383933601
map_update_interval,1,0.020000000000000004,0.05,0.5,0.5,0.5,traj,APE,rmse,0.08500267156796618
map_update_interval,1,0.020000000000000004,0.05,0.5,0.5,0.5,traj,RPE,mean,0.05057174403562705
map_update_interval,1,0.020000000000000004,0.05,0.5,0.5,0.5,traj,RPE,std_dev,0.030439539592183654
map_update_interval,1,0.020000000000000004,0.05,0.5,0.5,0.5,traj,RPE,median,0.04215186372669558
map_update_interval,1,0.020000000000000004,0.05,0.5,0.5,0.5,traj,RPE,min,0.013791546093061487
map_update_interval,1,0.020000000000000004,0.05,0.5,0.5,0.5,traj,RPE,max,0.18027364440525412
map_update_interval,1,0.020000000000000004,0.05,0.5,0.5,0.5,traj,RPE,rmse,0.05902598466259667
map_update_interval,1,0.020000000000000004,0.05,0.5,0.5,0.5,traj,num associated poses,mean,27.5
map_update_interval,1,0.020000000000000004,0.05,0.5,0.5,0.5,traj,num associated poses,std_dev,0.5
map_update_interval,1,0.020000000000000004,0.05,0.5,0.5,0.5,traj,num associated poses,median,27.5
map_update_interval,1,0.020000000000000004,0.05,0.5,0.5,0.5,traj,num associated poses,min,27.0
map_update_interval,1,0.020000000000000004,0.05,0.5,0.5,0.5,traj,num associated poses,max,28.0
map_update_interval,1,0.020000000000000004,0.05,0.5,0.5,0.5,traj,num gt poses,mean,172.5
map_update_interval,1,0.020000000000000004,0.05,0.5,0.5,0.5,traj,num gt poses,std_dev,3.5
map_update_interval,1,0.020000000000000004,0.05,0.5,0.5,0.5,traj,num gt poses,median,171.5
map_update_interval,1,0.020000000000000004,0.05,0.5,0.5,0.5,traj,num gt poses,min,169.0
map_update_interval,1,0.020000000000000004,0.05,0.5,0.5,0.5,traj,num gt poses,max,178.0
map_update_interval,1,0.020000000000000004,0.05,0.5,0.5,0.5,traj,odom accum path length (m),mean,11.505600000000001
map_update_interval,1,0.020000000000000004,0.05,0.5,0.5,0.5,traj,odom accum path length (m),std_dev,0.0617836618249517
map_update_interval,1,0.020000000000000004,0.05,0.5,0.5,0.5,traj,odom accum path length (m),median,11.5144465
map_update_interval,1,0.020000000000000004,0.05,0.5,0.5,0.5,traj,odom accum path length (m),min,11.414362
map_update_interval,1,0.020000000000000004,0.05,0.5,0.5,0.5,traj,odom accum path length (m),max,11.579145
map_update_interval,1,0.020000000000000004,0.05,0.5,0.5,0.5,traj,total rotation (rad),mean,9.308390750000001
map_update_interval,1,0.020000000000000004,0.05,0.5,0.5,0.5,traj,total rotation (rad),std_dev,0.3871652818044093
map_update_interval,1,0.020000000000000004,0.05,0.5,0.5,0.5,traj,total rotation (rad),median,9.182365
map_update_interval,1,0.020000000000000004,0.05,0.5,0.5,0.5,traj,total rotation (rad),min,8.916798
map_update_interval,1,0.020000000000000004,0.05,0.5,0.5,0.5,traj,total rotation (rad),max,9.952035
map_update_interval,1,0.020000000000000004,0.05,0.5,0.5,0.5,traj,duration (s),mean,23.667749999999998
map_update_interval,1,0.020000000000000004,0.05,0.5,0.5,0.5,traj,duration (s),std_dev,0.4311249093940206
map_update_interval,1,0.020000000000000004,0.05,0.5,0.5,0.5,traj,duration (s),median,23.494
map_update_interval,1,0.020000000000000004,0.05,0.5,0.5,0.5,traj,duration (s),min,23.291999999999998
map_update_interval,1,0.020000000000000004,0.05,0.5,0.5,0.5,traj,duration (s),max,24.391000000000005
map_update_interval,1,0.020000000000000004,0.05,0.5,0.5,0.5,completion,successes,count,4.0
map_update_interval,1,0.020000000000000004,0.05,0.5,0.5,0.5,completion,failures,count,0.0
map_update_interval,1,0.020000000000000004,0.05,0.5,0.5,0.5,completion,errors,count,1.0
map_update_interval,1,0.020000000000000004,0.05,0.5,0.5,0.5,completion,data or metrics missing,count,1.0
map_update_interval,1,0.020000000000000004,0.05,0.5,0.5,0.5,latency,latency,mean,0.0030636363636363643
map_update_interval,1,0.020000000000000004,0.05,0.5,0.5,0.5,latency,latency,std_dev,0.002461622793374222
map_update_interval,1,0.020000000000000004,0.05,0.5,0.5,0.5,latency,latency,median,0.003
map_update_interval,1,0.020000000000000004,0.05,0.5,0.5,0.5,latency,latency,min,0.0
map_update_interval,1,0.020000000000000004,0.05,0.5,0.5,0.5,latency,latency,max,0.015000000000000001
map_update_interval,1,0.020000000000000004,0.05,0.5,0.5,0.5,cov,trace,mean,0.0057196106194690255
map_update_interval,1,0.020000000000000004,0.05,0.5,0.5,0.5,cov,trace,std_dev,0.0024711169930854236
map_update_interval,1,0.020000000000000004,0.05,0.5,0.5,0.5,cov,trace,median,0.0049960000000000004
map_update_interval,1,0.020000000000000004,0.05,0.5,0.5,0.5,cov,trace,min,0.002813
map_update_interval,1,0.020000000000000004,0.05,0.5,0.5,0.5,cov,trace,max,0.022544
map_update_interval,1,0.020000000000000004,0.05,0.5,0.5,0.5,cov,trace,rmse,0.006230599074877022
map_update_interval,1,0.020000000000000004,0.05,0.5,0.5,0.5,cov,det,mean,3.553554223716813e-10
map_update_interval,1,0.020000000000000004,0.05,0.5,0.5,0.5,cov,det,std_dev,3.134186291354351e-10
map_update_interval,1,0.020000000000000004,0.05,0.5,0.5,0.5,cov,det,median,2.3895771200000035e-10
map_update_interval,1,0.020000000000000004,0.05,0.5,0.5,0.5,cov,det,min,5.868662699999994e-11
map_update_interval,1,0.020000000000000004,0.05,0.5,0.5,0.5,cov,det,max,1.9515352199999982e-09
map_update_interval,1,0.020000000000000004,0.05,0.5,0.5,0.5,cov,det,rmse,4.738235043748795e-10
map_update_interval,1,0.02828427124746191,0.05,0.5,0.5,0.5,traj,APE,mean,0.07507169049506718
map_update_interval,1,0.02828427124746191,0.05,0.5,0.5,0.5,traj,APE,std_dev,0.05353430253261496
map_update_interval,1,0.02828427124746191,0.05,0.5,0.5,0.5,traj,APE,median,0.05874943397690139
map_update_interval,1,0.02828427124746191,0.05,0.5,0.5,0.5,traj,APE,min,5.421010862427522e-20
map_update_interval,1,0.02828427124746191,0.05,0.5,0.5,0.5,traj,APE,max,0.24345152463314532
map_update_interval,1,0.02828427124746191,0.05,0.5,0.5,0.5,traj,APE,rmse,0.09220455661972841
map_update_interval,1,0.02828427124746191,0.05,0.5,0.5,0.5,traj,RPE,mean,0.05305782381725733
map_update_interval,1,0.02828427124746191,0.05,0.5,0.5,0.5,traj,RPE,std_dev,0.036527973830150405
map_update_interval,1,0.02828427124746191,0.05,0.5,0.5,0.5,traj,RPE,median,0.04012014461202214
map_update_interval,1,0.02828427124746191,0.05,0.5,0.5,0.5,traj,RPE,min,0.00916054013708241
map_update_interval,1,0.02828427124746191,0.05,0.5,0.5,0.5,traj,RPE,max,0.22494683909976254
map_update_interval,1,0.02828427124746191,0.05,0.5,0.5,0.5,traj,RPE,rmse,0.06441603480779666
map_update_interval,1,0.02828427124746191,0.05,0.5,0.5,0.5,traj,num associated poses,mean,27.4
map_update_interval,1,0.02828427124746191,0.05,0.5,0.5,0.5,traj,num associated poses,std_dev,0.7999999999999999
map_update_interval,1,0.02828427124746191,0.05,0.5,0.5,0.5,traj,num associated poses,median,28.0
map_update_interval,1,0.02828427124746191,0.05,0.5,0.5,0.5,traj,num associated poses,min,26.0
map_update_interval,1,0.02828427124746191,0.05,0.5,0.5,0.5,traj,num associated poses,max,28.0
map_update_interval,1,0.02828427124746191,0.05,0.5,0.5,0.5,traj,num gt poses,mean,174.6
map_update_interval,1,0.02828427124746191,0.05,0.5,0.5,0.5,traj,num gt poses,std_dev,3.4409301068170506
map_update_interval,1,0.02828427124746191,0.05,0.5,0.5,0.5,traj,num gt poses,median,173.0
map_update_interval,1,0.02828427124746191,0.05,0.5,0.5,0.5,traj,num gt poses,min,171.0
map_update_interval,1,0.02828427124746191,0.05,0.5,0.5,0.5,traj,num gt poses,max,181.0
map_update_interval,1,0.02828427124746191,0.05,0.5,0.5,0.5,traj,odom accum path length (m),mean,11.51453
map_update_interval,1,0.02828427124746191,0.05,0.5,0.5,0.5,traj,odom accum path length (m),std_dev,0.027346736441484606
map_update_interval,1,0.02828427124746191,0.05,0.5,0.5,0.5,traj,odom accum path length (m),median,11.503059
map_update_interval,1,0.02828427124746191,0.05,0.5,0.5,0.5,traj,odom accum path length (m),min,11.490965
map_update_interval,1,0.02828427124746191,0.05,0.5,0.5,0.5,traj,odom accum path length (m),max,11.563712
map_update_interval,1,0.02828427124746191,0.05,0.5,0.5,0.5,traj,total rotation (rad),mean,9.3673508
map_update_interval,1,0.02828427124746191,0.05,0.5,0.5,0.5,traj,total rotation (rad),std_dev,0.6261271756492929
map_update_interval,1,0.02828427124746191,0.05,0.5,0.5,0.5,traj,total rotation (rad),median,9.13429
map_update_interval,1,0.02828427124746191,0.05,0.5,0.5,0.5,traj,total rotation (rad),min,8.903901
map_update_interval,1,0.02828427124746191,0.05,0.5,0.5,0.5,traj,total rotation (rad),max,10.607777
map_update_interval,1,0.02828427124746191,0.05,0.5,0.5,0.5,traj,duration (s),mean,23.898200000000003
map_update_interval,1,0.02828427124746191,0.05,0.5,0.5,0.5,traj,duration (s),std_dev,0.4912426691564987
map_update_interval,1,0.02828427124746191,0.05,0.5,0.5,0.5,traj,duration (s),median,23.662
map_update_interval,1,0.02828427124746191,0.05,0.5,0.5,0.5,traj,duration (s),min,23.58
map_update_interval,1,0.02828427124746191,0.05,0.5,0.5,0.5,traj,duration (s),max,24.874000000000002
map_update_interval,1,0.02828427124746191,0.05,0.5,0.5,0.5,completion,successes,count,5.0
map_update_interval,1,0.02828427124746191,0.05,0.5,0.5,0.5,completion,failures,count,0.0
map_update_interval,1,0.02828427124746191,0.05,0.5,0.5,0.5,completion,errors,count,0.0
map_update_interval,1,0.02828427124746191,0.05,0.5,0.5,0.5,completion,data or metrics missing,count,0.0
map_update_interval,1,0.02828427124746191,0.05,0.5,0.5,0.5,latency,latency,mean,0.005620437956204379
map_update_interval,1,0.02828427124746191,0.05,0.5,0.5,0.5,latency,latency,std_dev,0.004104708684527648
map_update_interval,1,0.02828427124746191,0.05,0.5,0.5,0.5,latency,latency,median,0.004
map_update_interval,1,0.02828427124746191,0.05,0.5,0.5,0.5,latency,latency,min,0.0
map_update_interval,1,0.02828427124746191,0.05,0.5,0.5,0.5,latency,latency,max,0.017
map_update_interval,1,0.02828427124746191,0.05,0.5,0.5,0.5,cov,trace,mean,0.005589154929577465
map_update_interval,1,0.02828427124746191,0.05,0.5,0.5,0.5,cov,trace,std_dev,0.0020287589604629716
map_update_interval,1,0.02828427124746191,0.05,0.5,0.5,0.5,cov,trace,median,0.0051205
map_update_interval,1,0.02828427124746191,0.05,0.5,0.5,0.5,cov,trace,min,0.0027840000000000005
map_update_interval,1,0.02828427124746191,0.05,0.5,0.5,0.5,cov,trace,max,0.02229
map_update_interval,1,0.02828427124746191,0.05,0.5,0.5,0.5,cov,trace,rmse,0.005945966342528259
map_update_interval,1,0.02828427124746191,0.05,0.5,0.5,0.5,cov,det,mean,3.526866859999998e-10
map_update_interval,1,0.02828427124746191,0.05,0.5,0.5,0.5,cov,det,std_dev,3.586725756256855e-10
map_update_interval,1,0.02828427124746191,0.05,0.5,0.5,0.5,cov,det,median,2.589697540000001e-10
map_update_interval,1,0.02828427124746191,0.05,0.5,0.5,0.5,cov,det,min,5.8089288000000044e-11
map_update_interval,1,0.02828427124746191,0.05,0.5,0.5,0.5,cov,det,max,3.501806297999999e-09
map_update_interval,1,0.02828427124746191,0.05,0.5,0.5,0.5,cov,det,rmse,5.03024765779604e-10
map_update_interval,1,0.040000000000000015,0.05,0.5,0.5,0.5,traj,APE,mean,0.04782932856219767
map_update_interval,1,0.040000000000000015,0.05,0.5,0.5,0.5,traj,APE,std_dev,0.025874339810114454
map_update_interval,1,0.040000000000000015,0.05,0.5,0.5,0.5,traj,APE,median,0.04387113559678492
map_update_interval,1,0.040000000000000015,0.05,0.5,0.5,0.5,traj,APE,min,9.75781955236954e-19
map_update_interval,1,0.040000000000000015,0.05,0.5,0.5,0.5,traj,APE,max,0.12682989580651627
map_update_interval,1,0.040000000000000015,0.05,0.5,0.5,0.5,traj,APE,rmse,0.054379464242670976
map_update_interval,1,0.040000000000000015,0.05,0.5,0.5,0.5,traj,RPE,mean,0.05151676924253651
map_update_interval,1,0.040000000000000015,0.05,0.5,0.5,0.5,traj,RPE,std_dev,0.03378739710428167
map_update_interval,1,0.040000000000000015,0.05,0.5,0.5,0.5,traj,RPE,median,0.04232647624203545
map_update_interval,1,0.040000000000000015,0.05,0.5,0.5,0.5,traj,RPE,min,0.015731288769467073
map_update_interval,1,0.040000000000000015,0.05,0.5,0.5,0.5,traj,RPE,max,0.2295336141042364
map_update_interval,1,0.040000000000000015,0.05,0.5,0.5,0.5,traj,RPE,rmse,0.06160816274059126
map_update_interval,1,0.040000000000000015,0.05,0.5,0.5,0.5,traj,num associated poses,mean,28.0
map_update_interval,1,0.040000000000000015,0.05,0.5,0.5,0.5,traj,num associated poses,std_dev,0.0
map_update_interval,1,0.040000000000000015,0.05,0.5,0.5,0.5,traj,num associated poses,median,28.0
map_update_interval,1,0.040000000000000015,0.05,0.5,0.5,0.5,traj,num associated poses,min,28.0
map_update_interval,1,0.040000000000000015,0.05,0.5,0.5,0.5,traj,num associated poses,max,28.0
map_update_interval,1,0.040000000000000015,0.05,0.5,0.5,0.5,traj,num gt poses,mean,176.0
map_update_interval,1,0.040000000000000015,0.05,0.5,0.5,0.5,traj,num gt poses,std_dev,3.082207001484488
map_update_interval,1,0.040000000000000015,0.05,0.5,0.5,0.5,traj,num gt poses,median,176.5
map_update_interval,1,0.040000000000000015,0.05,0.5,0.5,0.5,traj,num gt poses,min,172.0
map_update_interval,1,0.040000000000000015,0.05,0.5,0.5,0.5,traj,num gt poses,max,179.0
map_update_interval,1,0.040000000000000015,0.05,0.5,0.5,0.5,traj,odom accum path length (m),mean,11.6450685
map_update_interval,1,0.040000000000000015,0.05,0.5,0.5,0.5,traj,odom accum path length (m),std_dev,0.10547820131548508
map_update_interval,1,0.040000000000000015,0.05,0.5,0.5,0.5,traj,odom accum path length (m),median,11.656483
map_update_interval,1,0.040000000000000015,0.05,0.5,0.5,0.5,traj,odom accum path length (m),min,11.517083
map_update_interval,1,0.040000000000000015,0.05,0.5,0.5,0.5,traj,odom accum path length (m),max,11.750225
map_update_interval,1,0.040000000000000015,0.05,0.5,0.5,0.5,traj,total rotation (rad),mean,9.941355000000001
map_update_interval,1,0.040000000000000015,0.05,0.5,0.5,0.5,traj,total rotation (rad),std_dev,0.4011673358350599
map_update_interval,1,0.040000000000000015,0.05,0.5,0.5,0.5,traj,total rotation (rad),median,9.854109000000001
map_update_interval,1,0.040000000000000015,0.05,0.5,0.5,0.5,traj,total rotation (rad),min,9.4754
map_update_interval,1,0.040000000000000015,0.05,0.5,0.5,0.5,traj,total rotation (rad),max,10.581802
map_update_interval,1,0.040000000000000015,0.05,0.5,0.5,0.5,traj,duration (s),mean,24.029
map_update_interval,1,0.040000000000000015,0.05,0.5,0.5,0.5,traj,duration (s),std_dev,0.40528816908466414
map_update_interval,1,0.040000000000000015,0.05,0.5,0.5,0.5,traj,duration (s),median,24.072500000000005
map_update_interval,1,0.040000000000000015,0.05,0.5,0.5,0.5,traj,duration (s),min,23.515
map_update_interval,1,0.040000000000000015,0.05,0.5,0.5,0.5,traj,duration (s),max,24.455999999999996
map_update_interval,1,0.040000000000000015,0.05,0.5,0.5,0.5,completion,successes,count,4.0
map_update_interval,1,0.040000000000000015,0.05,0.5,0.5,0.5,completion,failures,count,0.0
map_update_interval,1,0.040000000000000015,0.05,0.5,0.5,0.5,completion,errors,count,1.0
map_update_interval,1,0.040000000000000015,0.05,0.5,0.5,0.5,completion,data or metrics missing,count,1.0
map_update_interval,1,0.040000000000000015,0.05,0.5,0.5,0.5,latency,latency,mean,0.0056785714285714295
map_update_interval,1,0.040000000000000015,0.05,0.5,0.5,0.5,latency,latency,std_dev,0.005446516392734583
map_update_interval,1,0.040000000000000015,0.05,0.5,0.5,0.5,latency,latency,median,0.003
map_update_interval,1,0.040000000000000015,0.05,0.5,0.5,0.5,latency,latency,min,0.0
map_update_interval,1,0.040000000000000015,0.05,0.5,0.5,0.5,latency,latency,max,0.017
map_update_interval,1,0.040000000000000015,0.05,0.5,0.5,0.5,cov,trace,mean,0.005494387931034483
map_update_interval,1,0.040000000000000015,0.05,0.5,0.5,0.5,cov,trace,std_dev,0.0014142344936246562
map_update_interval,1,0.040000000000000015,0.05,0.5,0.5,0.5,cov,trace,median,0.005023
map_update_interval,1,0.040000000000000015,0.05,0.5,0.5,0.5,cov,trace,min,0.002744
map_update_interval,1,0.040000000000000015,0.05,0.5,0.5,0.5,cov,trace,max,0.010011
map_update_interval,1,0.040000000000000015,0.05,0.5,0.5,0.5,cov,trace,rmse,0.005673478469127663
map_update_interval,1,0.040000000000000015,0.05,0.5,0.5,0.5,cov,det,mean,3.4575667116379293e-10
map_update_interval,1,0.040000000000000015,0.05,0.5,0.5,0.5,cov,det,std_dev,2.8739990661681824e-10
map_update_interval,1,0.040000000000000015,0.05,0.5,0.5,0.5,cov,det,median,2.4465543249999983e-10
map_update_interval,1,0.040000000000000015,0.05,0.5,0.5,0.5,cov,det,min,7.037573899999996e-11
map_update_interval,1,0.040000000000000015,0.05,0.5,0.5,0.5,cov,det,max,1.4263944540000023e-09
map_update_interval,1,0.040000000000000015,0.05,0.5,0.5,0.5,cov,det,rmse,4.496069194058551e-10
map_update_interval,1,0.056568542494923824,0.05,0.5,0.5,0.5,traj,APE,mean,0.06732000013151121
map_update_interval,1,0.056568542494923824,0.05,0.5,0.5,0.5,traj,APE,std_dev,0.04849027884508481
map_update_interval,1,0.056568542494923824,0.05,0.5,0.5,0.5,traj,APE,median,0.05579730128168551
map_update_interval,1,0.056568542494923824,0.05,0.5,0.5,0.5,traj,APE,min,9.215718466126788e-19
map_update_interval,1,0.056568542494923824,0.05,0.5,0.5,0.5,traj,APE,max,0.24151130816285998
map_update_interval,1,0.056568542494923824,0.05,0.5,0.5,0.5,traj,APE,rmse,0.08296559262839476
map_update_interval,1,0.056568542494923824,0.05,0.5,0.5,0.5,traj,RPE,mean,0.052837022955694674
map_update_interval,1,0.056568542494923824,0.05,0.5,0.5,0.5,traj,RPE,std_dev,0.03586343624720203
map_update_interval,1,0.056568542494923824,0.05,0.5,0.5,0.5,traj,RPE,median,0.042060431178847134
map_update_interval,1,0.056568542494923824,0.05,0.5,0.5,0.5,traj,RPE,min,0.010308764341098592
map_update_interval,1,0.056568542494923824,0.05,0.5,0.5,0.5,traj,RPE,max,0.20093871082874698
map_update_interval,1,0.056568542494923824,0.05,0.5,0.5,0.5,traj,RPE,rmse,0.06385872731489198
map_update_interval,1,0.056568542494923824,0.05,0.5,0.5,0.5,traj,num associated poses,mean,27.8
map_update_interval,1,0.056568542494923824,0.05,0.5,0.5,0.5,traj,num associated poses,std_dev,0.7483314773547882
map_update_interval,1,0.056568542494923824,0.05,0.5,0.5,0.5,traj,num associated poses,median,28.0
map_update_interval,1,0.056568542494923824,0.05,0.5,0.5,0.5,traj,num associated poses,min,27.0
map_update_interval,1,0.056568542494923824,0.05,0.5,0.5,0.5,traj,num associated poses,max,29.0
map_update_interval,1,0.056568542494923824,0.05,0.5,0.5,0.5,traj,num gt poses,mean,173.4
map_update_interval,1,0.056568542494923824,0.05,0.5,0.5,0.5,traj,num gt poses,std_dev,3.3823069050575527
map_update_interval,1,0.056568542494923824,0.05,0.5,0.5,0.5,traj,num gt poses,median,173.0
map_update_interval,1,0.056568542494923824,0.05,0.5,0.5,0.5,traj,num gt poses,min,170.0
map_update_interval,1,0.056568542494923824,0.05,0.5,0.5,0.5,traj,num gt poses,max,179.0
map_update_interval,1,0.056568542494923824,0.05,0.5,0.5,0.5,traj,odom accum path length (m),mean,11.536603399999999
map_update_interval,1,0.056568542494923824,0.05,0.5,0.5,0.5,traj,odom accum path length (m),std_dev,0.12202422589240176
map_update_interval,1,0.056568542494923824,0.05,0.5,0.5,0.5,traj,odom accum path length (m),median,11.474847
map_update_interval,1,0.056568542494923824,0.05,0.5,0.5,0.5,traj,odom accum path length (m),min,11.436851
map_update_interval,1,0.056568542494923824,0.05,0.5,0.5,0.5,traj,odom accum path length (m),max,11.769585
map_update_interval,1,0.056568542494923824,0.05,0.5,0.5,0.5,traj,total rotation (rad),mean,9.5973766
map_update_interval,1,0.056568542494923824,0.05,0.5,0.5,0.5,traj,total rotation (rad),std_dev,0.4165397945467396
map_update_interval,1,0.056568542494923824,0.05,0.5,0.5,0.5,traj,total rotation (rad),median,9.566464
map_update_interval,1,0.056568542494923824,0.05,0.5,0.5,0.5,traj,total rotation (rad),min,8.995041
map_update_interval,1,0.056568542494923824,0.05,0.5,0.5,0.5,traj,total rotation (rad),max,10.304963
map_update_interval,1,0.056568542494923824,0.05,0.5,0.5,0.5,traj,duration (s),mean,23.7232
map_update_interval,1,0.056568542494923824,0.05,0.5,0.5,0.5,traj,duration (s),std_dev,0.41139343699189024
map_update_interval,1,0.056568542494923824,0.05,0.5,0.5,0.5,traj,duration (s),median,23.706999999999997
map_update_interval,1,0.056568542494923824,0.05,0.5,0.5,0.5,traj,duration (s),min,23.253999999999998
map_update_interval,1,0.056568542494923824,0.05,0.5,0.5,0.5,traj,duration (s),max,24.402
map_update_interval,1,0.056568542494923824,0.05,0.5,0.5,0.5,completion,successes,count,5.0
map_update_interval,1,0.056568542494923824,0.05,0.5,0.5,0.5,completion,failures,count,0.0
map_update_interval,1,0.056568542494923824,0.05,0.5,0.5,0.5,completion,errors,count,0.0
map_update_interval,1,0.056568542494923824,0.05,0.5,0.5,0.5,completion,data or metrics missing,count,0.0
map_update_interval,1,0.056568542494923824,0.05,0.5,0.5,0.5,latency,latency,mean,0.0025539568345323738
map_update_interval,1,0.056568542494923824,0.05,0.5,0.5,0.5,latency,latency,std_dev,0.000906988549184922
map_update_interval,1,0.056568542494923824,0.05,0.5,0.5,0.5,latency,latency,median,0.003
map_update_interval,1,0.056568542494923824,0.05,0.5,0.5,0.5,latency,latency,min,0.0
map_update_interval,1,0.056568542494923824,0.05,0.5,0.5,0.5,latency,latency,max,0.005
map_update_interval,1,0.056568542494923824,0.05,0.5,0.5,0.5,cov,trace,mean,0.00553054609929078
map_update_interval,1,0.056568542494923824,0.05,0.5,0.5,0.5,cov,trace,std_dev,0.0016848865840365472
map_update_interval,1,0.056568542494923824,0.05,0.5,0.5,0.5,cov,trace,median,0.005081
map_update_interval,1,0.056568542494923824,0.05,0.5,0.5,0.5,cov,trace,min,0.00243
map_update_interval,1,0.056568542494923824,0.05,0.5,0.5,0.5,cov,trace,max,0.014624999999999999
map_update_interval,1,0.056568542494923824,0.05,0.5,0.5,0.5,cov,trace,rmse,0.0057815035204907385
map_update_interval,1,0.056568542494923824,0.05,0.5,0.5,0.5,cov,det,mean,3.3681149863829766e-10
map_update_interval,1,0.056568542494923824,0.05,0.5,0.5,0.5,cov,det,std_dev,2.633858447414787e-10
map_update_interval,1,0.056568542494923824,0.05,0.5,0.5,0.5,cov,det,median,2.502200959999999e-10
map_update_interval,1,0.056568542494923824,0.05,0.5,0.5,0.5,cov,det,min,5.311184199999993e-11
map_update_interval,1,0.056568542494923824,0.05,0.5,0.5,0.5,cov,det,max,1.6301840699999985e-09
map_update_interval,1,0.056568542494923824,0.05,0.5,0.5,0.5,cov,det,rmse,4.275676423972683e-10
map_update_interval,1,0.08000000000000003,0.05,0.5,0.5,0.5,traj,APE,mean,0.0642393082098799
map_update_interval,1,0.08000000000000003,0.05,0.5,0.5,0.5,traj,APE,std_dev,0.04573382648627622
map_update_interval,1,0.08000000000000003,0.05,0.5,0.5,0.5,traj,APE,median,0.04977981675449715
map_update_interval,1,0.08000000000000003,0.05,0.5,0.5,0.5,traj,APE,min,5.421010862427522e-20
map_update_interval,1,0.08000000000000003,0.05,0.5,0.5,0.5,traj,APE,max,0.1893076948139716
map_update_interval,1,0.08000000000000003,0.05,0.5,0.5,0.5,traj,APE,rmse,0.07885601818733154
map_update_interval,1,0.08000000000000003,0.05,0.5,0.5,0.5,traj,RPE,mean,0.05212919537404096
map_update_interval,1,0.08000000000000003,0.05,0.5,0.5,0.5,traj,RPE,std_dev,0.03324448556732074
map_update_interval,1,0.08000000000000003,0.05,0.5,0.5,0.5,traj,RPE,median,0.04292426481000206
map_update_interval,1,0.08000000000000003,0.05,0.5,0.5,0.5,traj,RPE,min,0.008829882546956075
map_update_interval,1,0.08000000000000003,0.05,0.5,0.5,0.5,traj,RPE,max,0.16728272540935285
map_update_interval,1,0.08000000000000003,0.05,0.5,0.5,0.5,traj,RPE,rmse,0.06182757338745173
map_update_interval,1,0.08000000000000003,0.05,0.5,0.5,0.5,traj,num associated poses,mean,28.2
map_update_interval,1,0.08000000000000003,0.05,0.5,0.5,0.5,traj,num associated poses,std_dev,0.9797958971132713
map_update_interval,1,0.08000000000000003,0.05,0.5,0.5,0.5,traj,num associated poses,median,28.0
map_update_interval,1,0.08000000000000003,0.05,0.5,0.5,0.5,traj,num associated poses,min,27.0
map_update_interval,1,0.08000000000000003,0.05,0.5,0.5,0.5,traj,num associated poses,max,30.0
map_update_interval,1,0.08000000000000003,0.05,0.5,0.5,0.5,traj,num gt poses,mean,175.2
map_update_interval,1,0.08000000000000003,0.05,0.5,0.5,0.5,traj,num gt poses,std_dev,4.445222154178573
map_update_interval,1,0.08000000000000003,0.05,0.5,0.5,0.5,traj,num gt poses,median,173.0
map_update_interval,1,0.08000000000000003,0.05,0.5,0.5,0.5,traj,num gt poses,min,172.0
map_update_interval,1,0.08000000000000003,0.05,0.5,0.5,0.5,traj,num gt poses,max,184.0
map_update_interval,1,0.08000000000000003,0.05,0.5,0.5,0.5,traj,odom accum path length (m),mean,11.552206799999999
map_update_interval,1,0.08000000000000003,0.05,0.5,0.5,0.5,traj,odom accum path length (m),std_dev,0.08960669178002303
map_update_interval,1,0.08000000000000003,0.05,0.5,0.5,0.5,traj,odom accum path length (m),median,11.553718
map_update_interval,1,0.08000000000000003,0.05,0.5,0.5,0.5,traj,odom accum path length (m),min,11.444493
map_update_interval,1,0.08000000000000003,0.05,0.5,0.5,0.5,traj,odom accum path length (m),max,11.695745
map_update_interval,1,0.08000000000000003,0.05,0.5,0.5,0.5,traj,total rotation (rad),mean,9.7230752
map_update_interval,1,0.08000000000000003,0.05,0.5,0.5,0.5,traj,total rotation (rad),std_dev,0.5247935214613079
map_update_interval,1,0.08000000000000003,0.05,0.5,0.5,0.5,traj,total rotation (rad),median,9.653227
map_update_interval,1,0.08000000000000003,0.05,0.5,0.5,0.5,traj,total rotation (rad),min,8.984236
map_update_interval,1,0.08000000000000003,0.05,0.5,0.5,0.5,traj,total rotation (rad),max,10.521134
map_update_interval,1,0.08000000000000003,0.05,0.5,0.5,0.5,traj,duration (s),mean,23.915399999999998
map_update_interval,1,0.08000000000000003,0.05,0.5,0.5,0.5,traj,duration (s),std_dev,0.5747481535420536
map_update_interval,1,0.08000000000000003,0.05,0.5,0.5,0.5,traj,duration (s),median,23.647
map_update_interval,1,0.08000000000000003,0.05,0.5,0.5,0.5,traj,duration (s),min,23.458999999999996
map_update_interval,1,0.08000000000000003,0.05,0.5,0.5,0.5,traj,duration (s),max,25.035999999999998
map_update_interval,1,0.08000000000000003,0.05,0.5,0.5,0.5,completion,successes,count,5.0
map_update_interval,1,0.08000000000000003,0.05,0.5,0.5,0.5,completion,failures,count,0.0
map_update_interval,1,0.08000000000000003,0.05,0.5,0.5,0.5,completion,errors,count,0.0
map_update_interval,1,0.08000000000000003,0.05,0.5,0.5,0.5,completion,data or metrics missing,count,0.0
map_update_interval,1,0.08000000000000003,0.05,0.5,0.5,0.5,latency,latency,mean,0.005517730496453901
map_update_interval,1,0.08000000000000003,0.05,0.5,0.5,0.5,latency,latency,std_dev,0.004482594924895755
map_update_interval,1,0.08000000000000003,0.05,0.5,0.5,0.5,latency,latency,median,0.003
map_update_interval,1,0.08000000000000003,0.05,0.5,0.5,0.5,latency,latency,min,0.0
map_update_interval,1,0.08000000000000003,0.05,0.5,0.5,0.5,latency,latency,max,0.016
map_update_interval,1,0.08000000000000003,0.05,0.5,0.5,0.5,cov,trace,mean,0.005495659722222222
map_update_interval,1,0.08000000000000003,0.05,0.5,0.5,0.5,cov,trace,std_dev,0.0015312378034126257
map_update_interval,1,0.08000000000000003,0.05,0.5,0.5,0.5,cov,trace,median,0.005010499999999999
map_update_interval,1,0.08000000000000003,0.05,0.5,0.5,0.5,cov,trace,min,0.0026500000000000004
map_update_interval,1,0.08000000000000003,0.05,0.5,0.5,0.5,cov,trace,max,0.010934
map_update_interval,1,0.08000000000000003,0.05,0.5,0.5,0.5,cov,trace,rmse,0.005704994740843812
map_update_interval,1,0.08000000000000003,0.05,0.5,0.5,0.5,cov,det,mean,3.5433691683333317e-10
map_update_interval,1,0.08000000000000003,0.05,0.5,0.5,0.5,cov,det,std_dev,3.126586732297465e-10
map_update_interval,1,0.08000000000000003,0.05,0.5,0.5,0.5,cov,det,median,2.554198279999999e-10
map_update_interval,1,0.08000000000000003,0.05,0.5,0.5,0.5,cov,det,min,7.884800599999994e-11
map_update_interval,1,0.08000000000000003,0.05,0.5,0.5,0.5,cov,det,max,1.9144763880000043e-09
map_update_interval,1,0.08000000000000003,0.05,0.5,0.5,0.5,cov,det,rmse,4.72556977069155e-10
map_update_interval,1,0.11313708498984765,0.05,0.5,0.5,0.5,traj,APE,mean,0.09261055119164623
map_update_interval,1,0.11313708498984765,0.05,0.5,0.5,0.5,traj,APE,std_dev,0.07489024898023416
map_update_interval,1,0.11313708498984765,0.05,0.5,0.5,0.5,traj,APE,median,0.06108957041922855
map_update_interval,1,0.11313708498984765,0.05,0.5,0.5,0.5,traj,APE,min,9.215718466126788e-19
map_update_interval,1,0.11313708498984765,0.05,0.5,0.5,0.5,traj,APE,max,0.2968667635957387
map_update_interval,1,0.11313708498984765,0.05,0.5,0.5,0.5,traj,APE,rmse,0.11910190420115872
map_update_interval,1,0.11313708498984765,0.05,0.5,0.5,0.5,traj,RPE,mean,0.05239250338751524
map_update_interval,1,0.11313708498984765,0.05,0.5,0.5,0.5,traj,RPE,std_dev,0.03546877537776175
map_update_interval,1,0.11313708498984765,0.05,0.5,0.5,0.5,traj,RPE,median,0.04025285560415533
map_update_interval,1,0.11313708498984765,0.05,0.5,0.5,0.5,traj,RPE,min,0.012552524196512765
map_update_interval,1,0.11313708498984765,0.05,0.5,0.5,0.5,traj,RPE,max,0.1628968249536046
map_update_interval,1,0.11313708498984765,0.05,0.5,0.5,0.5,traj,RPE,rmse,0.06326933252381373
map_update_interval,1,0.11313708498984765,0.05,0.5,0.5,0.5,traj,num associated poses,mean,28.5
map_update_interval,1,0.11313708498984765,0.05,0.5,0.5,0.5,traj,num associated poses,std_dev,0.8660254037844386
map_update_interval,1,0.11313708498984765,0.05,0.5,0.5,0.5,traj,num associated poses,median,29.0
map_update_interval,1,0.11313708498984765,0.05,0.5,0.5,0.5,traj,num associated poses,min,27.0
map_update_interval,1,0.11313708498984765,0.05,0.5,0.5,0.5,traj,num associated poses,max,29.0
map_update_interval,1,0.11313708498984765,0.05,0.5,0.5,0.5,traj,num gt poses,mean,179.0
map_update_interval,1,0.11313708498984765,0.05,0.5,0.5,0.5,traj,num gt poses,std_dev,4.847679857416329
map_update_interval,1,0.11313708498984765,0.05,0.5,0.5,0.5,traj,num gt poses,median,180.5
map_update_interval,1,0.11313708498984765,0.05,0.5,0.5,0.5,traj,num gt poses,min,171.0
map_update_interval,1,0.11313708498984765,0.05,0.5,0.5,0.5,traj,num gt poses,max,184.0
map_update_interval,1,0.11313708498984765,0.05,0.5,0.5,0.5,traj,odom accum path length (m),mean,11.55653025
map_update_interval,1,0.11313708498984765,0.05,0.5,0.5,0.5,traj,odom accum path length (m),std_dev,0.0980044578536482
map_update_interval,1,0.11313708498984765,0.05,0.5,0.5,0.5,traj,odom accum path length (m),median,11.588087999999999
map_update_interval,1,0.11313708498984765,0.05,0.5,0.5,0.5,traj,odom accum path length (m),min,11.403481
map_update_interval,1,0.11313708498984765,0.05,0.5,0.5,0.5,traj,odom accum path length (m),max,11.646464
map_update_interval,1,0.11313708498984765,0.05,0.5,0.5,0.5,traj,total rotation (rad),mean,10.25281375
map_update_interval,1,0.11313708498984765,0.05,0.5,0.5,0.5,traj,total rotation (rad),std_dev,1.0473996277952782
map_update_interval,1,0.11313708498984765,0.05,0.5,0.5,0.5,traj,total rotation (rad),median,10.324857
map_update_interval,1,0.11313708498984765,0.05,0.5,0.5,0.5,traj,total rotation (rad),min,8.7033
map_update_interval,1,0.11313708498984765,0.05,0.5,0.5,0.5,traj,total rotation (rad),max,11.658241
map_update_interval,1,0.11313708498984765,0.05,0.5,0.5,0.5,traj,duration (s),mean,24.465500000000002
map_update_interval,1,0.11313708498984765,0.05,0.5,0.5,0.5,traj,duration (s),std_dev,0.7085155255885377
map_update_interval,1,0.11313708498984765,0.05,0.5,0.5,0.5,traj,duration (s),median,24.628500000000003
map_update_interval,1,0.11313708498984765,0.05,0.5,0.5,0.5,traj,duration (s),min,23.333
map_update_interval,1,0.11313708498984765,0.05,0.5,0.5,0.5,traj,duration (s),max,25.272000000000002
map_update_interval,1,0.11313708498984765,0.05,0.5,0.5,0.5,completion,successes,count,4.0
map_update_interval,1,0.11313708498984765,0.05,0.5,0.5,0.5,completion,failures,count,0.0
map_update_interval,1,0.11313708498984765,0.05,0.5,0.5,0.5,completion,errors,count,1.0
map_update_interval,1,0.11313708498984765,0.05,0.5,0.5,0.5,completion,data or metrics missing,count,1.0
map_update_interval,1,0.11313708498984765,0.05,0.5,0.5,0.5,latency,latency,mean,0.0037631578947368424
map_update_interval,1,0.11313708498984765,0.05,0.5,0.5,0.5,latency,latency,std_dev,0.003215375974793582
map_update_interval,1,0.11313708498984765,0.05,0.5,0.5,0.5,latency,latency,median,0.003
map_update_interval,1,0.11313708498984765,0.05,0.5,0.5,0.5,latency,latency,min,0.0
map_update_interval,1,0.11313708498984765,0.05,0.5,0.5,0.5,latency,latency,max,0.016
map_update_interval,1,0.11313708498984765,0.05,0.5,0.5,0.5,cov,trace,mean,0.005614829059829059
map_update_interval,1,0.11313708498984765,0.05,0.5,0.5,0.5,cov,trace,std_dev,0.0019616623523059902
map_update_interval,1,0.11313708498984765,0.05,0.5,0.5,0.5,cov,trace,median,0.005003
map_update_interval,1,0.11313708498984765,0.05,0.5,0.5,0.5,cov,trace,min,0.002927
map_update_interval,1,0.11313708498984765,0.05,0.5,0.5,0.5,cov,trace,max,0.018151
map_update_interval,1,0.11313708498984765,0.05,0.5,0.5,0.5,cov,trace,rmse,0.005947640251020195
map_update_interval,1,0.11313708498984765,0.05,0.5,0.5,0.5,cov,det,mean,3.817647606068374e-10
map_update_interval,1,0.11313708498984765,0.05,0.5,0.5,0.5,cov,det,std_dev,3.02884201718615e-10
map_update_interval,1,0.11313708498984765,0.05,0.5,0.5,0.5,cov,det,median,3.0467293099999955e-10
map_update_interval,1,0.11313708498984765,0.05,0.5,0.5,0.5,cov,det,min,6.931104e-11
map_update_interval,1,0.11313708498984765,0.05,0.5,0.5,0.5,cov,det,max,1.5871956359999993e-09
map_update_interval,1,0.11313708498984765,0.05,0.5,0.5,0.5,cov,det,rmse,4.873224518652086e-10
map_update_interval,1,0.16000000000000006,0.05,0.5,0.5,0.5,traj,APE,mean,0.06079406009345389
map_update_interval,1,0.16000000000000006,0.05,0.5,0.5,0.5,traj,APE,std_dev,0.03420544680642998
map_update_interval,1,0.16000000000000006,0.05,0.5,0.5,0.5,traj,APE,median,0.05535837576427774
map_update_interval,1,0.16000000000000006,0.05,0.5,0.5,0.5,traj,APE,min,5.421010862427522e-20
map_update_interval,1,0.16000000000000006,0.05,0.5,0.5,0.5,traj,APE,max,0.17968560676045145
map_update_interval,1,0.16000000000000006,0.05,0.5,0.5,0.5,traj,APE,rmse,0.06975622075395134
map_update_interval,1,0.16000000000000006,0.05,0.5,0.5,0.5,traj,RPE,mean,0.05257426248399582
map_update_interval,1,0.16000000000000006,0.05,0.5,0.5,0.5,traj,RPE,std_dev,0.03493133985743789
map_update_interval,1,0.16000000000000006,0.05,0.5,0.5,0.5,traj,RPE,median,0.04184911254074866
map_update_interval,1,0.16000000000000006,0.05,0.5,0.5,0.5,traj,RPE,min,0.012419172513361592
map_update_interval,1,0.16000000000000006,0.05,0.5,0.5,0.5,traj,RPE,max,0.18356204619644195
map_update_interval,1,0.16000000000000006,0.05,0.5,0.5,0.5,traj,RPE,rmse,0.06312092822489163
map_update_interval,1,0.16000000000000006,0.05,0.5,0.5,0.5,traj,num associated poses,mean,27.8
map_update_interval,1,0.16000000000000006,0.05,0.5,0.5,0.5,traj,num associated poses,std_dev,0.7483314773547883
map_update_interval,1,0.16000000000000006,0.05,0.5,0.5,0.5,traj,num associated poses,median,28.0
map_update_interval,1,0.16000000000000006,0.05,0.5,0.5,0.5,traj,num associated poses,min,27.0
map_update_interval,1,0.16000000000000006,0.05,0.5,0.5,0.5,traj,num associated poses,max,29.0
map_update_interval,1,0.16000000000000006,0.05,0.5,0.5,0.5,traj,num gt poses,mean,177.2
map_update_interval,1,0.16000000000000006,0.05,0.5,0.5,0.5,traj,num gt poses,std_dev,5.035871324805668
map_update_interval,1,0.16000000000000006,0.05,0.5,0.5,0.5,traj,num gt poses,median,178.0
map_update_interval,1,0.16000000000000006,0.05,0.5,0.5,0.5,traj,num gt poses,min,169.0
map_update_interval,1,0.16000000000000006,0.05,0.5,0.5,0.5,traj,num gt poses,max,184.0
map_update_interval,1,0.16000000000000006,0.05,0.5,0.5,0.5,traj,odom accum path length (m),mean,11.5999112
map_update_interval,1,0.16000000000000006,0.05,0.5,0.5,0.5,traj,odom accum path length (m),std_dev,0.1408902548715132
map_update_interval,1,0.16000000000000006,0.05,0.5,0.5,0.5,traj,odom accum path length (m),median,11.599242
map_update_interval,1,0.16000000000000006,0.05,0.5,0.5,0.5,traj,odom accum path length (m),min,11.375773
map_update_interval,1,0.16000000000000006,0.05,0.5,0.5,0.5,traj,odom accum path length (m),max,11.766805
map_update_interval,1,0.16000000000000006,0.05,0.5,0.5,0.5,traj,total rotation (rad),mean,9.8401552
map_update_interval,1,0.16000000000000006,0.05,0.5,0.5,0.5,traj,total rotation (rad),std_dev,0.7365276911354797
map_update_interval,1,0.16000000000000006,0.05,0.5,0.5,0.5,traj,total rotation (rad),median,9.972723
map_update_interval,1,0.16000000000000006,0.05,0.5,0.5,0.5,traj,total rotation (rad),min,9.011517
map_update_interval,1,0.16000000000000006,0.05,0.5,0.5,0.5,traj,total rotation (rad),max,10.933702
map_update_interval,1,0.16000000000000006,0.05,0.5,0.5,0.5,traj,duration (s),mean,24.218200000000003
map_update_interval,1,0.16000000000000006,0.05,0.5,0.5,0.5,traj,duration (s),std_dev,0.637233206918786
map_update_interval,1,0.16000000000000006,0.05,0.5,0.5,0.5,traj,duration (s),median,24.296999999999997
map_update_interval,1,0.16000000000000006,0.05,0.5,0.5,0.5,traj,duration (s),min,23.231
map_update_interval,1,0.16000000000000006,0.05,0.5,0.5,0.5,traj,duration (s),max,25.094
map_update_interval,1,0.16000000000000006,0.05,0.5,0.5,0.5,completion,successes,count,5.0
map_update_interval,1,0.16000000000000006,0.05,0.5,0.5,0.5,completion,failures,count,0.0
map_update_interval,1,0.16000000000000006,0.05,0.5,0.5,0.5,completion,errors,count,0.0
map_update_interval,1,0.16000000000000006,0.05,0.5,0.5,0.5,completion,data or metrics missing,count,0.0
map_update_interval,1,0.16000000000000006,0.05,0.5,0.5,0.5,latency,latency,mean,0.004841726618705036
map_update_interval,1,0.16000000000000006,0.05,0.5,0.5,0.5,latency,latency,std_dev,0.003187789186330503
map_update_interval,1,0.16000000000000006,0.05,0.5,0.5,0.5,latency,latency,median,0.004
map_update_interval,1,0.16000000000000006,0.05,0.5,0.5,0.5,latency,latency,min,0.001
map_update_interval,1,0.16000000000000006,0.05,0.5,0.5,0.5,latency,latency,max,0.013000000000000001
map_update_interval,1,0.16000000000000006,0.05,0.5,0.5,0.5,cov,trace,mean,0.005796216783216783
map_update_interval,1,0.16000000000000006,0.05,0.5,0.5,0.5,cov,trace,std_dev,0.0022699912360505483
map_update_interval,1,0.16000000000000006,0.05,0.5,0.5,0.5,cov,trace,median,0.005094
map_update_interval,1,0.16000000000000006,0.05,0.5,0.5,0.5,cov,trace,min,0.002886
map_update_interval,1,0.16000000000000006,0.05,0.5,0.5,0.5,cov,trace,max,0.02141
map_update_interval,1,0.16000000000000006,0.05,0.5,0.5,0.5,cov,trace,rmse,0.006224868609841513
map_update_interval,1,0.16000000000000006,0.05,0.5,0.5,0.5,cov,det,mean,4.0141491717482496e-10
map_update_interval,1,0.16000000000000006,0.05,0.5,0.5,0.5,cov,det,std_dev,4.179398277803835e-10
map_update_interval,1,0.16000000000000006,0.05,0.5,0.5,0.5,cov,det,median,2.6689257200000027e-10
map_update_interval,1,0.16000000000000006,0.05,0.5,0.5,0.5,cov,det,min,8.178212299999982e-11
map_update_interval,1,0.16000000000000006,0.05,0.5,0.5,0.5,cov,det,max,4.330422134000003e-09
map_update_interval,1,0.16000000000000006,0.05,0.5,0.5,0.5,cov,det,rmse,5.794891158387431e-10
map_update_interval,1,0.2262741699796953,0.05,0.5,0.5,0.5,traj,APE,mean,0.07727541031837061
map_update_interval,1,0.2262741699796953,0.05,0.5,0.5,0.5,traj,APE,std_dev,0.05115869745979492
map_update_interval,1,0.2262741699796953,0.05,0.5,0.5,0.5,traj,APE,median,0.05874735582193172
map_update_interval,1,0.2262741699796953,0.05,0.5,0.5,0.5,traj,APE,min,9.215718466126788e-19
map_update_interval,1,0.2262741699796953,0.05,0.5,0.5,0.5,traj,APE,max,0.2120250603568013
map_update_interval,1,0.2262741699796953,0.05,0.5,0.5,0.5,traj,APE,rmse,0.0926752467795763
map_update_interval,1,0.2262741699796953,0.05,0.5,0.5,0.5,traj,RPE,mean,0.05590527286980105
map_update_interval,1,0.2262741699796953,0.05,0.5,0.5,0.5,traj,RPE,std_dev,0.03396986464391311
map_update_interval,1,0.2262741699796953,0.05,0.5,0.5,0.5,traj,RPE,median,0.0453484789973
map_update_interval,1,0.2262741699796953,0.05,0.5,0.5,0.5,traj,RPE,min,0.012756355989267434
map_update_interval,1,0.2262741699796953,0.05,0.5,0.5,0.5,traj,RPE,max,0.22896920225653836
map_update_interval,1,0.2262741699796953,0.05,0.5,0.5,0.5,traj,RPE,rmse,0.06541675044338943
map_update_interval,1,0.2262741699796953,0.05,0.5,0.5,0.5,traj,num associated poses,mean,28.0
map_update_interval,1,0.2262741699796953,0.05,0.5,0.5,0.5,traj,num associated poses,std_dev,0.8944271909999159
map_update_interval,1,0.2262741699796953,0.05,0.5,0.5,0.5,traj,num associated poses,median,28.0
map_update_interval,1,0.2262741699796953,0.05,0.5,0.5,0.5,traj,num associated poses,min,27.0
map_update_interval,1,0.2262741699796953,0.05,0.5,0.5,0.5,traj,num associated poses,max,29.0
map_update_interval,1,0.2262741699796953,0.05,0.5,0.5,0.5,traj,num gt poses,mean,176.8
map_update_interval,1,0.2262741699796953,0.05,0.5,0.5,0.5,traj,num gt poses,std_dev,5.1146847410177685
map_update_interval,1,0.2262741699796953,0.05,0.5,0.5,0.5,traj,num gt poses,median,175.0
map_update_interval,1,0.2262741699796953,0.05,0.5,0.5,0.5,traj,num gt poses,min,171.0
map_update_interval,1,0.2262741699796953,0.05,0.5,0.5,0.5,traj,num gt poses,max,186.0
map_update_interval,1,0.2262741699796953,0.05,0.5,0.5,0.5,traj,odom accum path length (m),mean,11.5828524
map_update_interval,1,0.2262741699796953,0.05,0.5,0.5,0.5,traj,odom accum path length (m),std_dev,0.12796544166547458
map_update_interval,1,0.2262741699796953,0.05,0.5,0.5,0.5,traj,odom accum path length (m),median,11.586001
map_update_interval,1,0.2262741699796953,0.05,0.5,0.5,0.5,traj,odom accum path length (m),min,11.408375
map_update_interval,1,0.2262741699796953,0.05,0.5,0.5,0.5,traj,odom accum path length (m),max,11.780235
map_update_interval,1,0.2262741699796953,0.05,0.5,0.5,0.5,traj,total rotation (rad),mean,9.9654382
map_update_interval,1,0.2262741699796953,0.05,0.5,0.5,0.5,traj,total rotation (rad),std_dev,0.9780979905214818
map_update_interval,1,0.2262741699796953,0.05,0.5,0.5,0.5,traj,total rotation (rad),median,9.669943
map_update_interval,1,0.2262741699796953,0.05,0.5,0.5,0.5,traj,total rotation (rad),min,8.986555
map_update_interval,1,0.2262741699796953,0.05,0.5,0.5,0.5,traj,total rotation (rad),max,11.797086
map_update_interval,1,0.2262741699796953,0.05,0.5,0.5,0.5,traj,duration (s),mean,24.167
map_update_interval,1,0.2262741699796953,0.05,0.5,0.5,0.5,traj,duration (s),std_dev,0.7153661999284006
map_update_interval,1,0.2262741699796953,0.05,0.5,0.5,0.5,traj,duration (s),median,23.897
map_update_interval,1,0.2262741699796953,0.05,0.5,0.5,0.5,traj,duration (s),min,23.398000000000003
map_update_interval,1,0.2262741699796953,0.05,0.5,0.5,0.5,traj,duration (s),max,25.446000000000005
map_update_interval,1,0.2262741699796953,0.05,0.5,0.5,0.5,completion,successes,count,5.0
map_update_interval,1,0.2262741699796953,0.05,0.5,0.5,0.5,completion,failures,count,0.0
map_update_interval,1,0.2262741699796953,0.05,0.5,0.5,0.5,completion,errors,count,0.0
map_update_interval,1,0.2262741699796953,0.05,0.5,0.5,0.5,completion,data or metrics missing,count,0.0
map_update_interval,1,0.2262741699796953,0.05,0.5,0.5,0.5,latency,latency,mean,0.006628571428571429
map_update_interval,1,0.2262741699796953,0.05,0.5,0.5,0.5,latency,latency,std_dev,0.005559217387293257
map_update_interval,1,0.2262741699796953,0.05,0.5,0.5,0.5,latency,latency,median,0.003
map_update_interval,1,0.2262741699796953,0.05,0.5,0.5,0.5,latency,latency,min,0.0
map_update_interval,1,0.2262741699796953,0.05,0.5,0.5,0.5,latency,latency,max,0.016
map_update_interval,1,0.2262741699796953,0.05,0.5,0.5,0.5,cov,trace,mean,0.005533486111111111
map_update_interval,1,0.2262741699796953,0.05,0.5,0.5,0.5,cov,trace,std_dev,0.0019131245747979894
map_update_interval,1,0.2262741699796953,0.05,0.5,0.5,0.5,cov,trace,median,0.005011999999999999
map_update_interval,1,0.2262741699796953,0.05,0.5,0.5,0.5,cov,trace,min,0.002549
map_update_interval,1,0.2262741699796953,0.05,0.5,0.5,0.5,cov,trace,max,0.018375999999999997
map_update_interval,1,0.2262741699796953,0.05,0.5,0.5,0.5,cov,trace,rmse,0.005854870978984555
map_update_interval,1,0.2262741699796953,0.05,0.5,0.5,0.5,cov,det,mean,3.271636674097221e-10
map_update_interval,1,0.2262741699796953,0.05,0.5,0.5,0.5,cov,det,std_dev,2.4106867771111637e-10
map_update_interval,1,0.2262741699796953,0.05,0.5,0.5,0.5,cov,det,median,2.503688640000002e-10
map_update_interval,1,0.2262741699796953,0.05,0.5,0.5,0.5,cov,det,min,6.724202399999987e-11
map_update_interval,1,0.2262741699796953,0.05,0.5,0.5,0.5,cov,det,max,1.371778041000001e-09
map_update_interval,1,0.2262741699796953,0.05,0.5,0.5,0.5,cov,det,rmse,4.063867279407208e-10
resolution,1,0.02,0.025000000000000005,0.5,0.5,0.5,traj,APE,mean,0.0874229474011164
resolution,1,0.02,0.025000000000000005,0.5,0.5,0.5,traj,APE,std_dev,0.052330301482254565
resolution,1,0.02,0.025000000000000005,0.5,0.5,0.5,traj,APE,median,0.10909789762545306
resolution,1,0.02,0.025000000000000005,0.5,0.5,0.5,traj,APE,min,2.86099979256917e-17
resolution,1,0.02,0.025000000000000005,0.5,0.5,0.5,traj,APE,max,0.1547754901021226
resolution,1,0.02,0.025000000000000005,0.5,0.5,0.5,traj,APE,rmse,0.10188833194003138
resolution,1,0.02,0.025000000000000005,0.5,0.5,0.5,traj,RPE,mean,
resolution,1,0.02,0.025000000000000005,0.5,0.5,0.5,traj,RPE,std_dev,
resolution,1,0.02,0.025000000000000005,0.5,0.5,0.5,traj,RPE,median,
resolution,1,0.02,0.025000000000000005,0.5,0.5,0.5,traj,RPE,rmse,
resolution,1,0.02,0.025000000000000005,0.5,0.5,0.5,traj,RPE,min,
resolution,1,0.02,0.025000000000000005,0.5,0.5,0.5,traj,RPE,max,
resolution,1,0.02,0.025000000000000005,0.5,0.5,0.5,traj,num associated poses,mean,5.0
resolution,1,0.02,0.025000000000000005,0.5,0.5,0.5,traj,num associated poses,std_dev,0.0
resolution,1,0.02,0.025000000000000005,0.5,0.5,0.5,traj,num associated poses,median,5.0
resolution,1,0.02,0.025000000000000005,0.5,0.5,0.5,traj,num associated poses,min,5.0
resolution,1,0.02,0.025000000000000005,0.5,0.5,0.5,traj,num associated poses,max,5.0
resolution,1,0.02,0.025000000000000005,0.5,0.5,0.5,traj,num gt poses,mean,581.0
resolution,1,0.02,0.025000000000000005,0.5,0.5,0.5,traj,num gt poses,std_dev,0.0
resolution,1,0.02,0.025000000000000005,0.5,0.5,0.5,traj,num gt poses,median,581.0
resolution,1,0.02,0.025000000000000005,0.5,0.5,0.5,traj,num gt poses,min,581.0
resolution,1,0.02,0.025000000000000005,0.5,0.5,0.5,traj,num gt poses,max,581.0
resolution,1,0.02,0.025000000000000005,0.5,0.5,0.5,traj,odom accum path length (m),mean,0.617001
resolution,1,0.02,0.025000000000000005,0.5,0.5,0.5,traj,odom accum path length (m),std_dev,0.0
resolution,1,0.02,0.025000000000000005,0.5,0.5,0.5,traj,odom accum path length (m),median,0.617001
resolution,1,0.02,0.025000000000000005,0.5,0.5,0.5,traj,odom accum path length (m),min,0.617001
resolution,1,0.02,0.025000000000000005,0.5,0.5,0.5,traj,odom accum path length (m),max,0.617001
resolution,1,0.02,0.025000000000000005,0.5,0.5,0.5,traj,total rotation (rad),mean,5.825988
resolution,1,0.02,0.025000000000000005,0.5,0.5,0.5,traj,total rotation (rad),std_dev,0.0
resolution,1,0.02,0.025000000000000005,0.5,0.5,0.5,traj,total rotation (rad),median,5.825988
resolution,1,0.02,0.025000000000000005,0.5,0.5,0.5,traj,total rotation (rad),min,5.825988
resolution,1,0.02,0.025000000000000005,0.5,0.5,0.5,traj,total rotation (rad),max,5.825988
resolution,1,0.02,0.025000000000000005,0.5,0.5,0.5,traj,duration (s),mean,79.887
resolution,1,0.02,0.025000000000000005,0.5,0.5,0.5,traj,duration (s),std_dev,0.0
resolution,1,0.02,0.025000000000000005,0.5,0.5,0.5,traj,duration (s),median,79.887
resolution,1,0.02,0.025000000000000005,0.5,0.5,0.5,traj,duration (s),min,79.887
resolution,1,0.02,0.025000000000000005,0.5,0.5,0.5,traj,duration (s),max,79.887
resolution,1,0.02,0.025000000000000005,0.5,0.5,0.5,completion,successes,count,0.0
resolution,1,0.02,0.025000000000000005,0.5,0.5,0.5,completion,failures,count,5.0
resolution,1,0.02,0.025000000000000005,0.5,0.5,0.5,completion,errors,count,0.0
resolution,1,0.02,0.025000000000000005,0.5,0.5,0.5,completion,data or metrics missing,count,4.0
resolution,1,0.02,0.025000000000000005,0.5,0.5,0.5,latency,latency,mean,0.5048
resolution,1,0.02,0.025000000000000005,0.5,0.5,0.5,latency,latency,std_dev,0.363745185535149
resolution,1,0.02,0.025000000000000005,0.5,0.5,0.5,latency,latency,median,0.401
resolution,1,0.02,0.025000000000000005,0.5,0.5,0.5,latency,latency,min,0.15100000000000002
resolution,1,0.02,0.025000000000000005,0.5,0.5,0.5,latency,latency,max,1.117
resolution,1,0.02,0.025000000000000005,0.5,0.5,0.5,cov,trace,mean,0.007964833333333334
resolution,1,0.02,0.025000000000000005,0.5,0.5,0.5,cov,trace,std_dev,0.0044724924973541195
resolution,1,0.02,0.025000000000000005,0.5,0.5,0.5,cov,trace,median,0.0058615
resolution,1,0.02,0.025000000000000005,0.5,0.5,0.5,cov,trace,min,0.004154
resolution,1,0.02,0.025000000000000005,0.5,0.5,0.5,cov,trace,max,0.017157
resolution,1,0.02,0.025000000000000005,0.5,0.5,0.5,cov,trace,rmse,0.009134646088747317
resolution,1,0.02,0.025000000000000005,0.5,0.5,0.5,cov,det,mean,5.212156114999987e-10
resolution,1,0.02,0.025000000000000005,0.5,0.5,0.5,cov,det,std_dev,6.478831368017217e-10
resolution,1,0.02,0.025000000000000005,0.5,0.5,0.5,cov,det,median,2.9724349849999996e-10
resolution,1,0.02,0.025000000000000005,0.5,0.5,0.5,cov,det,min,9.930698099999993e-11
resolution,1,0.02,0.025000000000000005,0.5,0.5,0.5,cov,det,max,1.9515893769999934e-09
resolution,1,0.02,0.025000000000000005,0.5,0.5,0.5,cov,det,rmse,8.315156478523757e-10
resolution,1,0.02,0.03535533905932738,0.5,0.5,0.5,traj,APE,mean,0.15244255809477833
resolution,1,0.02,0.03535533905932738,0.5,0.5,0.5,traj,APE,std_dev,0.04481892416854788
resolution,1,0.02,0.03535533905932738,0.5,0.5,0.5,traj,APE,median,0.1704966634350902
resolution,1,0.02,0.03535533905932738,0.5,0.5,0.5,traj,APE,min,2.776319786554118e-17
resolution,1,0.02,0.03535533905932738,0.5,0.5,0.5,traj,APE,max,0.19857159790946263
resolution,1,0.02,0.03535533905932738,0.5,0.5,0.5,traj,APE,rmse,0.15889452313439223
resolution,1,0.02,0.03535533905932738,0.5,0.5,0.5,traj,RPE,mean,
resolution,1,0.02,0.03535533905932738,0.5,0.5,0.5,traj,RPE,std_dev,
resolution,1,0.02,0.03535533905932738,0.5,0.5,0.5,traj,RPE,median,
resolution,1,0.02,0.03535533905932738,0.5,0.5,0.5,traj,RPE,rmse,
resolution,1,0.02,0.03535533905932738,0.5,0.5,0.5,traj,RPE,min,
resolution,1,0.02,0.03535533905932738,0.5,0.5,0.5,traj,RPE,max,
resolution,1,0.02,0.03535533905932738,0.5,0.5,0.5,traj,num associated poses,mean,24.6
resolution,1,0.02,0.03535533905932738,0.5,0.5,0.5,traj,num associated poses,std_dev,0.7999999999999999
resolution,1,0.02,0.03535533905932738,0.5,0.5,0.5,traj,num associated poses,median,24.0
resolution,1,0.02,0.03535533905932738,0.5,0.5,0.5,traj,num associated poses,min,24.0
resolution,1,0.02,0.03535533905932738,0.5,0.5,0.5,traj,num associated poses,max,26.0
resolution,1,0.02,0.03535533905932738,0.5,0.5,0.5,traj,num gt poses,mean,666.4
resolution,1,0.02,0.03535533905932738,0.5,0.5,0.5,traj,num gt poses,std_dev,3.4985711369071804
resolution,1,0.02,0.03535533905932738,0.5,0.5,0.5,traj,num gt poses,median,668.0
resolution,1,0.02,0.03535533905932738,0.5,0.5,0.5,traj,num gt poses,min,661.0
resolution,1,0.02,0.03535533905932738,0.5,0.5,0.5,traj,num gt poses,max,671.0
resolution,1,0.02,0.03535533905932738,0.5,0.5,0.5,traj,odom accum path length (m),mean,0.5285407999999999
resolution,1,0.02,0.03535533905932738,0.5,0.5,0.5,traj,odom accum path length (m),std_dev,0.012257736893896842
resolution,1,0.02,0.03535533905932738,0.5,0.5,0.5,traj,odom accum path length (m),median,0.520243
resolution,1,0.02,0.03535533905932738,0.5,0.5,0.5,traj,odom accum path length (m),min,0.516652
resolution,1,0.02,0.03535533905932738,0.5,0.5,0.5,traj,odom accum path length (m),max,0.545353
resolution,1,0.02,0.03535533905932738,0.5,0.5,0.5,traj,total rotation (rad),mean,1.1975729999999998
resolution,1,0.02,0.03535533905932738,0.5,0.5,0.5,traj,total rotation (rad),std_dev,0.15072262957233726
resolution,1,0.02,0.03535533905932738,0.5,0.5,0.5,traj,total rotation (rad),median,1.110981
resolution,1,0.02,0.03535533905932738,0.5,0.5,0.5,traj,total rotation (rad),min,1.046734
resolution,1,0.02,0.03535533905932738,0.5,0.5,0.5,traj,total rotation (rad),max,1.465938
resolution,1,0.02,0.03535533905932738,0.5,0.5,0.5,traj,duration (s),mean,91.27120000000001
resolution,1,0.02,0.03535533905932738,0.5,0.5,0.5,traj,duration (s),std_dev,0.24257402993724758
resolution,1,0.02,0.03535533905932738,0.5,0.5,0.5,traj,duration (s),median,91.318
resolution,1,0.02,0.03535533905932738,0.5,0.5,0.5,traj,duration (s),min,90.92500000000001
resolution,1,0.02,0.03535533905932738,0.5,0.5,0.5,traj,duration (s),max,91.57799999999999
resolution,1,0.02,0.03535533905932738,0.5,0.5,0.5,completion,successes,count,0.0
resolution,1,0.02,0.03535533905932738,0.5,0.5,0.5,completion,failures,count,5.0
resolution,1,0.02,0.03535533905932738,0.5,0.5,0.5,completion,errors,count,0.0
resolution,1,0.02,0.03535533905932738,0.5,0.5,0.5,completion,data or metrics missing,count,0.0
resolution,1,0.02,0.03535533905932738,0.5,0.5,0.5,latency,latency,mean,0.011487804878048784
resolution,1,0.02,0.03535533905932738,0.5,0.5,0.5,latency,latency,std_dev,0.006113248113606448
resolution,1,0.02,0.03535533905932738,0.5,0.5,0.5,latency,latency,median,0.013000000000000001
resolution,1,0.02,0.03535533905932738,0.5,0.5,0.5,latency,latency,min,0.0
resolution,1,0.02,0.03535533905932738,0.5,0.5,0.5,latency,latency,max,0.022000000000000002
resolution,1,0.02,0.03535533905932738,0.5,0.5,0.5,cov,trace,mean,0.005346102362204724
resolution,1,0.02,0.03535533905932738,0.5,0.5,0.5,cov,trace,std_dev,0.0024709329260332114
resolution,1,0.02,0.03535533905932738,0.5,0.5,0.5,cov,trace,median,0.004893999999999999
resolution,1,0.02,0.03535533905932738,0.5,0.5,0.5,cov,trace,min,0.0033910000000000004
resolution,1,0.02,0.03535533905932738,0.5,0.5,0.5,cov,trace,max,0.017280999999999998
resolution,1,0.02,0.03535533905932738,0.5,0.5,0.5,cov,trace,rmse,0.005889509316753475
resolution,1,0.02,0.03535533905932738,0.5,0.5,0.5,cov,det,mean,2.5511626052755887e-10
resolution,1,0.02,0.03535533905932738,0.5,0.5,0.5,cov,det,std_dev,1.471522415481481e-10
resolution,1,0.02,0.03535533905932738,0.5,0.5,0.5,cov,det,median,2.0111873799999962e-10
resolution,1,0.02,0.03535533905932738,0.5,0.5,0.5,cov,det,min,6.200037199999996e-11
resolution,1,0.02,0.03535533905932738,0.5,0.5,0.5,cov,det,max,9.213332920000003e-10
resolution,1,0.02,0.03535533905932738,0.5,0.5,0.5,cov,det,rmse,2.945133079815068e-10
resolution,1,0.02,0.05000000000000001,0.5,0.5,0.5,traj,APE,mean,0.08273133491973726
resolution,1,0.02,0.05000000000000001,0.5,0.5,0.5,traj,APE,std_dev,0.07272955213762972
resolution,1,0.02,0.05000000000000001,0.5,0.5,0.5,traj,APE,median,0.05721113454125733
resolution,1,0.02,0.05000000000000001,0.5,0.5,0.5,traj,APE,min,8.131516293641283e-19
resolution,1,0.02,0.05000000000000001,0.5,0.5,0.5,traj,APE,max,0.36460604926085216
resolution,1,0.02,0.05000000000000001,0.5,0.5,0.5,traj,APE,rmse,0.11015471633907435
resolution,1,0.02,0.05000000000000001,0.5,0.5,0.5,traj,RPE,mean,0.05404258729757451
resolution,1,0.02,0.05000000000000001,0.5,0.5,0.5,traj,RPE,std_dev,0.030522163247541288
resolution,1,0.02,0.05000000000000001,0.5,0.5,0.5,traj,RPE,median,0.045767598002006304
resolution,1,0.02,0.05000000000000001,0.5,0.5,0.5,traj,RPE,min,0.01321862368923026
resolution,1,0.02,0.05000000000000001,0.5,0.5,0.5,traj,RPE,max,0.15984649877450874
resolution,1,0.02,0.05000000000000001,0.5,0.5,0.5,traj,RPE,rmse,0.062066123538735064
resolution,1,0.02,0.05000000000000001,0.5,0.5,0.5,traj,num associated poses,mean,27.4
resolution,1,0.02,0.05000000000000001,0.5,0.5,0.5,traj,num associated poses,std_dev,0.4898979485566356
resolution,1,0.02,0.05000000000000001,0.5,0.5,0.5,traj,num associated poses,median,27.0
resolution,1,0.02,0.05000000000000001,0.5,0.5,0.5,traj,num associated poses,min,27.0
resolution,1,0.02,0.05000000000000001,0.5,0.5,0.5,traj,num associated poses,max,28.0
resolution,1,0.02,0.05000000000000001,0.5,0.5,0.5,traj,num gt poses,mean,174.0
resolution,1,0.02,0.05000000000000001,0.5,0.5,0.5,traj,num gt poses,std_dev,2.898275349237888
resolution,1,0.02,0.05000000000000001,0.5,0.5,0.5,traj,num gt poses,median,174.0
resolution,1,0.02,0.05000000000000001,0.5,0.5,0.5,traj,num gt poses,min,169.0
resolution,1,0.02,0.05000000000000001,0.5,0.5,0.5,traj,num gt poses,max,178.0
resolution,1,0.02,0.05000000000000001,0.5,0.5,0.5,traj,odom accum path length (m),mean,11.554382200000001
resolution,1,0.02,0.05000000000000001,0.5,0.5,0.5,traj,odom accum path length (m),std_dev,0.10574858208675898
resolution,1,0.02,0.05000000000000001,0.5,0.5,0.5,traj,odom accum path length (m),median,11.582318
resolution,1,0.02,0.05000000000000001,0.5,0.5,0.5,traj,odom accum path length (m),min,11.399521
resolution,1,0.02,0.05000000000000001,0.5,0.5,0.5,traj,odom accum path length (m),max,11.712099
resolution,1,0.02,0.05000000000000001,0.5,0.5,0.5,traj,total rotation (rad),mean,9.7692468
resolution,1,0.02,0.05000000000000001,0.5,0.5,0.5,traj,total rotation (rad),std_dev,0.46554109966248935
resolution,1,0.02,0.05000000000000001,0.5,0.5,0.5,traj,total rotation (rad),median,9.70992
resolution,1,0.02,0.05000000000000001,0.5,0.5,0.5,traj,total rotation (rad),min,9.100956
resolution,1,0.02,0.05000000000000001,0.5,0.5,0.5,traj,total rotation (rad),max,10.551371
resolution,1,0.02,0.05000000000000001,0.5,0.5,0.5,traj,duration (s),mean,23.8526
resolution,1,0.02,0.05000000000000001,0.5,0.5,0.5,traj,duration (s),std_dev,0.4007306327197852
resolution,1,0.02,0.05000000000000001,0.5,0.5,0.5,traj,duration (s),median,23.839
resolution,1,0.02,0.05000000000000001,0.5,0.5,0.5,traj,duration (s),min,23.204
resolution,1,0.02,0.05000000000000001,0.5,0.5,0.5,traj,duration (s),max,24.465999999999998
resolution,1,0.02,0.05000000000000001,0.5,0.5,0.5,completion,successes,count,5.0
resolution,1,0.02,0.05000000000000001,0.5,0.5,0.5,completion,failures,count,0.0
resolution,1,0.02,0.05000000000000001,0.5,0.5,0.5,completion,errors,count,0.0
resolution,1,0.02,0.05000000000000001,0.5,0.5,0.5,completion,data or metrics missing,count,0.0
resolution,1,0.02,0.05000000000000001,0.5,0.5,0.5,latency,latency,mean,0.004642335766423359
resolution,1,0.02,0.05000000000000001,0.5,0.5,0.5,latency,latency,std_dev,0.0034168693279154286
resolution,1,0.02,0.05000000000000001,0.5,0.5,0.5,latency,latency,median,0.003
resolution,1,0.02,0.05000000000000001,0.5,0.5,0.5,latency,latency,min,0.0
resolution,1,0.02,0.05000000000000001,0.5,0.5,0.5,latency,latency,max,0.013000000000000001
resolution,1,0.02,0.05000000000000001,0.5,0.5,0.5,cov,trace,mean,0.005881496453900709
resolution,1,0.02,0.05000000000000001,0.5,0.5,0.5,cov,trace,std_dev,0.0028409264511865236
resolution,1,0.02,0.05000000000000001,0.5,0.5,0.5,cov,trace,median,0.005012
resolution,1,0.02,0.05000000000000001,0.5,0.5,0.5,cov,trace,min,0.0025009999999999998
resolution,1,0.02,0.05000000000000001,0.5,0.5,0.5,cov,trace,max,0.022278
resolution,1,0.02,0.05000000000000001,0.5,0.5,0.5,cov,trace,rmse,0.006531681532216484
resolution,1,0.02,0.05000000000000001,0.5,0.5,0.5,cov,det,mean,3.9337084166666655e-10
resolution,1,0.02,0.05000000000000001,0.5,0.5,0.5,cov,det,std_dev,3.8019774655333794e-10
resolution,1,0.02,0.05000000000000001,0.5,0.5,0.5,cov,det,median,2.6675417400000003e-10
resolution,1,0.02,0.05000000000000001,0.5,0.5,0.5,cov,det,min,5.825771099999999e-11
resolution,1,0.02,0.05000000000000001,0.5,0.5,0.5,cov,det,max,2.561735299999997e-09
resolution,1,0.02,0.05000000000000001,0.5,0.5,0.5,cov,det,rmse,5.470748994038913e-10
resolution,1,0.02,0.07071067811865477,0.5,0.5,0.5,traj,APE,mean,0.04582246954436105
resolution,1,0.02,0.07071067811865477,0.5,0.5,0.5,traj,APE,std_dev,0.013542533021576948
resolution,1,0.02,0.07071067811865477,0.5,0.5,0.5,traj,APE,median,0.0456232504690838
resolution,1,0.02,0.07071067811865477,0.5,0.5,0.5,traj,APE,min,1.0842157249279582e-17
resolution,1,0.02,0.07071067811865477,0.5,0.5,0.5,traj,APE,max,0.07355424953230164
resolution,1,0.02,0.07071067811865477,0.5,0.5,0.5,traj,APE,rmse,0.04778178435119808
resolution,1,0.02,0.07071067811865477,0.5,0.5,0.5,traj,RPE,mean,
resolution,1,0.02,0.07071067811865477,0.5,0.5,0.5,traj,RPE,std_dev,
resolution,1,0.02,0.07071067811865477,0.5,0.5,0.5,traj,RPE,median,
resolution,1,0.02,0.07071067811865477,0.5,0.5,0.5,traj,RPE,rmse,
resolution,1,0.02,0.07071067811865477,0.5,0.5,0.5,traj,RPE,min,
resolution,1,0.02,0.07071067811865477,0.5,0.5,0.5,traj,RPE,max,
resolution,1,0.02,0.07071067811865477,0.5,0.5,0.5,traj,num associated poses,mean,25.0
resolution,1,0.02,0.07071067811865477,0.5,0.5,0.5,traj,num associated poses,std_dev,0.0
resolution,1,0.02,0.07071067811865477,0.5,0.5,0.5,traj,num associated poses,median,25.0
resolution,1,0.02,0.07071067811865477,0.5,0.5,0.5,traj,num associated poses,min,25.0
resolution,1,0.02,0.07071067811865477,0.5,0.5,0.5,traj,num associated poses,max,25.0
resolution,1,0.02,0.07071067811865477,0.5,0.5,0.5,traj,num gt poses,mean,657.25
resolution,1,0.02,0.07071067811865477,0.5,0.5,0.5,traj,num gt poses,std_dev,2.0463381929681126
resolution,1,0.02,0.07071067811865477,0.5,0.5,0.5,traj,num gt poses,median,658.0
resolution,1,0.02,0.07071067811865477,0.5,0.5,0.5,traj,num gt poses,min,654.0
resolution,1,0.02,0.07071067811865477,0.5,0.5,0.5,traj,num gt poses,max,659.0
resolution,1,0.02,0.07071067811865477,0.5,0.5,0.5,traj,odom accum path length (m),mean,0.2195055
resolution,1,0.02,0.07071067811865477,0.5,0.5,0.5,traj,odom accum path length (m),std_dev,0.018678061429120523
resolution,1,0.02,0.07071067811865477,0.5,0.5,0.5,traj,odom accum path length (m),median,0.225242
resolution,1,0.02,0.07071067811865477,0.5,0.5,0.5,traj,odom accum path length (m),min,0.189171
resolution,1,0.02,0.07071067811865477,0.5,0.5,0.5,traj,odom accum path length (m),max,0.238367
resolution,1,0.02,0.07071067811865477,0.5,0.5,0.5,traj,total rotation (rad),mean,0.82753475
resolution,1,0.02,0.07071067811865477,0.5,0.5,0.5,traj,total rotation (rad),std_dev,0.022334341107082163
resolution,1,0.02,0.07071067811865477,0.5,0.5,0.5,traj,total rotation (rad),median,0.8219609999999999
resolution,1,0.02,0.07071067811865477,0.5,0.5,0.5,traj,total rotation (rad),min,0.803831
resolution,1,0.02,0.07071067811865477,0.5,0.5,0.5,traj,total rotation (rad),max,0.862386
resolution,1,0.02,0.07071067811865477,0.5,0.5,0.5,traj,duration (s),mean,89.97300000000001
resolution,1,0.02,0.07071067811865477,0.5,0.5,0.5,traj,duration (s),std_dev,0.07022819946431515
resolution,1,0.02,0.07071067811865477,0.5,0.5,0.5,traj,duration (s),median,90.001
resolution,1,0.02,0.07071067811865477,0.5,0.5,0.5,traj,duration (s),min,89.855
resolution,1,0.02,0.07071067811865477,0.5,0.5,0.5,traj,duration (s),max,90.035
resolution,1,0.02,0.07071067811865477,0.5,0.5,0.5,completion,successes,count,0.0
resolution,1,0.02,0.07071067811865477,0.5,0.5,0.5,completion,failures,count,4.0
resolution,1,0.02,0.07071067811865477,0.5,0.5,0.5,completion,errors,count,1.0
resolution,1,0.02,0.07071067811865477,0.5,0.5,0.5,completion,data or metrics missing,count,1.0
resolution,1,0.02,0.07071067811865477,0.5,0.5,0.5,latency,latency,mean,0.006010000000000001
resolution,1,0.02,0.07071067811865477,0.5,0.5,0.5,latency,latency,std_dev,0.0019518965136502502
resolution,1,0.02,0.07071067811865477,0.5,0.5,0.5,latency,latency,median,0.006
resolution,1,0.02,0.07071067811865477,0.5,0.5,0.5,latency,latency,min,0.001
resolution,1,0.02,0.07071067811865477,0.5,0.5,0.5,latency,latency,max,0.015000000000000001
resolution,1,0.02,0.07071067811865477,0.5,0.5,0.5,cov,trace,mean,0.004932049019607843
resolution,1,0.02,0.07071067811865477,0.5,0.5,0.5,cov,trace,std_dev,0.0013931962150664596
resolution,1,0.02,0.07071067811865477,0.5,0.5,0.5,cov,trace,median,0.004789
resolution,1,0.02,0.07071067811865477,0.5,0.5,0.5,cov,trace,min,0.0031130000000000003
resolution,1,0.02,0.07071067811865477,0.5,0.5,0.5,cov,trace,max,0.011342999999999999
resolution,1,0.02,0.07071067811865477,0.5,0.5,0.5,cov,trace,rmse,0.005125046655933017
resolution,1,0.02,0.07071067811865477,0.5,0.5,0.5,cov,det,mean,2.4798210391176457e-10
resolution,1,0.02,0.07071067811865477,0.5,0.5,0.5,cov,det,std_dev,1.4095027777967412e-10
resolution,1,0.02,0.07071067811865477,0.5,0.5,0.5,cov,det,median,2.0514322400000003e-10
resolution,1,0.02,0.07071067811865477,0.5,0.5,0.5,cov,det,min,7.735290500000005e-11
resolution,1,0.02,0.07071067811865477,0.5,0.5,0.5,cov,det,max,7.019858049999996e-10
resolution,1,0.02,0.07071067811865477,0.5,0.5,0.5,cov,det,rmse,2.852404330852702e-10
resolution,1,0.02,0.10000000000000002,0.5,0.5,0.5,traj,APE,mean,0.046608533696783444
resolution,1,0.02,0.10000000000000002,0.5,0.5,0.5,traj,APE,std_dev,0.016327712709137108
resolution,1,0.02,0.10000000000000002,0.5,0.5,0.5,traj,APE,median,0.04759810648475347
resolution,1,0.02,0.10000000000000002,0.5,0.5,0.5,traj,APE,min,4.471923260003929e-18
resolution,1,0.02,0.10000000000000002,0.5,0.5,0.5,traj,APE,max,0.07716770789043634
resolution,1,0.02,0.10000000000000002,0.5,0.5,0.5,traj,APE,rmse,0.04938572279187897
resolution,1,0.02,0.10000000000000002,0.5,0.5,0.5,traj,RPE,mean,
resolution,1,0.02,0.10000000000000002,0.5,0.5,0.5,traj,RPE,std_dev,
resolution,1,0.02,0.10000000000000002,0.5,0.5,0.5,traj,RPE,median,
resolution,1,0.02,0.10000000000000002,0.5,0.5,0.5,traj,RPE,rmse,
resolution,1,0.02,0.10000000000000002,0.5,0.5,0.5,traj,RPE,min,
resolution,1,0.02,0.10000000000000002,0.5,0.5,0.5,traj,RPE,max,
resolution,1,0.02,0.10000000000000002,0.5,0.5,0.5,traj,num associated poses,mean,25.0
resolution,1,0.02,0.10000000000000002,0.5,0.5,0.5,traj,num associated poses,std_dev,0.0
resolution,1,0.02,0.10000000000000002,0.5,0.5,0.5,traj,num associated poses,median,25.0
resolution,1,0.02,0.10000000000000002,0.5,0.5,0.5,traj,num associated poses,min,25.0
resolution,1,0.02,0.10000000000000002,0.5,0.5,0.5,traj,num associated poses,max,25.0
resolution,1,0.02,0.10000000000000002,0.5,0.5,0.5,traj,num gt poses,mean,658.8
resolution,1,0.02,0.10000000000000002,0.5,0.5,0.5,traj,num gt poses,std_dev,1.5999999999999999
resolution,1,0.02,0.10000000000000002,0.5,0.5,0.5,traj,num gt poses,median,659.0
resolution,1,0.02,0.10000000000000002,0.5,0.5,0.5,traj,num gt poses,min,657.0
resolution,1,0.02,0.10000000000000002,0.5,0.5,0.5,traj,num gt poses,max,661.0
resolution,1,0.02,0.10000000000000002,0.5,0.5,0.5,traj,odom accum path length (m),mean,0.2343656
resolution,1,0.02,0.10000000000000002,0.5,0.5,0.5,traj,odom accum path length (m),std_dev,0.04056404776942262
resolution,1,0.02,0.10000000000000002,0.5,0.5,0.5,traj,odom accum path length (m),median,0.232519
resolution,1,0.02,0.10000000000000002,0.5,0.5,0.5,traj,odom accum path length (m),min,0.189423
resolution,1,0.02,0.10000000000000002,0.5,0.5,0.5,traj,odom accum path length (m),max,0.303466
resolution,1,0.02,0.10000000000000002,0.5,0.5,0.5,traj,total rotation (rad),mean,0.8504413999999999
resolution,1,0.02,0.10000000000000002,0.5,0.5,0.5,traj,total rotation (rad),std_dev,0.08061059112945393
resolution,1,0.02,0.10000000000000002,0.5,0.5,0.5,traj,total rotation (rad),median,0.866015
resolution,1,0.02,0.10000000000000002,0.5,0.5,0.5,traj,total rotation (rad),min,0.700211
resolution,1,0.02,0.10000000000000002,0.5,0.5,0.5,traj,total rotation (rad),max,0.941927
resolution,1,0.02,0.10000000000000002,0.5,0.5,0.5,traj,duration (s),mean,89.86600000000001
resolution,1,0.02,0.10000000000000002,0.5,0.5,0.5,traj,duration (s),std_dev,0.15166542124030627
resolution,1,0.02,0.10000000000000002,0.5,0.5,0.5,traj,duration (s),median,89.85300000000001
resolution,1,0.02,0.10000000000000002,0.5,0.5,0.5,traj,duration (s),min,89.66900000000001
resolution,1,0.02,0.10000000000000002,0.5,0.5,0.5,traj,duration (s),max,90.102
resolution,1,0.02,0.10000000000000002,0.5,0.5,0.5,completion,successes,count,0.0
resolution,1,0.02,0.10000000000000002,0.5,0.5,0.5,completion,failures,count,5.0
resolution,1,0.02,0.10000000000000002,0.5,0.5,0.5,completion,errors,count,0.0
resolution,1,0.02,0.10000000000000002,0.5,0.5,0.5,completion,data or metrics missing,count,0.0
resolution,1,0.02,0.10000000000000002,0.5,0.5,0.5,latency,latency,mean,0.00544
resolution,1,0.02,0.10000000000000002,0.5,0.5,0.5,latency,latency,std_dev,0.0012483589227461787
resolution,1,0.02,0.10000000000000002,0.5,0.5,0.5,latency,latency,median,0.006
resolution,1,0.02,0.10000000000000002,0.5,0.5,0.5,latency,latency,min,0.0
resolution,1,0.02,0.10000000000000002,0.5,0.5,0.5,latency,latency,max,0.008
resolution,1,0.02,0.10000000000000002,0.5,0.5,0.5,cov,trace,mean,0.005051395348837209
resolution,1,0.02,0.10000000000000002,0.5,0.5,0.5,cov,trace,std_dev,0.0015299054306214593
resolution,1,0.02,0.10000000000000002,0.5,0.5,0.5,cov,trace,median,0.004769
resolution,1,0.02,0.10000000000000002,0.5,0.5,0.5,cov,trace,min,0.003051
resolution,1,0.02,0.10000000000000002,0.5,0.5,0.5,cov,trace,max,0.013394999999999999
resolution,1,0.02,0.10000000000000002,0.5,0.5,0.5,cov,trace,rmse,0.005277992572645326
resolution,1,0.02,0.10000000000000002,0.5,0.5,0.5,cov,det,mean,2.633290817519378e-10
resolution,1,0.02,0.10000000000000002,0.5,0.5,0.5,cov,det,std_dev,1.4984839085663175e-10
resolution,1,0.02,0.10000000000000002,0.5,0.5,0.5,cov,det,median,2.3004165000000002e-10
resolution,1,0.02,0.10000000000000002,0.5,0.5,0.5,cov,det,min,7.887863199999996e-11
resolution,1,0.02,0.10000000000000002,0.5,0.5,0.5,cov,det,max,7.483529709999991e-10
resolution,1,0.02,0.10000000000000002,0.5,0.5,0.5,cov,det,rmse,3.029797774417306e-10
resolution,1,0.02,0.14142135623730953,0.5,0.5,0.5,traj,APE,mean,0.046309434729418696
resolution,1,0.02,0.14142135623730953,0.5,0.5,0.5,traj,APE,std_dev,0.015950122656810468
resolution,1,0.02,0.14142135623730953,0.5,0.5,0.5,traj,APE,median,0.04470704744355144
resolution,1,0.02,0.14142135623730953,0.5,0.5,0.5,traj,APE,min,7.155939676778717e-18
resolution,1,0.02,0.14142135623730953,0.5,0.5,0.5,traj,APE,max,0.08140255825428444
resolution,1,0.02,0.14142135623730953,0.5,0.5,0.5,traj,APE,rmse,0.048979282944175376
resolution,1,0.02,0.14142135623730953,0.5,0.5,0.5,traj,RPE,mean,
resolution,1,0.02,0.14142135623730953,0.5,0.5,0.5,traj,RPE,std_dev,
resolution,1,0.02,0.14142135623730953,0.5,0.5,0.5,traj,RPE,median,
resolution,1,0.02,0.14142135623730953,0.5,0.5,0.5,traj,RPE,rmse,
resolution,1,0.02,0.14142135623730953,0.5,0.5,0.5,traj,RPE,min,
resolution,1,0.02,0.14142135623730953,0.5,0.5,0.5,traj,RPE,max,
resolution,1,0.02,0.14142135623730953,0.5,0.5,0.5,traj,num associated poses,mean,25.0
resolution,1,0.02,0.14142135623730953,0.5,0.5,0.5,traj,num associated poses,std_dev,0.0
resolution,1,0.02,0.14142135623730953,0.5,0.5,0.5,traj,num associated poses,median,25.0
resolution,1,0.02,0.14142135623730953,0.5,0.5,0.5,traj,num associated poses,min,25.0
resolution,1,0.02,0.14142135623730953,0.5,0.5,0.5,traj,num associated poses,max,25.0
resolution,1,0.02,0.14142135623730953,0.5,0.5,0.5,traj,num gt poses,mean,658.8
resolution,1,0.02,0.14142135623730953,0.5,0.5,0.5,traj,num gt poses,std_dev,2.925747767665559
resolution,1,0.02,0.14142135623730953,0.5,0.5,0.5,traj,num gt poses,median,660.0
resolution,1,0.02,0.14142135623730953,0.5,0.5,0.5,traj,num gt poses,min,654.0
resolution,1,0.02,0.14142135623730953,0.5,0.5,0.5,traj,num gt poses,max,662.0
resolution,1,0.02,0.14142135623730953,0.5,0.5,0.5,traj,odom accum path length (m),mean,0.226222
resolution,1,0.02,0.14142135623730953,0.5,0.5,0.5,traj,odom accum path length (m),std_dev,0.021921228697315304
resolution,1,0.02,0.14142135623730953,0.5,0.5,0.5,traj,odom accum path length (m),median,0.233083
resolution,1,0.02,0.14142135623730953,0.5,0.5,0.5,traj,odom accum path length (m),min,0.186046
resolution,1,0.02,0.14142135623730953,0.5,0.5,0.5,traj,odom accum path length (m),max,0.248865
resolution,1,0.02,0.14142135623730953,0.5,0.5,0.5,traj,total rotation (rad),mean,0.8961902
resolution,1,0.02,0.14142135623730953,0.5,0.5,0.5,traj,total rotation (rad),std_dev,0.09183885788793325
resolution,1,0.02,0.14142135623730953,0.5,0.5,0.5,traj,total rotation (rad),median,0.851824
resolution,1,0.02,0.14142135623730953,0.5,0.5,0.5,traj,total rotation (rad),min,0.773624
resolution,1,0.02,0.14142135623730953,0.5,0.5,0.5,traj,total rotation (rad),max,1.020297
resolution,1,0.02,0.14142135623730953,0.5,0.5,0.5,traj,duration (s),mean,89.9612
resolution,1,0.02,0.14142135623730953,0.5,0.5,0.5,traj,duration (s),std_dev,0.208727956920002
resolution,1,0.02,0.14142135623730953,0.5,0.5,0.5,traj,duration (s),median,90.042
resolution,1,0.02,0.14142135623730953,0.5,0.5,0.5,traj,duration (s),min,89.57400000000001
resolution,1,0.02,0.14142135623730953,0.5,0.5,0.5,traj,duration (s),max,90.142
resolution,1,0.02,0.14142135623730953,0.5,0.5,0.5,completion,successes,count,0.0
resolution,1,0.02,0.14142135623730953,0.5,0.5,0.5,completion,failures,count,5.0
resolution,1,0.02,0.14142135623730953,0.5,0.5,0.5,completion,errors,count,0.0
resolution,1,0.02,0.14142135623730953,0.5,0.5,0.5,completion,data or metrics missing,count,0.0
resolution,1,0.02,0.14142135623730953,0.5,0.5,0.5,latency,latency,mean,0.005744000000000002
resolution,1,0.02,0.14142135623730953,0.5,0.5,0.5,latency,latency,std_dev,0.0016194023588966394
resolution,1,0.02,0.14142135623730953,0.5,0.5,0.5,latency,latency,median,0.006
resolution,1,0.02,0.14142135623730953,0.5,0.5,0.5,latency,latency,min,0.001
resolution,1,0.02,0.14142135623730953,0.5,0.5,0.5,latency,latency,max,0.012
resolution,1,0.02,0.14142135623730953,0.5,0.5,0.5,cov,trace,mean,0.005113176923076923
resolution,1,0.02,0.14142135623730953,0.5,0.5,0.5,cov,trace,std_dev,0.0015086997787977497
resolution,1,0.02,0.14142135623730953,0.5,0.5,0.5,cov,trace,median,0.004958499999999999
resolution,1,0.02,0.14142135623730953,0.5,0.5,0.5,cov,trace,min,0.0033209999999999997
resolution,1,0.02,0.14142135623730953,0.5,0.5,0.5,cov,trace,max,0.011857999999999999
resolution,1,0.02,0.14142135623730953,0.5,0.5,0.5,cov,trace,rmse,0.005331111822990657
resolution,1,0.02,0.14142135623730953,0.5,0.5,0.5,cov,det,mean,2.6286464915384613e-10
resolution,1,0.02,0.14142135623730953,0.5,0.5,0.5,cov,det,std_dev,1.5114378100429825e-10
resolution,1,0.02,0.14142135623730953,0.5,0.5,0.5,cov,det,median,2.227354890000003e-10
resolution,1,0.02,0.14142135623730953,0.5,0.5,0.5,cov,det,min,8.193783599999993e-11
resolution,1,0.02,0.14142135623730953,0.5,0.5,0.5,cov,det,max,7.543453990000001e-10
resolution,1,0.02,0.14142135623730953,0.5,0.5,0.5,cov,det,rmse,3.0321983165856726e-10
resolution,1,0.02,0.20000000000000004,0.5,0.5,0.5,traj,APE,mean,0.043214755165436256
resolution,1,0.02,0.20000000000000004,0.5,0.5,0.5,traj,APE,std_dev,0.01346603655718945
resolution,1,0.02,0.20000000000000004,0.5,0.5,0.5,traj,APE,median,0.04350697382104254
resolution,1,0.02,0.20000000000000004,0.5,0.5,0.5,traj,APE,min,8.456950693950215e-18
resolution,1,0.02,0.20000000000000004,0.5,0.5,0.5,traj,APE,max,0.07260500428718254
resolution,1,0.02,0.20000000000000004,0.5,0.5,0.5,traj,APE,rmse,0.04526421549710282
resolution,1,0.02,0.20000000000000004,0.5,0.5,0.5,traj,RPE,mean,
resolution,1,0.02,0.20000000000000004,0.5,0.5,0.5,traj,RPE,std_dev,
resolution,1,0.02,0.20000000000000004,0.5,0.5,0.5,traj,RPE,median,
resolution,1,0.02,0.20000000000000004,0.5,0.5,0.5,traj,RPE,rmse,
resolution,1,0.02,0.20000000000000004,0.5,0.5,0.5,traj,RPE,min,
resolution,1,0.02,0.20000000000000004,0.5,0.5,0.5,traj,RPE,max,
resolution,1,0.02,0.20000000000000004,0.5,0.5,0.5,traj,num associated poses,mean,25.0
resolution,1,0.02,0.20000000000000004,0.5,0.5,0.5,traj,num associated poses,std_dev,0.0
resolution,1,0.02,0.20000000000000004,0.5,0.5,0.5,traj,num associated poses,median,25.0
resolution,1,0.02,0.20000000000000004,0.5,0.5,0.5,traj,num associated poses,min,25.0
resolution,1,0.02,0.20000000000000004,0.5,0.5,0.5,traj,num associated poses,max,25.0
resolution,1,0.02,0.20000000000000004,0.5,0.5,0.5,traj,num gt poses,mean,657.4
resolution,1,0.02,0.20000000000000004,0.5,0.5,0.5,traj,num gt poses,std_dev,1.0198039027185568
resolution,1,0.02,0.20000000000000004,0.5,0.5,0.5,traj,num gt poses,median,657.0
resolution,1,0.02,0.20000000000000004,0.5,0.5,0.5,traj,num gt poses,min,656.0
resolution,1,0.02,0.20000000000000004,0.5,0.5,0.5,traj,num gt poses,max,659.0
resolution,1,0.02,0.20000000000000004,0.5,0.5,0.5,traj,odom accum path length (m),mean,0.2042268
resolution,1,0.02,0.20000000000000004,0.5,0.5,0.5,traj,odom accum path length (m),std_dev,0.013582410439977136
resolution,1,0.02,0.20000000000000004,0.5,0.5,0.5,traj,odom accum path length (m),median,0.202169
resolution,1,0.02,0.20000000000000004,0.5,0.5,0.5,traj,odom accum path length (m),min,0.183286
resolution,1,0.02,0.20000000000000004,0.5,0.5,0.5,traj,odom accum path length (m),max,0.220656
resolution,1,0.02,0.20000000000000004,0.5,0.5,0.5,traj,total rotation (rad),mean,0.9010172000000001
resolution,1,0.02,0.20000000000000004,0.5,0.5,0.5,traj,total rotation (rad),std_dev,0.07221179329278563
resolution,1,0.02,0.20000000000000004,0.5,0.5,0.5,traj,total rotation (rad),median,0.872671
resolution,1,0.02,0.20000000000000004,0.5,0.5,0.5,traj,total rotation (rad),min,0.827801
resolution,1,0.02,0.20000000000000004,0.5,0.5,0.5,traj,total rotation (rad),max,1.007001
resolution,1,0.02,0.20000000000000004,0.5,0.5,0.5,traj,duration (s),mean,89.8244
resolution,1,0.02,0.20000000000000004,0.5,0.5,0.5,traj,duration (s),std_dev,0.09635060975416798
resolution,1,0.02,0.20000000000000004,0.5,0.5,0.5,traj,duration (s),median,89.83800000000001
resolution,1,0.02,0.20000000000000004,0.5,0.5,0.5,traj,duration (s),min,89.673
resolution,1,0.02,0.20000000000000004,0.5,0.5,0.5,traj,duration (s),max,89.93599999999999
resolution,1,0.02,0.20000000000000004,0.5,0.5,0.5,completion,successes,count,0.0
resolution,1,0.02,0.20000000000000004,0.5,0.5,0.5,completion,failures,count,5.0
resolution,1,0.02,0.20000000000000004,0.5,0.5,0.5,completion,errors,count,0.0
resolution,1,0.02,0.20000000000000004,0.5,0.5,0.5,completion,data or metrics missing,count,0.0
resolution,1,0.02,0.20000000000000004,0.5,0.5,0.5,latency,latency,mean,0.005584000000000001
resolution,1,0.02,0.20000000000000004,0.5,0.5,0.5,latency,latency,std_dev,0.001369285945301419
resolution,1,0.02,0.20000000000000004,0.5,0.5,0.5,latency,latency,median,0.006
resolution,1,0.02,0.20000000000000004,0.5,0.5,0.5,latency,latency,min,0.0
resolution,1,0.02,0.20000000000000004,0.5,0.5,0.5,latency,latency,max,0.01
resolution,1,0.02,0.20000000000000004,0.5,0.5,0.5,cov,trace,mean,0.0049781953125
resolution,1,0.02,0.20000000000000004,0.5,0.5,0.5,cov,trace,std_dev,0.001341801948748595
resolution,1,0.02,0.20000000000000004,0.5,0.5,0.5,cov,trace,median,0.004831499999999999
resolution,1,0.02,0.20000000000000004,0.5,0.5,0.5,cov,trace,min,0.003123
resolution,1,0.02,0.20000000000000004,0.5,0.5,0.5,cov,trace,max,0.010206
resolution,1,0.02,0.20000000000000004,0.5,0.5,0.5,cov,trace,rmse,0.005155856964565881
resolution,1,0.02,0.20000000000000004,0.5,0.5,0.5,cov,det,mean,2.540363531171875e-10
resolution,1,0.02,0.20000000000000004,0.5,0.5,0.5,cov,det,std_dev,1.3300280726730089e-10
resolution,1,0.02,0.20000000000000004,0.5,0.5,0.5,cov,det,median,2.1865168000000005e-10
resolution,1,0.02,0.20000000000000004,0.5,0.5,0.5,cov,det,min,7.368061399999998e-11
resolution,1,0.02,0.20000000000000004,0.5,0.5,0.5,cov,det,max,6.958226049999998e-10
resolution,1,0.02,0.20000000000000004,0.5,0.5,0.5,cov,det,rmse,2.867476511604989e-10
minimum_time_interval,1,0.02,0.05,0.0625,0.5,0.5,traj,APE,mean,0.07299290571997923
minimum_time_interval,1,0.02,0.05,0.0625,0.5,0.5,traj,APE,std_dev,0.058255413800280285
minimum_time_interval,1,0.02,0.05,0.0625,0.5,0.5,traj,APE,median,0.05237274146585839
minimum_time_interval,1,0.02,0.05,0.0625,0.5,0.5,traj,APE,min,5.421010862427522e-20
minimum_time_interval,1,0.02,0.05,0.0625,0.5,0.5,traj,APE,max,0.26681756153263003
minimum_time_interval,1,0.02,0.05,0.0625,0.5,0.5,traj,APE,rmse,0.09338981487554016
minimum_time_interval,1,0.02,0.05,0.0625,0.5,0.5,traj,RPE,mean,0.04911310882158173
minimum_time_interval,1,0.02,0.05,0.0625,0.5,0.5,traj,RPE,std_dev,0.03109572365214136
minimum_time_interval,1,0.02,0.05,0.0625,0.5,0.5,traj,RPE,median,0.041813831839659116
minimum_time_interval,1,0.02,0.05,0.0625,0.5,0.5,traj,RPE,min,0.0035232379149370417
minimum_time_interval,1,0.02,0.05,0.0625,0.5,0.5,traj,RPE,max,0.1814852809767472
minimum_time_interval,1,0.02,0.05,0.0625,0.5,0.5,traj,RPE,rmse,0.05812952337298899
minimum_time_interval,1,0.02,0.05,0.0625,0.5,0.5,traj,num associated poses,mean,28.0
minimum_time_interval,1,0.02,0.05,0.0625,0.5,0.5,traj,num associated poses,std_dev,0.0
minimum_time_interval,1,0.02,0.05,0.0625,0.5,0.5,traj,num associated poses,median,28.0
minimum_time_interval,1,0.02,0.05,0.0625,0.5,0.5,traj,num associated poses,min,28.0
minimum_time_interval,1,0.02,0.05,0.0625,0.5,0.5,traj,num associated poses,max,28.0
minimum_time_interval,1,0.02,0.05,0.0625,0.5,0.5,traj,num gt poses,mean,173.6
minimum_time_interval,1,0.02,0.05,0.0625,0.5,0.5,traj,num gt poses,std_dev,3.1368774282716245
minimum_time_interval,1,0.02,0.05,0.0625,0.5,0.5,traj,num gt poses,median,174.0
minimum_time_interval,1,0.02,0.05,0.0625,0.5,0.5,traj,num gt poses,min,168.0
minimum_time_interval,1,0.02,0.05,0.0625,0.5,0.5,traj,num gt poses,max,177.0
minimum_time_interval,1,0.02,0.05,0.0625,0.5,0.5,traj,odom accum path length (m),mean,11.5513386
minimum_time_interval,1,0.02,0.05,0.0625,0.5,0.5,traj,odom accum path length (m),std_dev,0.07309982415738076
minimum_time_interval,1,0.02,0.05,0.0625,0.5,0.5,traj,odom accum path length (m),median,11.544052
minimum_time_interval,1,0.02,0.05,0.0625,0.5,0.5,traj,odom accum path length (m),min,11.458272
minimum_time_interval,1,0.02,0.05,0.0625,0.5,0.5,traj,odom accum path length (m),max,11.666614
minimum_time_interval,1,0.02,0.05,0.0625,0.5,0.5,traj,total rotation (rad),mean,9.8482078
minimum_time_interval,1,0.02,0.05,0.0625,0.5,0.5,traj,total rotation (rad),std_dev,0.3823832860852575
minimum_time_interval,1,0.02,0.05,0.0625,0.5,0.5,traj,total rotation (rad),median,9.987487
minimum_time_interval,1,0.02,0.05,0.0625,0.5,0.5,traj,total rotation (rad),min,9.306964
minimum_time_interval,1,0.02,0.05,0.0625,0.5,0.5,traj,total rotation (rad),max,10.351483
minimum_time_interval,1,0.02,0.05,0.0625,0.5,0.5,traj,duration (s),mean,23.891
minimum_time_interval,1,0.02,0.05,0.0625,0.5,0.5,traj,duration (s),std_dev,0.24864432428672154
minimum_time_interval,1,0.02,0.05,0.0625,0.5,0.5,traj,duration (s),median,23.955
minimum_time_interval,1,0.02,0.05,0.0625,0.5,0.5,traj,duration (s),min,23.603
minimum_time_interval,1,0.02,0.05,0.0625,0.5,0.5,traj,duration (s),max,24.251000000000005
minimum_time_interval,1,0.02,0.05,0.0625,0.5,0.5,completion,successes,count,5.0
minimum_time_interval,1,0.02,0.05,0.0625,0.5,0.5,completion,failures,count,0.0
minimum_time_interval,1,0.02,0.05,0.0625,0.5,0.5,completion,errors,count,0.0
minimum_time_interval,1,0.02,0.05,0.0625,0.5,0.5,completion,data or metrics missing,count,0.0
minimum_time_interval,1,0.02,0.05,0.0625,0.5,0.5,latency,latency,mean,0.005614285714285715
minimum_time_interval,1,0.02,0.05,0.0625,0.5,0.5,latency,latency,std_dev,0.004277158125748106
minimum_time_interval,1,0.02,0.05,0.0625,0.5,0.5,latency,latency,median,0.004
minimum_time_interval,1,0.02,0.05,0.0625,0.5,0.5,latency,latency,min,-0.004999999999999893
minimum_time_interval,1,0.02,0.05,0.0625,0.5,0.5,latency,latency,max,0.018000000000000002
minimum_time_interval,1,0.02,0.05,0.0625,0.5,0.5,cov,trace,mean,0.0055287172413793105
minimum_time_interval,1,0.02,0.05,0.0625,0.5,0.5,cov,trace,std_dev,0.0019173224170916181
minimum_time_interval,1,0.02,0.05,0.0625,0.5,0.5,cov,trace,median,0.005023
minimum_time_interval,1,0.02,0.05,0.0625,0.5,0.5,cov,trace,min,0.0025340000000000002
minimum_time_interval,1,0.02,0.05,0.0625,0.5,0.5,cov,trace,max,0.020715
minimum_time_interval,1,0.02,0.05,0.0625,0.5,0.5,cov,trace,rmse,0.005851738167946931
minimum_time_interval,1,0.02,0.05,0.0625,0.5,0.5,cov,det,mean,3.776625584551722e-10
minimum_time_interval,1,0.02,0.05,0.0625,0.5,0.5,cov,det,std_dev,3.206752750044302e-10
minimum_time_interval,1,0.02,0.05,0.0625,0.5,0.5,cov,det,median,2.717257659999999e-10
minimum_time_interval,1,0.02,0.05,0.0625,0.5,0.5,cov,det,min,4.833247200000001e-11
minimum_time_interval,1,0.02,0.05,0.0625,0.5,0.5,cov,det,max,2.200917761999998e-09
minimum_time_interval,1,0.02,0.05,0.0625,0.5,0.5,cov,det,rmse,4.954408542480861e-10
minimum_time_interval,1,0.02,0.05,0.08838834764831845,0.5,0.5,traj,APE,mean,0.07350293353807265
minimum_time_interval,1,0.02,0.05,0.08838834764831845,0.5,0.5,traj,APE,std_dev,0.05211640647147058
minimum_time_interval,1,0.02,0.05,0.08838834764831845,0.5,0.5,traj,APE,median,0.050978965152577556
minimum_time_interval,1,0.02,0.05,0.08838834764831845,0.5,0.5,traj,APE,min,8.131516293641283e-19
minimum_time_interval,1,0.02,0.05,0.08838834764831845,0.5,0.5,traj,APE,max,0.22291561307171473
minimum_time_interval,1,0.02,0.05,0.08838834764831845,0.5,0.5,traj,APE,rmse,0.0901043898053911
minimum_time_interval,1,0.02,0.05,0.08838834764831845,0.5,0.5,traj,RPE,mean,0.04909817289460874
minimum_time_interval,1,0.02,0.05,0.08838834764831845,0.5,0.5,traj,RPE,std_dev,0.028289347582934152
minimum_time_interval,1,0.02,0.05,0.08838834764831845,0.5,0.5,traj,RPE,median,0.04134759892332814
minimum_time_interval,1,0.02,0.05,0.08838834764831845,0.5,0.5,traj,RPE,min,0.009159382289274582
minimum_time_interval,1,0.02,0.05,0.08838834764831845,0.5,0.5,traj,RPE,max,0.1418742277911014
minimum_time_interval,1,0.02,0.05,0.08838834764831845,0.5,0.5,traj,RPE,rmse,0.056664960674626376
minimum_time_interval,1,0.02,0.05,0.08838834764831845,0.5,0.5,traj,num associated poses,mean,27.8
minimum_time_interval,1,0.02,0.05,0.08838834764831845,0.5,0.5,traj,num associated poses,std_dev,0.7483314773547882
minimum_time_interval,1,0.02,0.05,0.08838834764831845,0.5,0.5,traj,num associated poses,median,28.0
minimum_time_interval,1,0.02,0.05,0.08838834764831845,0.5,0.5,traj,num associated poses,min,27.0
minimum_time_interval,1,0.02,0.05,0.08838834764831845,0.5,0.5,traj,num associated poses,max,29.0
minimum_time_interval,1,0.02,0.05,0.08838834764831845,0.5,0.5,traj,num gt poses,mean,171.0
minimum_time_interval,1,0.02,0.05,0.08838834764831845,0.5,0.5,traj,num gt poses,std_dev,1.4142135623730951
minimum_time_interval,1,0.02,0.05,0.08838834764831845,0.5,0.5,traj,num gt poses,median,171.0
minimum_time_interval,1,0.02,0.05,0.08838834764831845,0.5,0.5,traj,num gt poses,min,169.0
minimum_time_interval,1,0.02,0.05,0.08838834764831845,0.5,0.5,traj,num gt poses,max,173.0
minimum_time_interval,1,0.02,0.05,0.08838834764831845,0.5,0.5,traj,odom accum path length (m),mean,11.5162064
minimum_time_interval,1,0.02,0.05,0.08838834764831845,0.5,0.5,traj,odom accum path length (m),std_dev,0.07964958927853942
minimum_time_interval,1,0.02,0.05,0.08838834764831845,0.5,0.5,traj,odom accum path length (m),median,11.503842
minimum_time_interval,1,0.02,0.05,0.08838834764831845,0.5,0.5,traj,odom accum path length (m),min,11.438184
minimum_time_interval,1,0.02,0.05,0.08838834764831845,0.5,0.5,traj,odom accum path length (m),max,11.66174
minimum_time_interval,1,0.02,0.05,0.08838834764831845,0.5,0.5,traj,total rotation (rad),mean,9.486570599999999
minimum_time_interval,1,0.02,0.05,0.08838834764831845,0.5,0.5,traj,total rotation (rad),std_dev,0.46642569936340333
minimum_time_interval,1,0.02,0.05,0.08838834764831845,0.5,0.5,traj,total rotation (rad),median,9.494034
minimum_time_interval,1,0.02,0.05,0.08838834764831845,0.5,0.5,traj,total rotation (rad),min,8.808189
minimum_time_interval,1,0.02,0.05,0.08838834764831845,0.5,0.5,traj,total rotation (rad),max,10.04498
minimum_time_interval,1,0.02,0.05,0.08838834764831845,0.5,0.5,traj,duration (s),mean,23.4332
minimum_time_interval,1,0.02,0.05,0.08838834764831845,0.5,0.5,traj,duration (s),std_dev,0.1159627526406654
minimum_time_interval,1,0.02,0.05,0.08838834764831845,0.5,0.5,traj,duration (s),median,23.386000000000003
minimum_time_interval,1,0.02,0.05,0.08838834764831845,0.5,0.5,traj,duration (s),min,23.278
minimum_time_interval,1,0.02,0.05,0.08838834764831845,0.5,0.5,traj,duration (s),max,23.604000000000003
minimum_time_interval,1,0.02,0.05,0.08838834764831845,0.5,0.5,completion,successes,count,5.0
minimum_time_interval,1,0.02,0.05,0.08838834764831845,0.5,0.5,completion,failures,count,0.0
minimum_time_interval,1,0.02,0.05,0.08838834764831845,0.5,0.5,completion,errors,count,0.0
minimum_time_interval,1,0.02,0.05,0.08838834764831845,0.5,0.5,completion,data or metrics missing,count,0.0
minimum_time_interval,1,0.02,0.05,0.08838834764831845,0.5,0.5,latency,latency,mean,0.0029424460431654686
minimum_time_interval,1,0.02,0.05,0.08838834764831845,0.5,0.5,latency,latency,std_dev,0.002398350104864992
minimum_time_interval,1,0.02,0.05,0.08838834764831845,0.5,0.5,latency,latency,median,0.003
minimum_time_interval,1,0.02,0.05,0.08838834764831845,0.5,0.5,latency,latency,min,-0.0009999999999998899
minimum_time_interval,1,0.02,0.05,0.08838834764831845,0.5,0.5,latency,latency,max,0.019
minimum_time_interval,1,0.02,0.05,0.08838834764831845,0.5,0.5,cov,trace,mean,0.0056222797202797195
minimum_time_interval,1,0.02,0.05,0.08838834764831845,0.5,0.5,cov,trace,std_dev,0.0022497812866677687
minimum_time_interval,1,0.02,0.05,0.08838834764831845,0.5,0.5,cov,trace,median,0.004951
minimum_time_interval,1,0.02,0.05,0.08838834764831845,0.5,0.5,cov,trace,min,0.002484
minimum_time_interval,1,0.02,0.05,0.08838834764831845,0.5,0.5,cov,trace,max,0.020555
minimum_time_interval,1,0.02,0.05,0.08838834764831845,0.5,0.5,cov,trace,rmse,0.006055703517421332
minimum_time_interval,1,0.02,0.05,0.08838834764831845,0.5,0.5,cov,det,mean,3.459405538811188e-10
minimum_time_interval,1,0.02,0.05,0.08838834764831845,0.5,0.5,cov,det,std_dev,3.0569145409724344e-10
minimum_time_interval,1,0.02,0.05,0.08838834764831845,0.5,0.5,cov,det,median,2.3733001700000015e-10
minimum_time_interval,1,0.02,0.05,0.08838834764831845,0.5,0.5,cov,det,min,5.571549399999996e-11
minimum_time_interval,1,0.02,0.05,0.08838834764831845,0.5,0.5,cov,det,max,1.9228110480000037e-09
minimum_time_interval,1,0.02,0.05,0.08838834764831845,0.5,0.5,cov,det,rmse,4.6165152650853686e-10
minimum_time_interval,1,0.02,0.05,0.12500000000000003,0.5,0.5,traj,APE,mean,0.06980536806491028
minimum_time_interval,1,0.02,0.05,0.12500000000000003,0.5,0.5,traj,APE,std_dev,0.04957112251551134
minimum_time_interval,1,0.02,0.05,0.12500000000000003,0.5,0.5,traj,APE,median,0.05130686784631595
minimum_time_interval,1,0.02,0.05,0.12500000000000003,0.5,0.5,traj,APE,min,9.215718466126788e-19
minimum_time_interval,1,0.02,0.05,0.12500000000000003,0.5,0.5,traj,APE,max,0.19882330772346996
minimum_time_interval,1,0.02,0.05,0.12500000000000003,0.5,0.5,traj,APE,rmse,0.08561591906955991
minimum_time_interval,1,0.02,0.05,0.12500000000000003,0.5,0.5,traj,RPE,mean,0.05398371747688743
minimum_time_interval,1,0.02,0.05,0.12500000000000003,0.5,0.5,traj,RPE,std_dev,0.033775272018255136
minimum_time_interval,1,0.02,0.05,0.12500000000000003,0.5,0.5,traj,RPE,median,0.04239328022472591
minimum_time_interval,1,0.02,0.05,0.12500000000000003,0.5,0.5,traj,RPE,min,0.005405176762926775
minimum_time_interval,1,0.02,0.05,0.12500000000000003,0.5,0.5,traj,RPE,max,0.1765913988479054
minimum_time_interval,1,0.02,0.05,0.12500000000000003,0.5,0.5,traj,RPE,rmse,0.0636789663274423
minimum_time_interval,1,0.02,0.05,0.12500000000000003,0.5,0.5,traj,num associated poses,mean,28.2
minimum_time_interval,1,0.02,0.05,0.12500000000000003,0.5,0.5,traj,num associated poses,std_dev,0.4
minimum_time_interval,1,0.02,0.05,0.12500000000000003,0.5,0.5,traj,num associated poses,median,28.0
minimum_time_interval,1,0.02,0.05,0.12500000000000003,0.5,0.5,traj,num associated poses,min,28.0
minimum_time_interval,1,0.02,0.05,0.12500000000000003,0.5,0.5,traj,num associated poses,max,29.0
minimum_time_interval,1,0.02,0.05,0.12500000000000003,0.5,0.5,traj,num gt poses,mean,177.6
minimum_time_interval,1,0.02,0.05,0.12500000000000003,0.5,0.5,traj,num gt poses,std_dev,4.63033476111609
minimum_time_interval,1,0.02,0.05,0.12500000000000003,0.5,0.5,traj,num gt poses,median,175.0
minimum_time_interval,1,0.02,0.05,0.12500000000000003,0.5,0.5,traj,num gt poses,min,173.0
minimum_time_interval,1,0.02,0.05,0.12500000000000003,0.5,0.5,traj,num gt poses,max,185.0
minimum_time_interval,1,0.02,0.05,0.12500000000000003,0.5,0.5,traj,odom accum path length (m),mean,11.6359542
minimum_time_interval,1,0.02,0.05,0.12500000000000003,0.5,0.5,traj,odom accum path length (m),std_dev,0.04994045202198302
minimum_time_interval,1,0.02,0.05,0.12500000000000003,0.5,0.5,traj,odom accum path length (m),median,11.611582
minimum_time_interval,1,0.02,0.05,0.12500000000000003,0.5,0.5,traj,odom accum path length (m),min,11.570598
minimum_time_interval,1,0.02,0.05,0.12500000000000003,0.5,0.5,traj,odom accum path length (m),max,11.705326
minimum_time_interval,1,0.02,0.05,0.12500000000000003,0.5,0.5,traj,total rotation (rad),mean,10.183288600000001
minimum_time_interval,1,0.02,0.05,0.12500000000000003,0.5,0.5,traj,total rotation (rad),std_dev,0.7385216606644925
minimum_time_interval,1,0.02,0.05,0.12500000000000003,0.5,0.5,traj,total rotation (rad),median,9.694767
minimum_time_interval,1,0.02,0.05,0.12500000000000003,0.5,0.5,traj,total rotation (rad),min,9.493926
minimum_time_interval,1,0.02,0.05,0.12500000000000003,0.5,0.5,traj,total rotation (rad),max,11.165362
minimum_time_interval,1,0.02,0.05,0.12500000000000003,0.5,0.5,traj,duration (s),mean,24.392599999999998
minimum_time_interval,1,0.02,0.05,0.12500000000000003,0.5,0.5,traj,duration (s),std_dev,0.6390544890695935
minimum_time_interval,1,0.02,0.05,0.12500000000000003,0.5,0.5,traj,duration (s),median,23.974999999999998
minimum_time_interval,1,0.02,0.05,0.12500000000000003,0.5,0.5,traj,duration (s),min,23.832
minimum_time_interval,1,0.02,0.05,0.12500000000000003,0.5,0.5,traj,duration (s),max,25.438999999999997
minimum_time_interval,1,0.02,0.05,0.12500000000000003,0.5,0.5,completion,successes,count,5.0
minimum_time_interval,1,0.02,0.05,0.12500000000000003,0.5,0.5,completion,failures,count,0.0
minimum_time_interval,1,0.02,0.05,0.12500000000000003,0.5,0.5,completion,errors,count,0.0
minimum_time_interval,1,0.02,0.05,0.12500000000000003,0.5,0.5,completion,data or metrics missing,count,0.0
minimum_time_interval,1,0.02,0.05,0.12500000000000003,0.5,0.5,latency,latency,mean,0.005879432624113476
minimum_time_interval,1,0.02,0.05,0.12500000000000003,0.5,0.5,latency,latency,std_dev,0.0040780943562887095
minimum_time_interval,1,0.02,0.05,0.12500000000000003,0.5,0.5,latency,latency,median,0.004
minimum_time_interval,1,0.02,0.05,0.12500000000000003,0.5,0.5,latency,latency,min,0.001
minimum_time_interval,1,0.02,0.05,0.12500000000000003,0.5,0.5,latency,latency,max,0.016
minimum_time_interval,1,0.02,0.05,0.12500000000000003,0.5,0.5,cov,trace,mean,0.005793229166666667
minimum_time_interval,1,0.02,0.05,0.12500000000000003,0.5,0.5,cov,trace,std_dev,0.0027204320881238243
minimum_time_interval,1,0.02,0.05,0.12500000000000003,0.5,0.5,cov,trace,median,0.0049725
minimum_time_interval,1,0.02,0.05,0.12500000000000003,0.5,0.5,cov,trace,min,0.0028740000000000003
minimum_time_interval,1,0.02,0.05,0.12500000000000003,0.5,0.5,cov,trace,max,0.022453
minimum_time_interval,1,0.02,0.05,0.12500000000000003,0.5,0.5,cov,trace,rmse,0.00640017616348262
minimum_time_interval,1,0.02,0.05,0.12500000000000003,0.5,0.5,cov,det,mean,4.099444134930553e-10
minimum_time_interval,1,0.02,0.05,0.12500000000000003,0.5,0.5,cov,det,std_dev,4.010053565575948e-10
minimum_time_interval,1,0.02,0.05,0.12500000000000003,0.5,0.5,cov,det,median,2.6411011599999997e-10
minimum_time_interval,1,0.02,0.05,0.12500000000000003,0.5,0.5,cov,det,min,6.130550700000002e-11
minimum_time_interval,1,0.02,0.05,0.12500000000000003,0.5,0.5,cov,det,max,2.609164510000002e-09
minimum_time_interval,1,0.02,0.05,0.12500000000000003,0.5,0.5,cov,det,rmse,5.73462917843908e-10
minimum_time_interval,1,0.02,0.05,0.17677669529663692,0.5,0.5,traj,APE,mean,0.06513677215591802
minimum_time_interval,1,0.02,0.05,0.17677669529663692,0.5,0.5,traj,APE,std_dev,0.04410659647441551
minimum_time_interval,1,0.02,0.05,0.17677669529663692,0.5,0.5,traj,APE,median,0.050156078329611165
minimum_time_interval,1,0.02,0.05,0.17677669529663692,0.5,0.5,traj,APE,min,5.421010862427522e-20
minimum_time_interval,1,0.02,0.05,0.17677669529663692,0.5,0.5,traj,APE,max,0.2019006898990058
minimum_time_interval,1,0.02,0.05,0.17677669529663692,0.5,0.5,traj,APE,rmse,0.0786650553896004
minimum_time_interval,1,0.02,0.05,0.17677669529663692,0.5,0.5,traj,RPE,mean,0.047471095742238636
minimum_time_interval,1,0.02,0.05,0.17677669529663692,0.5,0.5,traj,RPE,std_dev,0.026276795525481452
minimum_time_interval,1,0.02,0.05,0.17677669529663692,0.5,0.5,traj,RPE,median,0.037888380817144136
minimum_time_interval,1,0.02,0.05,0.17677669529663692,0.5,0.5,traj,RPE,min,0.0090304127396068
minimum_time_interval,1,0.02,0.05,0.17677669529663692,0.5,0.5,traj,RPE,max,0.14788581194476133
minimum_time_interval,1,0.02,0.05,0.17677669529663692,0.5,0.5,traj,RPE,rmse,0.05425840869447564
minimum_time_interval,1,0.02,0.05,0.17677669529663692,0.5,0.5,traj,num associated poses,mean,27.6
minimum_time_interval,1,0.02,0.05,0.17677669529663692,0.5,0.5,traj,num associated poses,std_dev,0.4898979485566356
minimum_time_interval,1,0.02,0.05,0.17677669529663692,0.5,0.5,traj,num associated poses,median,28.0
minimum_time_interval,1,0.02,0.05,0.17677669529663692,0.5,0.5,traj,num associated poses,min,27.0
minimum_time_interval,1,0.02,0.05,0.17677669529663692,0.5,0.5,traj,num associated poses,max,28.0
minimum_time_interval,1,0.02,0.05,0.17677669529663692,0.5,0.5,traj,num gt poses,mean,174.0
minimum_time_interval,1,0.02,0.05,0.17677669529663692,0.5,0.5,traj,num gt poses,std_dev,2.280350850198276
minimum_time_interval,1,0.02,0.05,0.17677669529663692,0.5,0.5,traj,num gt poses,median,173.0
minimum_time_interval,1,0.02,0.05,0.17677669529663692,0.5,0.5,traj,num gt poses,min,172.0
minimum_time_interval,1,0.02,0.05,0.17677669529663692,0.5,0.5,traj,num gt poses,max,178.0
minimum_time_interval,1,0.02,0.05,0.17677669529663692,0.5,0.5,traj,odom accum path length (m),mean,11.535924799999998
minimum_time_interval,1,0.02,0.05,0.17677669529663692,0.5,0.5,traj,odom accum path length (m),std_dev,0.07994766184298324
minimum_time_interval,1,0.02,0.05,0.17677669529663692,0.5,0.5,traj,odom accum path length (m),median,11.562279
minimum_time_interval,1,0.02,0.05,0.17677669529663692,0.5,0.5,traj,odom accum path length (m),min,11.438514
minimum_time_interval,1,0.02,0.05,0.17677669529663692,0.5,0.5,traj,odom accum path length (m),max,11.639592
minimum_time_interval,1,0.02,0.05,0.17677669529663692,0.5,0.5,traj,total rotation (rad),mean,9.361232
minimum_time_interval,1,0.02,0.05,0.17677669529663692,0.5,0.5,traj,total rotation (rad),std_dev,0.36769943722720083
minimum_time_interval,1,0.02,0.05,0.17677669529663692,0.5,0.5,traj,total rotation (rad),median,9.382729
minimum_time_interval,1,0.02,0.05,0.17677669529663692,0.5,0.5,traj,total rotation (rad),min,8.757933
minimum_time_interval,1,0.02,0.05,0.17677669529663692,0.5,0.5,traj,total rotation (rad),max,9.791358
minimum_time_interval,1,0.02,0.05,0.17677669529663692,0.5,0.5,traj,duration (s),mean,23.813799999999997
minimum_time_interval,1,0.02,0.05,0.17677669529663692,0.5,0.5,traj,duration (s),std_dev,0.2978250493158695
minimum_time_interval,1,0.02,0.05,0.17677669529663692,0.5,0.5,traj,duration (s),median,23.756999999999998
minimum_time_interval,1,0.02,0.05,0.17677669529663692,0.5,0.5,traj,duration (s),min,23.448999999999998
minimum_time_interval,1,0.02,0.05,0.17677669529663692,0.5,0.5,traj,duration (s),max,24.339
minimum_time_interval,1,0.02,0.05,0.17677669529663692,0.5,0.5,completion,successes,count,5.0
minimum_time_interval,1,0.02,0.05,0.17677669529663692,0.5,0.5,completion,failures,count,0.0
minimum_time_interval,1,0.02,0.05,0.17677669529663692,0.5,0.5,completion,errors,count,0.0
minimum_time_interval,1,0.02,0.05,0.17677669529663692,0.5,0.5,completion,data or metrics missing,count,0.0
minimum_time_interval,1,0.02,0.05,0.17677669529663692,0.5,0.5,latency,latency,mean,0.0026594202898550727
minimum_time_interval,1,0.02,0.05,0.17677669529663692,0.5,0.5,latency,latency,std_dev,0.0011131387715849776
minimum_time_interval,1,0.02,0.05,0.17677669529663692,0.5,0.5,latency,latency,median,0.003
minimum_time_interval,1,0.02,0.05,0.17677669529663692,0.5,0.5,latency,latency,min,0.0
minimum_time_interval,1,0.02,0.05,0.17677669529663692,0.5,0.5,latency,latency,max,0.005
minimum_time_interval,1,0.02,0.05,0.17677669529663692,0.5,0.5,cov,trace,mean,0.0055507394366197185
minimum_time_interval,1,0.02,0.05,0.17677669529663692,0.5,0.5,cov,trace,std_dev,0.0020327637353951666
minimum_time_interval,1,0.02,0.05,0.17677669529663692,0.5,0.5,cov,trace,median,0.0050025
minimum_time_interval,1,0.02,0.05,0.17677669529663692,0.5,0.5,cov,trace,min,0.0028880000000000004
minimum_time_interval,1,0.02,0.05,0.17677669529663692,0.5,0.5,cov,trace,max,0.022510999999999996
minimum_time_interval,1,0.02,0.05,0.17677669529663692,0.5,0.5,cov,trace,rmse,0.005911246628011987
minimum_time_interval,1,0.02,0.05,0.17677669529663692,0.5,0.5,cov,det,mean,3.439901287183097e-10
minimum_time_interval,1,0.02,0.05,0.17677669529663692,0.5,0.5,cov,det,std_dev,3.3599697003495714e-10
minimum_time_interval,1,0.02,0.05,0.17677669529663692,0.5,0.5,cov,det,median,2.491852395000001e-10
minimum_time_interval,1,0.02,0.05,0.17677669529663692,0.5,0.5,cov,det,min,8.522965499999995e-11
minimum_time_interval,1,0.02,0.05,0.17677669529663692,0.5,0.5,cov,det,max,2.7288437399999987e-09
minimum_time_interval,1,0.02,0.05,0.17677669529663692,0.5,0.5,cov,det,rmse,4.808567068559105e-10
minimum_time_interval,1,0.02,0.05,0.25000000000000006,0.5,0.5,traj,APE,mean,0.05470068834137775
minimum_time_interval,1,0.02,0.05,0.25000000000000006,0.5,0.5,traj,APE,std_dev,0.028188517979119875
minimum_time_interval,1,0.02,0.05,0.25000000000000006,0.5,0.5,traj,APE,median,0.04812516405752965
minimum_time_interval,1,0.02,0.05,0.25000000000000006,0.5,0.5,traj,APE,min,1.1102231569740467e-16
minimum_time_interval,1,0.02,0.05,0.25000000000000006,0.5,0.5,traj,APE,max,0.13307624113771144
minimum_time_interval,1,0.02,0.05,0.25000000000000006,0.5,0.5,traj,APE,rmse,0.061536638280618686
minimum_time_interval,1,0.02,0.05,0.25000000000000006,0.5,0.5,traj,RPE,mean,0.047997251587827035
minimum_time_interval,1,0.02,0.05,0.25000000000000006,0.5,0.5,traj,RPE,std_dev,0.02638779114786392
minimum_time_interval,1,0.02,0.05,0.25000000000000006,0.5,0.5,traj,RPE,median,0.04065795706712378
minimum_time_interval,1,0.02,0.05,0.25000000000000006,0.5,0.5,traj,RPE,min,0.014456869312252126
minimum_time_interval,1,0.02,0.05,0.25000000000000006,0.5,0.5,traj,RPE,max,0.18212389326614256
minimum_time_interval,1,0.02,0.05,0.25000000000000006,0.5,0.5,traj,RPE,rmse,0.05477272753522916
minimum_time_interval,1,0.02,0.05,0.25000000000000006,0.5,0.5,traj,num associated poses,mean,29.0
minimum_time_interval,1,0.02,0.05,0.25000000000000006,0.5,0.5,traj,num associated poses,std_dev,2.0976176963403033
minimum_time_interval,1,0.02,0.05,0.25000000000000006,0.5,0.5,traj,num associated poses,median,28.0
minimum_time_interval,1,0.02,0.05,0.25000000000000006,0.5,0.5,traj,num associated poses,min,27.0
minimum_time_interval,1,0.02,0.05,0.25000000000000006,0.5,0.5,traj,num associated poses,max,33.0
minimum_time_interval,1,0.02,0.05,0.25000000000000006,0.5,0.5,traj,num gt poses,mean,177.0
minimum_time_interval,1,0.02,0.05,0.25000000000000006,0.5,0.5,traj,num gt poses,std_dev,8.555699854482976
minimum_time_interval,1,0.02,0.05,0.25000000000000006,0.5,0.5,traj,num gt poses,median,173.0
minimum_time_interval,1,0.02,0.05,0.25000000000000006,0.5,0.5,traj,num gt poses,min,171.0
minimum_time_interval,1,0.02,0.05,0.25000000000000006,0.5,0.5,traj,num gt poses,max,194.0
minimum_time_interval,1,0.02,0.05,0.25000000000000006,0.5,0.5,traj,odom accum path length (m),mean,11.717546200000001
minimum_time_interval,1,0.02,0.05,0.25000000000000006,0.5,0.5,traj,odom accum path length (m),std_dev,0.357469114550838
minimum_time_interval,1,0.02,0.05,0.25000000000000006,0.5,0.5,traj,odom accum path length (m),median,11.586364
minimum_time_interval,1,0.02,0.05,0.25000000000000006,0.5,0.5,traj,odom accum path length (m),min,11.4546
minimum_time_interval,1,0.02,0.05,0.25000000000000006,0.5,0.5,traj,odom accum path length (m),max,12.42595
minimum_time_interval,1,0.02,0.05,0.25000000000000006,0.5,0.5,traj,total rotation (rad),mean,10.181695
minimum_time_interval,1,0.02,0.05,0.25000000000000006,0.5,0.5,traj,total rotation (rad),std_dev,1.8042762626744275
minimum_time_interval,1,0.02,0.05,0.25000000000000006,0.5,0.5,traj,total rotation (rad),median,9.345708
minimum_time_interval,1,0.02,0.05,0.25000000000000006,0.5,0.5,traj,total rotation (rad),min,8.741078
minimum_time_interval,1,0.02,0.05,0.25000000000000006,0.5,0.5,traj,total rotation (rad),max,13.718468
minimum_time_interval,1,0.02,0.05,0.25000000000000006,0.5,0.5,traj,duration (s),mean,24.238799999999998
minimum_time_interval,1,0.02,0.05,0.25000000000000006,0.5,0.5,traj,duration (s),std_dev,1.1511999652536486
minimum_time_interval,1,0.02,0.05,0.25000000000000006,0.5,0.5,traj,duration (s),median,23.747
minimum_time_interval,1,0.02,0.05,0.25000000000000006,0.5,0.5,traj,duration (s),min,23.4
minimum_time_interval,1,0.02,0.05,0.25000000000000006,0.5,0.5,traj,duration (s),max,26.518
minimum_time_interval,1,0.02,0.05,0.25000000000000006,0.5,0.5,completion,successes,count,5.0
minimum_time_interval,1,0.02,0.05,0.25000000000000006,0.5,0.5,completion,failures,count,0.0
minimum_time_interval,1,0.02,0.05,0.25000000000000006,0.5,0.5,completion,errors,count,0.0
minimum_time_interval,1,0.02,0.05,0.25000000000000006,0.5,0.5,completion,data or metrics missing,count,0.0
minimum_time_interval,1,0.02,0.05,0.25000000000000006,0.5,0.5,latency,latency,mean,0.004365517241379311
minimum_time_interval,1,0.02,0.05,0.25000000000000006,0.5,0.5,latency,latency,std_dev,0.004140321148802345
minimum_time_interval,1,0.02,0.05,0.25000000000000006,0.5,0.5,latency,latency,median,0.003
minimum_time_interval,1,0.02,0.05,0.25000000000000006,0.5,0.5,latency,latency,min,0.0
minimum_time_interval,1,0.02,0.05,0.25000000000000006,0.5,0.5,latency,latency,max,0.019
minimum_time_interval,1,0.02,0.05,0.25000000000000006,0.5,0.5,cov,trace,mean,0.0054026000000000005
minimum_time_interval,1,0.02,0.05,0.25000000000000006,0.5,0.5,cov,trace,std_dev,0.0014209317459563872
minimum_time_interval,1,0.02,0.05,0.25000000000000006,0.5,0.5,cov,trace,median,0.0049815
minimum_time_interval,1,0.02,0.05,0.25000000000000006,0.5,0.5,cov,trace,min,0.002715
minimum_time_interval,1,0.02,0.05,0.25000000000000006,0.5,0.5,cov,trace,max,0.009713999999999999
minimum_time_interval,1,0.02,0.05,0.25000000000000006,0.5,0.5,cov,trace,rmse,0.005586334557352134
minimum_time_interval,1,0.02,0.05,0.25000000000000006,0.5,0.5,cov,det,mean,3.248104719933332e-10
minimum_time_interval,1,0.02,0.05,0.25000000000000006,0.5,0.5,cov,det,std_dev,2.178401441341794e-10
minimum_time_interval,1,0.02,0.05,0.25000000000000006,0.5,0.5,cov,det,median,2.706193380000002e-10
minimum_time_interval,1,0.02,0.05,0.25000000000000006,0.5,0.5,cov,det,min,7.367132200000011e-11
minimum_time_interval,1,0.02,0.05,0.25000000000000006,0.5,0.5,cov,det,max,1.1348295080000003e-09
minimum_time_interval,1,0.02,0.05,0.25000000000000006,0.5,0.5,cov,det,rmse,3.910961149294786e-10
minimum_time_interval,1,0.02,0.05,0.35355339059327384,0.5,0.5,traj,APE,mean,0.06589126645853995
minimum_time_interval,1,0.02,0.05,0.35355339059327384,0.5,0.5,traj,APE,std_dev,0.031312260236230335
minimum_time_interval,1,0.02,0.05,0.35355339059327384,0.5,0.5,traj,APE,median,0.06357942200602493
minimum_time_interval,1,0.02,0.05,0.35355339059327384,0.5,0.5,traj,APE,min,1.1102231569740467e-16
minimum_time_interval,1,0.02,0.05,0.35355339059327384,0.5,0.5,traj,APE,max,0.15679336585878006
minimum_time_interval,1,0.02,0.05,0.35355339059327384,0.5,0.5,traj,APE,rmse,0.07295283844108962
minimum_time_interval,1,0.02,0.05,0.35355339059327384,0.5,0.5,traj,RPE,mean,0.054775529720383194
minimum_time_interval,1,0.02,0.05,0.35355339059327384,0.5,0.5,traj,RPE,std_dev,0.03231281926479079
minimum_time_interval,1,0.02,0.05,0.35355339059327384,0.5,0.5,traj,RPE,median,0.04709886128074256
minimum_time_interval,1,0.02,0.05,0.35355339059327384,0.5,0.5,traj,RPE,min,0.010490976591552705
minimum_time_interval,1,0.02,0.05,0.35355339059327384,0.5,0.5,traj,RPE,max,0.1843080557657449
minimum_time_interval,1,0.02,0.05,0.35355339059327384,0.5,0.5,traj,RPE,rmse,0.06359620228431583
minimum_time_interval,1,0.02,0.05,0.35355339059327384,0.5,0.5,traj,num associated poses,mean,28.25
minimum_time_interval,1,0.02,0.05,0.35355339059327384,0.5,0.5,traj,num associated poses,std_dev,0.4330127018922193
minimum_time_interval,1,0.02,0.05,0.35355339059327384,0.5,0.5,traj,num associated poses,median,28.0
minimum_time_interval,1,0.02,0.05,0.35355339059327384,0.5,0.5,traj,num associated poses,min,28.0
minimum_time_interval,1,0.02,0.05,0.35355339059327384,0.5,0.5,traj,num associated poses,max,29.0
minimum_time_interval,1,0.02,0.05,0.35355339059327384,0.5,0.5,traj,num gt poses,mean,178.5
minimum_time_interval,1,0.02,0.05,0.35355339059327384,0.5,0.5,traj,num gt poses,std_dev,7.762087348130012
minimum_time_interval,1,0.02,0.05,0.35355339059327384,0.5,0.5,traj,num gt poses,median,175.5
minimum_time_interval,1,0.02,0.05,0.35355339059327384,0.5,0.5,traj,num gt poses,min,172.0
minimum_time_interval,1,0.02,0.05,0.35355339059327384,0.5,0.5,traj,num gt poses,max,191.0
minimum_time_interval,1,0.02,0.05,0.35355339059327384,0.5,0.5,traj,odom accum path length (m),mean,11.5438045
minimum_time_interval,1,0.02,0.05,0.35355339059327384,0.5,0.5,traj,odom accum path length (m),std_dev,0.08437777308183697
minimum_time_interval,1,0.02,0.05,0.35355339059327384,0.5,0.5,traj,odom accum path length (m),median,11.525847
minimum_time_interval,1,0.02,0.05,0.35355339059327384,0.5,0.5,traj,odom accum path length (m),min,11.445214
minimum_time_interval,1,0.02,0.05,0.35355339059327384,0.5,0.5,traj,odom accum path length (m),max,11.67831
minimum_time_interval,1,0.02,0.05,0.35355339059327384,0.5,0.5,traj,total rotation (rad),mean,10.03386925
minimum_time_interval,1,0.02,0.05,0.35355339059327384,0.5,0.5,traj,total rotation (rad),std_dev,0.8948279842138305
minimum_time_interval,1,0.02,0.05,0.35355339059327384,0.5,0.5,traj,total rotation (rad),median,9.796223999999999
minimum_time_interval,1,0.02,0.05,0.35355339059327384,0.5,0.5,traj,total rotation (rad),min,9.05221
minimum_time_interval,1,0.02,0.05,0.35355339059327384,0.5,0.5,traj,total rotation (rad),max,11.490819
minimum_time_interval,1,0.02,0.05,0.35355339059327384,0.5,0.5,traj,duration (s),mean,24.429250000000003
minimum_time_interval,1,0.02,0.05,0.35355339059327384,0.5,0.5,traj,duration (s),std_dev,1.1022289632830373
minimum_time_interval,1,0.02,0.05,0.35355339059327384,0.5,0.5,traj,duration (s),median,24.070999999999998
minimum_time_interval,1,0.02,0.05,0.35355339059327384,0.5,0.5,traj,duration (s),min,23.41
minimum_time_interval,1,0.02,0.05,0.35355339059327384,0.5,0.5,traj,duration (s),max,26.165
minimum_time_interval,1,0.02,0.05,0.35355339059327384,0.5,0.5,completion,successes,count,4.0
minimum_time_interval,1,0.02,0.05,0.35355339059327384,0.5,0.5,completion,failures,count,0.0
minimum_time_interval,1,0.02,0.05,0.35355339059327384,0.5,0.5,completion,errors,count,1.0
minimum_time_interval,1,0.02,0.05,0.35355339059327384,0.5,0.5,completion,data or metrics missing,count,1.0
minimum_time_interval,1,0.02,0.05,0.35355339059327384,0.5,0.5,latency,latency,mean,0.0035486725663716814
minimum_time_interval,1,0.02,0.05,0.35355339059327384,0.5,0.5,latency,latency,std_dev,0.002572802440377418
minimum_time_interval,1,0.02,0.05,0.35355339059327384,0.5,0.5,latency,latency,median,0.003
minimum_time_interval,1,0.02,0.05,0.35355339059327384,0.5,0.5,latency,latency,min,0.0
minimum_time_interval,1,0.02,0.05,0.35355339059327384,0.5,0.5,latency,latency,max,0.011000000000000001
minimum_time_interval,1,0.02,0.05,0.35355339059327384,0.5,0.5,cov,trace,mean,0.005577410256410257
minimum_time_interval,1,0.02,0.05,0.35355339059327384,0.5,0.5,cov,trace,std_dev,0.0019738207001842906
minimum_time_interval,1,0.02,0.05,0.35355339059327384,0.5,0.5,cov,trace,median,0.005042
minimum_time_interval,1,0.02,0.05,0.35355339059327384,0.5,0.5,cov,trace,min,0.002679
minimum_time_interval,1,0.02,0.05,0.35355339059327384,0.5,0.5,cov,trace,max,0.019655
minimum_time_interval,1,0.02,0.05,0.35355339059327384,0.5,0.5,cov,trace,rmse,0.005916373325339293
minimum_time_interval,1,0.02,0.05,0.35355339059327384,0.5,0.5,cov,det,mean,3.4980171180341875e-10
minimum_time_interval,1,0.02,0.05,0.35355339059327384,0.5,0.5,cov,det,std_dev,2.698169032013698e-10
minimum_time_interval,1,0.02,0.05,0.35355339059327384,0.5,0.5,cov,det,median,2.6822732199999954e-10
minimum_time_interval,1,0.02,0.05,0.35355339059327384,0.5,0.5,cov,det,min,7.485910999999989e-11
minimum_time_interval,1,0.02,0.05,0.35355339059327384,0.5,0.5,cov,det,max,1.7808722730000005e-09
minimum_time_interval,1,0.02,0.05,0.35355339059327384,0.5,0.5,cov,det,rmse,4.417718855176043e-10
minimum_time_interval,1,0.02,0.05,0.5000000000000001,0.5,0.5,traj,APE,mean,0.08008195671142006
minimum_time_interval,1,0.02,0.05,0.5000000000000001,0.5,0.5,traj,APE,std_dev,0.05601695429777316
minimum_time_interval,1,0.02,0.05,0.5000000000000001,0.5,0.5,traj,APE,median,0.0636076465030346
minimum_time_interval,1,0.02,0.05,0.5000000000000001,0.5,0.5,traj,APE,min,1.1102231569740467e-16
minimum_time_interval,1,0.02,0.05,0.5000000000000001,0.5,0.5,traj,APE,max,0.2410686669643695
minimum_time_interval,1,0.02,0.05,0.5000000000000001,0.5,0.5,traj,APE,rmse,0.09772931473989042
minimum_time_interval,1,0.02,0.05,0.5000000000000001,0.5,0.5,traj,RPE,mean,0.05154173292298992
minimum_time_interval,1,0.02,0.05,0.5000000000000001,0.5,0.5,traj,RPE,std_dev,0.031156268626112205
minimum_time_interval,1,0.02,0.05,0.5000000000000001,0.5,0.5,traj,RPE,median,0.04353742494570202
minimum_time_interval,1,0.02,0.05,0.5000000000000001,0.5,0.5,traj,RPE,min,0.00834139008447623
minimum_time_interval,1,0.02,0.05,0.5000000000000001,0.5,0.5,traj,RPE,max,0.18978063240665757
minimum_time_interval,1,0.02,0.05,0.5000000000000001,0.5,0.5,traj,RPE,rmse,0.060226765706015525
minimum_time_interval,1,0.02,0.05,0.5000000000000001,0.5,0.5,traj,num associated poses,mean,28.4
minimum_time_interval,1,0.02,0.05,0.5000000000000001,0.5,0.5,traj,num associated poses,std_dev,0.4898979485566356
minimum_time_interval,1,0.02,0.05,0.5000000000000001,0.5,0.5,traj,num associated poses,median,28.0
minimum_time_interval,1,0.02,0.05,0.5000000000000001,0.5,0.5,traj,num associated poses,min,28.0
minimum_time_interval,1,0.02,0.05,0.5000000000000001,0.5,0.5,traj,num associated poses,max,29.0
minimum_time_interval,1,0.02,0.05,0.5000000000000001,0.5,0.5,traj,num gt poses,mean,175.2
minimum_time_interval,1,0.02,0.05,0.5000000000000001,0.5,0.5,traj,num gt poses,std_dev,3.1874754901018454
minimum_time_interval,1,0.02,0.05,0.5000000000000001,0.5,0.5,traj,num gt poses,median,174.0
minimum_time_interval,1,0.02,0.05,0.5000000000000001,0.5,0.5,traj,num gt poses,min,172.0
minimum_time_interval,1,0.02,0.05,0.5000000000000001,0.5,0.5,traj,num gt poses,max,179.0
minimum_time_interval,1,0.02,0.05,0.5000000000000001,0.5,0.5,traj,odom accum path length (m),mean,11.5781726
minimum_time_interval,1,0.02,0.05,0.5000000000000001,0.5,0.5,traj,odom accum path length (m),std_dev,0.0543033555744029
minimum_time_interval,1,0.02,0.05,0.5000000000000001,0.5,0.5,traj,odom accum path length (m),median,11.590665
minimum_time_interval,1,0.02,0.05,0.5000000000000001,0.5,0.5,traj,odom accum path length (m),min,11.509564
minimum_time_interval,1,0.02,0.05,0.5000000000000001,0.5,0.5,traj,odom accum path length (m),max,11.663427
minimum_time_interval,1,0.02,0.05,0.5000000000000001,0.5,0.5,traj,total rotation (rad),mean,9.8519566
minimum_time_interval,1,0.02,0.05,0.5000000000000001,0.5,0.5,traj,total rotation (rad),std_dev,0.3088131797553986
minimum_time_interval,1,0.02,0.05,0.5000000000000001,0.5,0.5,traj,total rotation (rad),median,9.859605
minimum_time_interval,1,0.02,0.05,0.5000000000000001,0.5,0.5,traj,total rotation (rad),min,9.407763
minimum_time_interval,1,0.02,0.05,0.5000000000000001,0.5,0.5,traj,total rotation (rad),max,10.303751
minimum_time_interval,1,0.02,0.05,0.5000000000000001,0.5,0.5,traj,duration (s),mean,23.937000000000005
minimum_time_interval,1,0.02,0.05,0.5000000000000001,0.5,0.5,traj,duration (s),std_dev,0.4270625246963253
minimum_time_interval,1,0.02,0.05,0.5000000000000001,0.5,0.5,traj,duration (s),median,23.739000000000004
minimum_time_interval,1,0.02,0.05,0.5000000000000001,0.5,0.5,traj,duration (s),min,23.415000000000003
minimum_time_interval,1,0.02,0.05,0.5000000000000001,0.5,0.5,traj,duration (s),max,24.509000000000004
minimum_time_interval,1,0.02,0.05,0.5000000000000001,0.5,0.5,completion,successes,count,5.0
minimum_time_interval,1,0.02,0.05,0.5000000000000001,0.5,0.5,completion,failures,count,0.0
minimum_time_interval,1,0.02,0.05,0.5000000000000001,0.5,0.5,completion,errors,count,0.0
minimum_time_interval,1,0.02,0.05,0.5000000000000001,0.5,0.5,completion,data or metrics missing,count,0.0
minimum_time_interval,1,0.02,0.05,0.5000000000000001,0.5,0.5,latency,latency,mean,0.0033239436619718313
minimum_time_interval,1,0.02,0.05,0.5000000000000001,0.5,0.5,latency,latency,std_dev,0.0023870227073232316
minimum_time_interval,1,0.02,0.05,0.5000000000000001,0.5,0.5,latency,latency,median,0.003
minimum_time_interval,1,0.02,0.05,0.5000000000000001,0.5,0.5,latency,latency,min,0.0
minimum_time_interval,1,0.02,0.05,0.5000000000000001,0.5,0.5,latency,latency,max,0.017
minimum_time_interval,1,0.02,0.05,0.5000000000000001,0.5,0.5,cov,trace,mean,0.005805219178082192
minimum_time_interval,1,0.02,0.05,0.5000000000000001,0.5,0.5,cov,trace,std_dev,0.0026097597419810657
minimum_time_interval,1,0.02,0.05,0.5000000000000001,0.5,0.5,cov,trace,median,0.005001
minimum_time_interval,1,0.02,0.05,0.5000000000000001,0.5,0.5,cov,trace,min,0.0026109999999999996
minimum_time_interval,1,0.02,0.05,0.5000000000000001,0.5,0.5,cov,trace,max,0.022151000000000004
minimum_time_interval,1,0.02,0.05,0.5000000000000001,0.5,0.5,cov,trace,rmse,0.00636485786301928
minimum_time_interval,1,0.02,0.05,0.5000000000000001,0.5,0.5,cov,det,mean,3.6450252773287654e-10
minimum_time_interval,1,0.02,0.05,0.5000000000000001,0.5,0.5,cov,det,std_dev,2.96652378721664e-10
minimum_time_interval,1,0.02,0.05,0.5000000000000001,0.5,0.5,cov,det,median,2.7773525700000006e-10
minimum_time_interval,1,0.02,0.05,0.5000000000000001,0.5,0.5,cov,det,min,6.139438399999991e-11
minimum_time_interval,1,0.02,0.05,0.5000000000000001,0.5,0.5,cov,det,max,1.965071841999998e-09
minimum_time_interval,1,0.02,0.05,0.5000000000000001,0.5,0.5,cov,det,rmse,4.699624735283425e-10
minimum_time_interval,1,0.02,0.05,0.7071067811865477,0.5,0.5,traj,APE,mean,0.08261134293772812
minimum_time_interval,1,0.02,0.05,0.7071067811865477,0.5,0.5,traj,APE,std_dev,0.05619134970304342
minimum_time_interval,1,0.02,0.05,0.7071067811865477,0.5,0.5,traj,APE,median,0.06745566491291023
minimum_time_interval,1,0.02,0.05,0.7071067811865477,0.5,0.5,traj,APE,min,5.421010862427522e-20
minimum_time_interval,1,0.02,0.05,0.7071067811865477,0.5,0.5,traj,APE,max,0.2676026748710071
minimum_time_interval,1,0.02,0.05,0.7071067811865477,0.5,0.5,traj,APE,rmse,0.0999104687378887
minimum_time_interval,1,0.02,0.05,0.7071067811865477,0.5,0.5,traj,RPE,mean,0.051681910074983343
minimum_time_interval,1,0.02,0.05,0.7071067811865477,0.5,0.5,traj,RPE,std_dev,0.03305446261209983
minimum_time_interval,1,0.02,0.05,0.7071067811865477,0.5,0.5,traj,RPE,median,0.04353813522046531
minimum_time_interval,1,0.02,0.05,0.7071067811865477,0.5,0.5,traj,RPE,min,0.007651937154724765
minimum_time_interval,1,0.02,0.05,0.7071067811865477,0.5,0.5,traj,RPE,max,0.1991069521092372
minimum_time_interval,1,0.02,0.05,0.7071067811865477,0.5,0.5,traj,RPE,rmse,0.06134832783029518
minimum_time_interval,1,0.02,0.05,0.7071067811865477,0.5,0.5,traj,num associated poses,mean,31.2
minimum_time_interval,1,0.02,0.05,0.7071067811865477,0.5,0.5,traj,num associated poses,std_dev,5.491812087098393
minimum_time_interval,1,0.02,0.05,0.7071067811865477,0.5,0.5,traj,num associated poses,median,29.0
minimum_time_interval,1,0.02,0.05,0.7071067811865477,0.5,0.5,traj,num associated poses,min,27.0
minimum_time_interval,1,0.02,0.05,0.7071067811865477,0.5,0.5,traj,num associated poses,max,42.0
minimum_time_interval,1,0.02,0.05,0.7071067811865477,0.5,0.5,traj,num gt poses,mean,188.4
minimum_time_interval,1,0.02,0.05,0.7071067811865477,0.5,0.5,traj,num gt poses,std_dev,25.710698162438142
minimum_time_interval,1,0.02,0.05,0.7071067811865477,0.5,0.5,traj,num gt poses,median,176.0
minimum_time_interval,1,0.02,0.05,0.7071067811865477,0.5,0.5,traj,num gt poses,min,171.0
minimum_time_interval,1,0.02,0.05,0.7071067811865477,0.5,0.5,traj,num gt poses,max,239.0
minimum_time_interval,1,0.02,0.05,0.7071067811865477,0.5,0.5,traj,odom accum path length (m),mean,11.9864318
minimum_time_interval,1,0.02,0.05,0.7071067811865477,0.5,0.5,traj,odom accum path length (m),std_dev,0.8688930798256828
minimum_time_interval,1,0.02,0.05,0.7071067811865477,0.5,0.5,traj,odom accum path length (m),median,11.624157
minimum_time_interval,1,0.02,0.05,0.7071067811865477,0.5,0.5,traj,odom accum path length (m),min,11.45506
minimum_time_interval,1,0.02,0.05,0.7071067811865477,0.5,0.5,traj,odom accum path length (m),max,13.71569
minimum_time_interval,1,0.02,0.05,0.7071067811865477,0.5,0.5,traj,total rotation (rad),mean,11.653195
minimum_time_interval,1,0.02,0.05,0.7071067811865477,0.5,0.5,traj,total rotation (rad),std_dev,3.607305712566763
minimum_time_interval,1,0.02,0.05,0.7071067811865477,0.5,0.5,traj,total rotation (rad),median,9.9538
minimum_time_interval,1,0.02,0.05,0.7071067811865477,0.5,0.5,traj,total rotation (rad),min,9.063085
minimum_time_interval,1,0.02,0.05,0.7071067811865477,0.5,0.5,traj,total rotation (rad),max,18.750392
minimum_time_interval,1,0.02,0.05,0.7071067811865477,0.5,0.5,traj,duration (s),mean,25.8356
minimum_time_interval,1,0.02,0.05,0.7071067811865477,0.5,0.5,traj,duration (s),std_dev,3.6076122075411585
minimum_time_interval,1,0.02,0.05,0.7071067811865477,0.5,0.5,traj,duration (s),median,23.959999999999997
minimum_time_interval,1,0.02,0.05,0.7071067811865477,0.5,0.5,traj,duration (s),min,23.42
minimum_time_interval,1,0.02,0.05,0.7071067811865477,0.5,0.5,traj,duration (s),max,32.910999999999994
minimum_time_interval,1,0.02,0.05,0.7071067811865477,0.5,0.5,completion,successes,count,5.0
minimum_time_interval,1,0.02,0.05,0.7071067811865477,0.5,0.5,completion,failures,count,0.0
minimum_time_interval,1,0.02,0.05,0.7071067811865477,0.5,0.5,completion,errors,count,0.0
minimum_time_interval,1,0.02,0.05,0.7071067811865477,0.5,0.5,completion,data or metrics missing,count,0.0
minimum_time_interval,1,0.02,0.05,0.7071067811865477,0.5,0.5,latency,latency,mean,0.004102564102564103
minimum_time_interval,1,0.02,0.05,0.7071067811865477,0.5,0.5,latency,latency,std_dev,0.004052823465284746
minimum_time_interval,1,0.02,0.05,0.7071067811865477,0.5,0.5,latency,latency,median,0.003
minimum_time_interval,1,0.02,0.05,0.7071067811865477,0.5,0.5,latency,latency,min,0.0
minimum_time_interval,1,0.02,0.05,0.7071067811865477,0.5,0.5,latency,latency,max,0.018000000000000002
minimum_time_interval,1,0.02,0.05,0.7071067811865477,0.5,0.5,cov,trace,mean,0.0055710937500000005
minimum_time_interval,1,0.02,0.05,0.7071067811865477,0.5,0.5,cov,trace,std_dev,0.002036618992953993
minimum_time_interval,1,0.02,0.05,0.7071067811865477,0.5,0.5,cov,trace,median,0.004997
minimum_time_interval,1,0.02,0.05,0.7071067811865477,0.5,0.5,cov,trace,min,0.0026149999999999997
minimum_time_interval,1,0.02,0.05,0.7071067811865477,0.5,0.5,cov,trace,max,0.017837
minimum_time_interval,1,0.02,0.05,0.7071067811865477,0.5,0.5,cov,trace,rmse,0.00593168631113868
minimum_time_interval,1,0.02,0.05,0.7071067811865477,0.5,0.5,cov,det,mean,3.5947609526250004e-10
minimum_time_interval,1,0.02,0.05,0.7071067811865477,0.5,0.5,cov,det,std_dev,2.7084957445922615e-10
minimum_time_interval,1,0.02,0.05,0.7071067811865477,0.5,0.5,cov,det,median,2.8466879749999967e-10
minimum_time_interval,1,0.02,0.05,0.7071067811865477,0.5,0.5,cov,det,min,6.252718599999998e-11
minimum_time_interval,1,0.02,0.05,0.7071067811865477,0.5,0.5,cov,det,max,1.597004864000002e-09
minimum_time_interval,1,0.02,0.05,0.7071067811865477,0.5,0.5,cov,det,rmse,4.5009171848626357e-10
minimum_time_interval,1,0.02,0.05,1.0000000000000002,0.5,0.5,traj,APE,mean,0.0703806741939865
minimum_time_interval,1,0.02,0.05,1.0000000000000002,0.5,0.5,traj,APE,std_dev,0.04127873604316369
minimum_time_interval,1,0.02,0.05,1.0000000000000002,0.5,0.5,traj,APE,median,0.06225161692961315
minimum_time_interval,1,0.02,0.05,1.0000000000000002,0.5,0.5,traj,APE,min,5.421010862427522e-20
minimum_time_interval,1,0.02,0.05,1.0000000000000002,0.5,0.5,traj,APE,max,0.24786155652818787
minimum_time_interval,1,0.02,0.05,1.0000000000000002,0.5,0.5,traj,APE,rmse,0.08159272853215083
minimum_time_interval,1,0.02,0.05,1.0000000000000002,0.5,0.5,traj,RPE,mean,0.05343621922830127
minimum_time_interval,1,0.02,0.05,1.0000000000000002,0.5,0.5,traj,RPE,std_dev,0.03431403102207984
minimum_time_interval,1,0.02,0.05,1.0000000000000002,0.5,0.5,traj,RPE,median,0.044176736248885295
minimum_time_interval,1,0.02,0.05,1.0000000000000002,0.5,0.5,traj,RPE,min,0.012112537507998145
minimum_time_interval,1,0.02,0.05,1.0000000000000002,0.5,0.5,traj,RPE,max,0.20797525935906364
minimum_time_interval,1,0.02,0.05,1.0000000000000002,0.5,0.5,traj,RPE,rmse,0.063504978154467
minimum_time_interval,1,0.02,0.05,1.0000000000000002,0.5,0.5,traj,num associated poses,mean,27.6
minimum_time_interval,1,0.02,0.05,1.0000000000000002,0.5,0.5,traj,num associated poses,std_dev,0.4898979485566356
minimum_time_interval,1,0.02,0.05,1.0000000000000002,0.5,0.5,traj,num associated poses,median,28.0
minimum_time_interval,1,0.02,0.05,1.0000000000000002,0.5,0.5,traj,num associated poses,min,27.0
minimum_time_interval,1,0.02,0.05,1.0000000000000002,0.5,0.5,traj,num associated poses,max,28.0
minimum_time_interval,1,0.02,0.05,1.0000000000000002,0.5,0.5,traj,num gt poses,mean,181.6
minimum_time_interval,1,0.02,0.05,1.0000000000000002,0.5,0.5,traj,num gt poses,std_dev,9.76933979345585
minimum_time_interval,1,0.02,0.05,1.0000000000000002,0.5,0.5,traj,num gt poses,median,180.0
minimum_time_interval,1,0.02,0.05,1.0000000000000002,0.5,0.5,traj,num gt poses,min,172.0
minimum_time_interval,1,0.02,0.05,1.0000000000000002,0.5,0.5,traj,num gt poses,max,200.0
minimum_time_interval,1,0.02,0.05,1.0000000000000002,0.5,0.5,traj,odom accum path length (m),mean,11.6098854
minimum_time_interval,1,0.02,0.05,1.0000000000000002,0.5,0.5,traj,odom accum path length (m),std_dev,0.08286240712554768
minimum_time_interval,1,0.02,0.05,1.0000000000000002,0.5,0.5,traj,odom accum path length (m),median,11.589181
minimum_time_interval,1,0.02,0.05,1.0000000000000002,0.5,0.5,traj,odom accum path length (m),min,11.491649
minimum_time_interval,1,0.02,0.05,1.0000000000000002,0.5,0.5,traj,odom accum path length (m),max,11.743842
minimum_time_interval,1,0.02,0.05,1.0000000000000002,0.5,0.5,traj,total rotation (rad),mean,10.026644000000001
minimum_time_interval,1,0.02,0.05,1.0000000000000002,0.5,0.5,traj,total rotation (rad),std_dev,0.46741517591323467
minimum_time_interval,1,0.02,0.05,1.0000000000000002,0.5,0.5,traj,total rotation (rad),median,9.98617
minimum_time_interval,1,0.02,0.05,1.0000000000000002,0.5,0.5,traj,total rotation (rad),min,9.290029
minimum_time_interval,1,0.02,0.05,1.0000000000000002,0.5,0.5,traj,total rotation (rad),max,10.582228
minimum_time_interval,1,0.02,0.05,1.0000000000000002,0.5,0.5,traj,duration (s),mean,24.897
minimum_time_interval,1,0.02,0.05,1.0000000000000002,0.5,0.5,traj,duration (s),std_dev,1.3860030302997175
minimum_time_interval,1,0.02,0.05,1.0000000000000002,0.5,0.5,traj,duration (s),median,24.608999999999995
minimum_time_interval,1,0.02,0.05,1.0000000000000002,0.5,0.5,traj,duration (s),min,23.493000000000002
minimum_time_interval,1,0.02,0.05,1.0000000000000002,0.5,0.5,traj,duration (s),max,27.494
minimum_time_interval,1,0.02,0.05,1.0000000000000002,0.5,0.5,completion,successes,count,5.0
minimum_time_interval,1,0.02,0.05,1.0000000000000002,0.5,0.5,completion,failures,count,0.0
minimum_time_interval,1,0.02,0.05,1.0000000000000002,0.5,0.5,completion,errors,count,0.0
minimum_time_interval,1,0.02,0.05,1.0000000000000002,0.5,0.5,completion,data or metrics missing,count,0.0
minimum_time_interval,1,0.02,0.05,1.0000000000000002,0.5,0.5,latency,latency,mean,0.0037391304347826086
minimum_time_interval,1,0.02,0.05,1.0000000000000002,0.5,0.5,latency,latency,std_dev,0.0018070086893196234
minimum_time_interval,1,0.02,0.05,1.0000000000000002,0.5,0.5,latency,latency,median,0.003
minimum_time_interval,1,0.02,0.05,1.0000000000000002,0.5,0.5,latency,latency,min,0.0
minimum_time_interval,1,0.02,0.05,1.0000000000000002,0.5,0.5,latency,latency,max,0.007
minimum_time_interval,1,0.02,0.05,1.0000000000000002,0.5,0.5,cov,trace,mean,0.005557510638297873
minimum_time_interval,1,0.02,0.05,1.0000000000000002,0.5,0.5,cov,trace,std_dev,0.0015515598310929858
minimum_time_interval,1,0.02,0.05,1.0000000000000002,0.5,0.5,cov,trace,median,0.005093
minimum_time_interval,1,0.02,0.05,1.0000000000000002,0.5,0.5,cov,trace,min,0.002884
minimum_time_interval,1,0.02,0.05,1.0000000000000002,0.5,0.5,cov,trace,max,0.012467
minimum_time_interval,1,0.02,0.05,1.0000000000000002,0.5,0.5,cov,trace,rmse,0.005770031404096109
minimum_time_interval,1,0.02,0.05,1.0000000000000002,0.5,0.5,cov,det,mean,3.5297646765248215e-10
minimum_time_interval,1,0.02,0.05,1.0000000000000002,0.5,0.5,cov,det,std_dev,2.7910954623183837e-10
minimum_time_interval,1,0.02,0.05,1.0000000000000002,0.5,0.5,cov,det,median,2.617845080000001e-10
minimum_time_interval,1,0.02,0.05,1.0000000000000002,0.5,0.5,cov,det,min,7.007608899999989e-11
minimum_time_interval,1,0.02,0.05,1.0000000000000002,0.5,0.5,cov,det,max,1.752230732000003e-09
minimum_time_interval,1,0.02,0.05,1.0000000000000002,0.5,0.5,cov,det,rmse,4.499939171968511e-10
minimum_time_interval,1,0.02,0.05,1.4142135623730954,0.5,0.5,traj,APE,mean,0.08031613779672209
minimum_time_interval,1,0.02,0.05,1.4142135623730954,0.5,0.5,traj,APE,std_dev,0.05822948306935417
minimum_time_interval,1,0.02,0.05,1.4142135623730954,0.5,0.5,traj,APE,median,0.06177744015922536
minimum_time_interval,1,0.02,0.05,1.4142135623730954,0.5,0.5,traj,APE,min,1.0842021724855044e-19
minimum_time_interval,1,0.02,0.05,1.4142135623730954,0.5,0.5,traj,APE,max,0.26832231606798407
minimum_time_interval,1,0.02,0.05,1.4142135623730954,0.5,0.5,traj,APE,rmse,0.09920360219823801
minimum_time_interval,1,0.02,0.05,1.4142135623730954,0.5,0.5,traj,RPE,mean,0.05091412065885663
minimum_time_interval,1,0.02,0.05,1.4142135623730954,0.5,0.5,traj,RPE,std_dev,0.035546715732268246
minimum_time_interval,1,0.02,0.05,1.4142135623730954,0.5,0.5,traj,RPE,median,0.03848374057453667
minimum_time_interval,1,0.02,0.05,1.4142135623730954,0.5,0.5,traj,RPE,min,0.010397283348152098
minimum_time_interval,1,0.02,0.05,1.4142135623730954,0.5,0.5,traj,RPE,max,0.1771409509237071
minimum_time_interval,1,0.02,0.05,1.4142135623730954,0.5,0.5,traj,RPE,rmse,0.06209522269720351
minimum_time_interval,1,0.02,0.05,1.4142135623730954,0.5,0.5,traj,num associated poses,mean,28.8
minimum_time_interval,1,0.02,0.05,1.4142135623730954,0.5,0.5,traj,num associated poses,std_dev,1.3266499161421599
minimum_time_interval,1,0.02,0.05,1.4142135623730954,0.5,0.5,traj,num associated poses,median,29.0
minimum_time_interval,1,0.02,0.05,1.4142135623730954,0.5,0.5,traj,num associated poses,min,27.0
minimum_time_interval,1,0.02,0.05,1.4142135623730954,0.5,0.5,traj,num associated poses,max,31.0
minimum_time_interval,1,0.02,0.05,1.4142135623730954,0.5,0.5,traj,num gt poses,mean,182.4
minimum_time_interval,1,0.02,0.05,1.4142135623730954,0.5,0.5,traj,num gt poses,std_dev,3.9799497484264803
minimum_time_interval,1,0.02,0.05,1.4142135623730954,0.5,0.5,traj,num gt poses,median,183.0
minimum_time_interval,1,0.02,0.05,1.4142135623730954,0.5,0.5,traj,num gt poses,min,177.0
minimum_time_interval,1,0.02,0.05,1.4142135623730954,0.5,0.5,traj,num gt poses,max,188.0
minimum_time_interval,1,0.02,0.05,1.4142135623730954,0.5,0.5,traj,odom accum path length (m),mean,11.5772104
minimum_time_interval,1,0.02,0.05,1.4142135623730954,0.5,0.5,traj,odom accum path length (m),std_dev,0.028479037249176598
minimum_time_interval,1,0.02,0.05,1.4142135623730954,0.5,0.5,traj,odom accum path length (m),median,11.584205
minimum_time_interval,1,0.02,0.05,1.4142135623730954,0.5,0.5,traj,odom accum path length (m),min,11.52602
minimum_time_interval,1,0.02,0.05,1.4142135623730954,0.5,0.5,traj,odom accum path length (m),max,11.606391
minimum_time_interval,1,0.02,0.05,1.4142135623730954,0.5,0.5,traj,total rotation (rad),mean,10.4490432
minimum_time_interval,1,0.02,0.05,1.4142135623730954,0.5,0.5,traj,total rotation (rad),std_dev,0.5669262260147792
minimum_time_interval,1,0.02,0.05,1.4142135623730954,0.5,0.5,traj,total rotation (rad),median,10.230435
minimum_time_interval,1,0.02,0.05,1.4142135623730954,0.5,0.5,traj,total rotation (rad),min,9.727279
minimum_time_interval,1,0.02,0.05,1.4142135623730954,0.5,0.5,traj,total rotation (rad),max,11.22971
minimum_time_interval,1,0.02,0.05,1.4142135623730954,0.5,0.5,traj,duration (s),mean,24.967
minimum_time_interval,1,0.02,0.05,1.4142135623730954,0.5,0.5,traj,duration (s),std_dev,0.6331625383738345
minimum_time_interval,1,0.02,0.05,1.4142135623730954,0.5,0.5,traj,duration (s),median,25.168999999999997
minimum_time_interval,1,0.02,0.05,1.4142135623730954,0.5,0.5,traj,duration (s),min,24.026000000000003
minimum_time_interval,1,0.02,0.05,1.4142135623730954,0.5,0.5,traj,duration (s),max,25.705
minimum_time_interval,1,0.02,0.05,1.4142135623730954,0.5,0.5,completion,successes,count,5.0
minimum_time_interval,1,0.02,0.05,1.4142135623730954,0.5,0.5,completion,failures,count,0.0
minimum_time_interval,1,0.02,0.05,1.4142135623730954,0.5,0.5,completion,errors,count,0.0
minimum_time_interval,1,0.02,0.05,1.4142135623730954,0.5,0.5,completion,data or metrics missing,count,0.0
minimum_time_interval,1,0.02,0.05,1.4142135623730954,0.5,0.5,latency,latency,mean,0.005215277777777779
minimum_time_interval,1,0.02,0.05,1.4142135623730954,0.5,0.5,latency,latency,std_dev,0.0040089538577976445
minimum_time_interval,1,0.02,0.05,1.4142135623730954,0.5,0.5,latency,latency,median,0.003
minimum_time_interval,1,0.02,0.05,1.4142135623730954,0.5,0.5,latency,latency,min,0.0
minimum_time_interval,1,0.02,0.05,1.4142135623730954,0.5,0.5,latency,latency,max,0.015000000000000001
minimum_time_interval,1,0.02,0.05,1.4142135623730954,0.5,0.5,cov,trace,mean,0.005599755102040816
minimum_time_interval,1,0.02,0.05,1.4142135623730954,0.5,0.5,cov,trace,std_dev,0.0018692990340768115
minimum_time_interval,1,0.02,0.05,1.4142135623730954,0.5,0.5,cov,trace,median,0.005023999999999999
minimum_time_interval,1,0.02,0.05,1.4142135623730954,0.5,0.5,cov,trace,min,0.0027300000000000002
minimum_time_interval,1,0.02,0.05,1.4142135623730954,0.5,0.5,cov,trace,max,0.017615000000000002
minimum_time_interval,1,0.02,0.05,1.4142135623730954,0.5,0.5,cov,trace,rmse,0.005903518957505993
minimum_time_interval,1,0.02,0.05,1.4142135623730954,0.5,0.5,cov,det,mean,3.476430498911563e-10
minimum_time_interval,1,0.02,0.05,1.4142135623730954,0.5,0.5,cov,det,std_dev,3.0473591616273266e-10
minimum_time_interval,1,0.02,0.05,1.4142135623730954,0.5,0.5,cov,det,median,2.450445529999998e-10
minimum_time_interval,1,0.02,0.05,1.4142135623730954,0.5,0.5,cov,det,min,5.490127899999997e-11
minimum_time_interval,1,0.02,0.05,1.4142135623730954,0.5,0.5,cov,det,max,1.8629106599999936e-09
minimum_time_interval,1,0.02,0.05,1.4142135623730954,0.5,0.5,cov,det,rmse,4.622982465218368e-10
minimum_time_interval,1,0.02,0.05,2.0000000000000004,0.5,0.5,traj,APE,mean,0.07624061256995242
minimum_time_interval,1,0.02,0.05,2.0000000000000004,0.5,0.5,traj,APE,std_dev,0.06884580335156089
minimum_time_interval,1,0.02,0.05,2.0000000000000004,0.5,0.5,traj,APE,median,0.05467378698484931
minimum_time_interval,1,0.02,0.05,2.0000000000000004,0.5,0.5,traj,APE,min,7.589415207398531e-19
minimum_time_interval,1,0.02,0.05,2.0000000000000004,0.5,0.5,traj,APE,max,0.3429469747653897
minimum_time_interval,1,0.02,0.05,2.0000000000000004,0.5,0.5,traj,APE,rmse,0.10272475672477098
minimum_time_interval,1,0.02,0.05,2.0000000000000004,0.5,0.5,traj,RPE,mean,0.053201856101275403
minimum_time_interval,1,0.02,0.05,2.0000000000000004,0.5,0.5,traj,RPE,std_dev,0.029957867385897848
minimum_time_interval,1,0.02,0.05,2.0000000000000004,0.5,0.5,traj,RPE,median,0.04437622683538874
minimum_time_interval,1,0.02,0.05,2.0000000000000004,0.5,0.5,traj,RPE,min,0.008309565487744665
minimum_time_interval,1,0.02,0.05,2.0000000000000004,0.5,0.5,traj,RPE,max,0.16045373193885834
minimum_time_interval,1,0.02,0.05,2.0000000000000004,0.5,0.5,traj,RPE,rmse,0.06105662380882075
minimum_time_interval,1,0.02,0.05,2.0000000000000004,0.5,0.5,traj,num associated poses,mean,27.75
minimum_time_interval,1,0.02,0.05,2.0000000000000004,0.5,0.5,traj,num associated poses,std_dev,0.4330127018922193
minimum_time_interval,1,0.02,0.05,2.0000000000000004,0.5,0.5,traj,num associated poses,median,28.0
minimum_time_interval,1,0.02,0.05,2.0000000000000004,0.5,0.5,traj,num associated poses,min,27.0
minimum_time_interval,1,0.02,0.05,2.0000000000000004,0.5,0.5,traj,num associated poses,max,28.0
minimum_time_interval,1,0.02,0.05,2.0000000000000004,0.5,0.5,traj,num gt poses,mean,176.0
minimum_time_interval,1,0.02,0.05,2.0000000000000004,0.5,0.5,traj,num gt poses,std_dev,3.1622776601683795
minimum_time_interval,1,0.02,0.05,2.0000000000000004,0.5,0.5,traj,num gt poses,median,176.0
minimum_time_interval,1,0.02,0.05,2.0000000000000004,0.5,0.5,traj,num gt poses,min,172.0
minimum_time_interval,1,0.02,0.05,2.0000000000000004,0.5,0.5,traj,num gt poses,max,180.0
minimum_time_interval,1,0.02,0.05,2.0000000000000004,0.5,0.5,traj,odom accum path length (m),mean,11.5516355
minimum_time_interval,1,0.02,0.05,2.0000000000000004,0.5,0.5,traj,odom accum path length (m),std_dev,0.04273638169932027
minimum_time_interval,1,0.02,0.05,2.0000000000000004,0.5,0.5,traj,odom accum path length (m),median,11.529855999999999
minimum_time_interval,1,0.02,0.05,2.0000000000000004,0.5,0.5,traj,odom accum path length (m),min,11.521991
minimum_time_interval,1,0.02,0.05,2.0000000000000004,0.5,0.5,traj,odom accum path length (m),max,11.624839
minimum_time_interval,1,0.02,0.05,2.0000000000000004,0.5,0.5,traj,total rotation (rad),mean,9.855260000000001
minimum_time_interval,1,0.02,0.05,2.0000000000000004,0.5,0.5,traj,total rotation (rad),std_dev,0.43620020187122804
minimum_time_interval,1,0.02,0.05,2.0000000000000004,0.5,0.5,traj,total rotation (rad),median,9.754491999999999
minimum_time_interval,1,0.02,0.05,2.0000000000000004,0.5,0.5,traj,total rotation (rad),min,9.362704
minimum_time_interval,1,0.02,0.05,2.0000000000000004,0.5,0.5,traj,total rotation (rad),max,10.549352
minimum_time_interval,1,0.02,0.05,2.0000000000000004,0.5,0.5,traj,duration (s),mean,24.092000000000002
minimum_time_interval,1,0.02,0.05,2.0000000000000004,0.5,0.5,traj,duration (s),std_dev,0.3725338910756982
minimum_time_interval,1,0.02,0.05,2.0000000000000004,0.5,0.5,traj,duration (s),median,24.1015
minimum_time_interval,1,0.02,0.05,2.0000000000000004,0.5,0.5,traj,duration (s),min,23.587
minimum_time_interval,1,0.02,0.05,2.0000000000000004,0.5,0.5,traj,duration (s),max,24.578
minimum_time_interval,1,0.02,0.05,2.0000000000000004,0.5,0.5,completion,successes,count,4.0
minimum_time_interval,1,0.02,0.05,2.0000000000000004,0.5,0.5,completion,failures,count,0.0
minimum_time_interval,1,0.02,0.05,2.0000000000000004,0.5,0.5,completion,errors,count,1.0
minimum_time_interval,1,0.02,0.05,2.0000000000000004,0.5,0.5,completion,data or metrics missing,count,1.0
minimum_time_interval,1,0.02,0.05,2.0000000000000004,0.5,0.5,latency,latency,mean,0.0031081081081081085
minimum_time_interval,1,0.02,0.05,2.0000000000000004,0.5,0.5,latency,latency,std_dev,0.004312878997789515
minimum_time_interval,1,0.02,0.05,2.0000000000000004,0.5,0.5,latency,latency,median,0.003
minimum_time_interval,1,0.02,0.05,2.0000000000000004,0.5,0.5,latency,latency,min,0.0
minimum_time_interval,1,0.02,0.05,2.0000000000000004,0.5,0.5,latency,latency,max,0.047
minimum_time_interval,1,0.02,0.05,2.0000000000000004,0.5,0.5,cov,trace,mean,0.0057300973451327435
minimum_time_interval,1,0.02,0.05,2.0000000000000004,0.5,0.5,cov,trace,std_dev,0.002273275734649267
minimum_time_interval,1,0.02,0.05,2.0000000000000004,0.5,0.5,cov,trace,median,0.004999000000000001
minimum_time_interval,1,0.02,0.05,2.0000000000000004,0.5,0.5,cov,trace,min,0.002477
minimum_time_interval,1,0.02,0.05,2.0000000000000004,0.5,0.5,cov,trace,max,0.021442
minimum_time_interval,1,0.02,0.05,2.0000000000000004,0.5,0.5,cov,trace,rmse,0.006164559850503723
minimum_time_interval,1,0.02,0.05,2.0000000000000004,0.5,0.5,cov,det,mean,3.593870680265486e-10
minimum_time_interval,1,0.02,0.05,2.0000000000000004,0.5,0.5,cov,det,std_dev,2.986694059250176e-10
minimum_time_interval,1,0.02,0.05,2.0000000000000004,0.5,0.5,cov,det,median,2.735938169999998e-10
minimum_time_interval,1,0.02,0.05,2.0000000000000004,0.5,0.5,cov,det,min,5.0248226000000095e-11
minimum_time_interval,1,0.02,0.05,2.0000000000000004,0.5,0.5,cov,det,max,2.106638086000004e-09
minimum_time_interval,1,0.02,0.05,2.0000000000000004,0.5,0.5,cov,det,rmse,4.672927120128475e-10
minimum_travel_distance,1,0.02,0.05,0.5,0.0888,0.5,traj,APE,mean,0.07536296734901722
minimum_travel_distance,1,0.02,0.05,0.5,0.0888,0.5,traj,APE,std_dev,0.040627206049671245
minimum_travel_distance,1,0.02,0.05,0.5,0.0888,0.5,traj,APE,median,0.0672171974623009
minimum_travel_distance,1,0.02,0.05,0.5,0.0888,0.5,traj,APE,min,5.421010862427522e-20
minimum_travel_distance,1,0.02,0.05,0.5,0.0888,0.5,traj,APE,max,0.1870383673372626
minimum_travel_distance,1,0.02,0.05,0.5,0.0888,0.5,traj,APE,rmse,0.08561627601718892
minimum_travel_distance,1,0.02,0.05,0.5,0.0888,0.5,traj,RPE,mean,0.04461777595103841
minimum_travel_distance,1,0.02,0.05,0.5,0.0888,0.5,traj,RPE,std_dev,0.02759149434000361
minimum_travel_distance,1,0.02,0.05,0.5,0.0888,0.5,traj,RPE,median,0.03652836611490567
minimum_travel_distance,1,0.02,0.05,0.5,0.0888,0.5,traj,RPE,min,0.009610038225917227
minimum_travel_distance,1,0.02,0.05,0.5,0.0888,0.5,traj,RPE,max,0.2563728285124394
minimum_travel_distance,1,0.02,0.05,0.5,0.0888,0.5,traj,RPE,rmse,0.05245985599228722
minimum_travel_distance,1,0.02,0.05,0.5,0.0888,0.5,traj,num associated poses,mean,93.8
minimum_travel_distance,1,0.02,0.05,0.5,0.0888,0.5,traj,num associated poses,std_dev,4.166533331199932
minimum_travel_distance,1,0.02,0.05,0.5,0.0888,0.5,traj,num associated poses,median,92.0
minimum_travel_distance,1,0.02,0.05,0.5,0.0888,0.5,traj,num associated poses,min,91.0
minimum_travel_distance,1,0.02,0.05,0.5,0.0888,0.5,traj,num associated poses,max,102.0
minimum_travel_distance,1,0.02,0.05,0.5,0.0888,0.5,traj,num gt poses,mean,164.4
minimum_travel_distance,1,0.02,0.05,0.5,0.0888,0.5,traj,num gt poses,std_dev,3.0066592756745814
minimum_travel_distance,1,0.02,0.05,0.5,0.0888,0.5,traj,num gt poses,median,165.0
minimum_travel_distance,1,0.02,0.05,0.5,0.0888,0.5,traj,num gt poses,min,159.0
minimum_travel_distance,1,0.02,0.05,0.5,0.0888,0.5,traj,num gt poses,max,168.0
minimum_travel_distance,1,0.02,0.05,0.5,0.0888,0.5,traj,odom accum path length (m),mean,9.7285642
minimum_travel_distance,1,0.02,0.05,0.5,0.0888,0.5,traj,odom accum path length (m),std_dev,0.49693824670009096
minimum_travel_distance,1,0.02,0.05,0.5,0.0888,0.5,traj,odom accum path length (m),median,9.434448
minimum_travel_distance,1,0.02,0.05,0.5,0.0888,0.5,traj,odom accum path length (m),min,9.343359
minimum_travel_distance,1,0.02,0.05,0.5,0.0888,0.5,traj,odom accum path length (m),max,10.645751
minimum_travel_distance,1,0.02,0.05,0.5,0.0888,0.5,traj,total rotation (rad),mean,7.934191999999999
minimum_travel_distance,1,0.02,0.05,0.5,0.0888,0.5,traj,total rotation (rad),std_dev,1.0237320843251907
minimum_travel_distance,1,0.02,0.05,0.5,0.0888,0.5,traj,total rotation (rad),median,7.832363
minimum_travel_distance,1,0.02,0.05,0.5,0.0888,0.5,traj,total rotation (rad),min,6.646937
minimum_travel_distance,1,0.02,0.05,0.5,0.0888,0.5,traj,total rotation (rad),max,9.772991
minimum_travel_distance,1,0.02,0.05,0.5,0.0888,0.5,traj,duration (s),mean,22.5992
minimum_travel_distance,1,0.02,0.05,0.5,0.0888,0.5,traj,duration (s),std_dev,0.4219902368538887
minimum_travel_distance,1,0.02,0.05,0.5,0.0888,0.5,traj,duration (s),median,22.645999999999997
minimum_travel_distance,1,0.02,0.05,0.5,0.0888,0.5,traj,duration (s),min,21.875999999999998
minimum_travel_distance,1,0.02,0.05,0.5,0.0888,0.5,traj,duration (s),max,23.155
minimum_travel_distance,1,0.02,0.05,0.5,0.0888,0.5,completion,successes,count,0.0
minimum_travel_distance,1,0.02,0.05,0.5,0.0888,0.5,completion,failures,count,5.0
minimum_travel_distance,1,0.02,0.05,0.5,0.0888,0.5,completion,errors,count,0.0
minimum_travel_distance,1,0.02,0.05,0.5,0.0888,0.5,completion,data or metrics missing,count,0.0
minimum_travel_distance,1,0.02,0.05,0.5,0.0888,0.5,latency,latency,mean,0.013264392324093821
minimum_travel_distance,1,0.02,0.05,0.5,0.0888,0.5,latency,latency,std_dev,0.04540932564750102
minimum_travel_distance,1,0.02,0.05,0.5,0.0888,0.5,latency,latency,median,0.004
minimum_travel_distance,1,0.02,0.05,0.5,0.0888,0.5,latency,latency,min,0.0
minimum_travel_distance,1,0.02,0.05,0.5,0.0888,0.5,latency,latency,max,0.607
minimum_travel_distance,1,0.02,0.05,0.5,0.0888,0.5,cov,trace,mean,0.004657706751054853
minimum_travel_distance,1,0.02,0.05,0.5,0.0888,0.5,cov,trace,std_dev,0.0010370991658601606
minimum_travel_distance,1,0.02,0.05,0.5,0.0888,0.5,cov,trace,median,0.0046465
minimum_travel_distance,1,0.02,0.05,0.5,0.0888,0.5,cov,trace,min,0.002731
minimum_travel_distance,1,0.02,0.05,0.5,0.0888,0.5,cov,trace,max,0.010223
minimum_travel_distance,1,0.02,0.05,0.5,0.0888,0.5,cov,trace,rmse,0.004771771878312059
minimum_travel_distance,1,0.02,0.05,0.5,0.0888,0.5,cov,det,mean,1.8164237622151895e-10
minimum_travel_distance,1,0.02,0.05,0.5,0.0888,0.5,cov,det,std_dev,1.105184109336021e-10
minimum_travel_distance,1,0.02,0.05,0.5,0.0888,0.5,cov,det,median,1.4976428650000014e-10
minimum_travel_distance,1,0.02,0.05,0.5,0.0888,0.5,cov,det,min,4.6507161000000005e-11
minimum_travel_distance,1,0.02,0.05,0.5,0.0888,0.5,cov,det,max,8.746288059999981e-10
minimum_travel_distance,1,0.02,0.05,0.5,0.0888,0.5,cov,det,rmse,2.1262236945977335e-10
minimum_travel_distance,1,0.02,0.05,0.5,0.12558216433873085,0.5,traj,APE,mean,0.09677675027676173
minimum_travel_distance,1,0.02,0.05,0.5,0.12558216433873085,0.5,traj,APE,std_dev,0.05031828741813684
minimum_travel_distance,1,0.02,0.05,0.5,0.12558216433873085,0.5,traj,APE,median,0.0969377089178006
minimum_travel_distance,1,0.02,0.05,0.5,0.12558216433873085,0.5,traj,APE,min,5.421010862427522e-20
minimum_travel_distance,1,0.02,0.05,0.5,0.12558216433873085,0.5,traj,APE,max,0.2531468421570685
minimum_travel_distance,1,0.02,0.05,0.5,0.12558216433873085,0.5,traj,APE,rmse,0.10907643853199889
minimum_travel_distance,1,0.02,0.05,0.5,0.12558216433873085,0.5,traj,RPE,mean,0.04907362775148156
minimum_travel_distance,1,0.02,0.05,0.5,0.12558216433873085,0.5,traj,RPE,std_dev,0.030420147684156375
minimum_travel_distance,1,0.02,0.05,0.5,0.12558216433873085,0.5,traj,RPE,median,0.03983610384633431
minimum_travel_distance,1,0.02,0.05,0.5,0.12558216433873085,0.5,traj,RPE,min,0.01083117596597916
minimum_travel_distance,1,0.02,0.05,0.5,0.12558216433873085,0.5,traj,RPE,max,0.2021027926058945
minimum_travel_distance,1,0.02,0.05,0.5,0.12558216433873085,0.5,traj,RPE,rmse,0.05773739105481704
minimum_travel_distance,1,0.02,0.05,0.5,0.12558216433873085,0.5,traj,num associated poses,mean,86.4
minimum_travel_distance,1,0.02,0.05,0.5,0.12558216433873085,0.5,traj,num associated poses,std_dev,2.33238075793812
minimum_travel_distance,1,0.02,0.05,0.5,0.12558216433873085,0.5,traj,num associated poses,median,85.0
minimum_travel_distance,1,0.02,0.05,0.5,0.12558216433873085,0.5,traj,num associated poses,min,85.0
minimum_travel_distance,1,0.02,0.05,0.5,0.12558216433873085,0.5,traj,num associated poses,max,91.0
minimum_travel_distance,1,0.02,0.05,0.5,0.12558216433873085,0.5,traj,num gt poses,mean,174.4
minimum_travel_distance,1,0.02,0.05,0.5,0.12558216433873085,0.5,traj,num gt poses,std_dev,8.42852300228219
minimum_travel_distance,1,0.02,0.05,0.5,0.12558216433873085,0.5,traj,num gt poses,median,171.0
minimum_travel_distance,1,0.02,0.05,0.5,0.12558216433873085,0.5,traj,num gt poses,min,165.0
minimum_travel_distance,1,0.02,0.05,0.5,0.12558216433873085,0.5,traj,num gt poses,max,189.0
minimum_travel_distance,1,0.02,0.05,0.5,0.12558216433873085,0.5,traj,odom accum path length (m),mean,11.629802799999998
minimum_travel_distance,1,0.02,0.05,0.5,0.12558216433873085,0.5,traj,odom accum path length (m),std_dev,0.2966837029824187
minimum_travel_distance,1,0.02,0.05,0.5,0.12558216433873085,0.5,traj,odom accum path length (m),median,11.473563
minimum_travel_distance,1,0.02,0.05,0.5,0.12558216433873085,0.5,traj,odom accum path length (m),min,11.430369
minimum_travel_distance,1,0.02,0.05,0.5,0.12558216433873085,0.5,traj,odom accum path length (m),max,12.214776
minimum_travel_distance,1,0.02,0.05,0.5,0.12558216433873085,0.5,traj,total rotation (rad),mean,9.9368306
minimum_travel_distance,1,0.02,0.05,0.5,0.12558216433873085,0.5,traj,total rotation (rad),std_dev,0.9276730266115537
minimum_travel_distance,1,0.02,0.05,0.5,0.12558216433873085,0.5,traj,total rotation (rad),median,9.637577
minimum_travel_distance,1,0.02,0.05,0.5,0.12558216433873085,0.5,traj,total rotation (rad),min,8.977364
minimum_travel_distance,1,0.02,0.05,0.5,0.12558216433873085,0.5,traj,total rotation (rad),max,11.704323
minimum_travel_distance,1,0.02,0.05,0.5,0.12558216433873085,0.5,traj,duration (s),mean,24.056
minimum_travel_distance,1,0.02,0.05,0.5,0.12558216433873085,0.5,traj,duration (s),std_dev,1.0313815976640255
minimum_travel_distance,1,0.02,0.05,0.5,0.12558216433873085,0.5,traj,duration (s),median,23.325000000000003
minimum_travel_distance,1,0.02,0.05,0.5,0.12558216433873085,0.5,traj,duration (s),min,23.296
minimum_travel_distance,1,0.02,0.05,0.5,0.12558216433873085,0.5,traj,duration (s),max,25.927
minimum_travel_distance,1,0.02,0.05,0.5,0.12558216433873085,0.5,completion,successes,count,5.0
minimum_travel_distance,1,0.02,0.05,0.5,0.12558216433873085,0.5,completion,failures,count,0.0
minimum_travel_distance,1,0.02,0.05,0.5,0.12558216433873085,0.5,completion,errors,count,0.0
minimum_travel_distance,1,0.02,0.05,0.5,0.12558216433873085,0.5,completion,data or metrics missing,count,0.0
minimum_travel_distance,1,0.02,0.05,0.5,0.12558216433873085,0.5,latency,latency,mean,0.006754629629629631
minimum_travel_distance,1,0.02,0.05,0.5,0.12558216433873085,0.5,latency,latency,std_dev,0.01211193843447875
minimum_travel_distance,1,0.02,0.05,0.5,0.12558216433873085,0.5,latency,latency,median,0.005
minimum_travel_distance,1,0.02,0.05,0.5,0.12558216433873085,0.5,latency,latency,min,0.0
minimum_travel_distance,1,0.02,0.05,0.5,0.12558216433873085,0.5,latency,latency,max,0.14400000000000002
minimum_travel_distance,1,0.02,0.05,0.5,0.12558216433873085,0.5,cov,trace,mean,0.004627426605504588
minimum_travel_distance,1,0.02,0.05,0.5,0.12558216433873085,0.5,cov,trace,std_dev,0.0009711459898512035
minimum_travel_distance,1,0.02,0.05,0.5,0.12558216433873085,0.5,cov,trace,median,0.0046315
minimum_travel_distance,1,0.02,0.05,0.5,0.12558216433873085,0.5,cov,trace,min,0.002523
minimum_travel_distance,1,0.02,0.05,0.5,0.12558216433873085,0.5,cov,trace,max,0.008076000000000002
minimum_travel_distance,1,0.02,0.05,0.5,0.12558216433873085,0.5,cov,trace,rmse,0.0047282345038011575
minimum_travel_distance,1,0.02,0.05,0.5,0.12558216433873085,0.5,cov,det,mean,2.0908199487385313e-10
minimum_travel_distance,1,0.02,0.05,0.5,0.12558216433873085,0.5,cov,det,std_dev,1.3731348222609808e-10
minimum_travel_distance,1,0.02,0.05,0.5,0.12558216433873085,0.5,cov,det,median,1.662491249999999e-10
minimum_travel_distance,1,0.02,0.05,0.5,0.12558216433873085,0.5,cov,det,min,5.249186599999987e-11
minimum_travel_distance,1,0.02,0.05,0.5,0.12558216433873085,0.5,cov,det,max,1.0264885539999987e-09
minimum_travel_distance,1,0.02,0.05,0.5,0.12558216433873085,0.5,cov,det,rmse,2.5014050647883257e-10
minimum_travel_distance,1,0.02,0.05,0.5,0.1776,0.5,traj,APE,mean,0.0626369015460402
minimum_travel_distance,1,0.02,0.05,0.5,0.1776,0.5,traj,APE,std_dev,0.03390844556022379
minimum_travel_distance,1,0.02,0.05,0.5,0.1776,0.5,traj,APE,median,0.05468161515605581
minimum_travel_distance,1,0.02,0.05,0.5,0.1776,0.5,traj,APE,min,1.6263032587282567e-19
minimum_travel_distance,1,0.02,0.05,0.5,0.1776,0.5,traj,APE,max,0.15908930543671748
minimum_travel_distance,1,0.02,0.05,0.5,0.1776,0.5,traj,APE,rmse,0.07122614769590585
minimum_travel_distance,1,0.02,0.05,0.5,0.1776,0.5,traj,RPE,mean,0.04389495965719301
minimum_travel_distance,1,0.02,0.05,0.5,0.1776,0.5,traj,RPE,std_dev,0.023601696212805404
minimum_travel_distance,1,0.02,0.05,0.5,0.1776,0.5,traj,RPE,median,0.037617645660201746
minimum_travel_distance,1,0.02,0.05,0.5,0.1776,0.5,traj,RPE,min,0.0090979350031863
minimum_travel_distance,1,0.02,0.05,0.5,0.1776,0.5,traj,RPE,max,0.17778627779979658
minimum_travel_distance,1,0.02,0.05,0.5,0.1776,0.5,traj,RPE,rmse,0.04983781242619057
minimum_travel_distance,1,0.02,0.05,0.5,0.1776,0.5,traj,num associated poses,mean,64.8
minimum_travel_distance,1,0.02,0.05,0.5,0.1776,0.5,traj,num associated poses,std_dev,4.166533331199932
minimum_travel_distance,1,0.02,0.05,0.5,0.1776,0.5,traj,num associated poses,median,63.0
minimum_travel_distance,1,0.02,0.05,0.5,0.1776,0.5,traj,num associated poses,min,62.0
minimum_travel_distance,1,0.02,0.05,0.5,0.1776,0.5,traj,num associated poses,max,73.0
minimum_travel_distance,1,0.02,0.05,0.5,0.1776,0.5,traj,num gt poses,mean,181.4
minimum_travel_distance,1,0.02,0.05,0.5,0.1776,0.5,traj,num gt poses,std_dev,16.181470884935027
minimum_travel_distance,1,0.02,0.05,0.5,0.1776,0.5,traj,num gt poses,median,173.0
minimum_travel_distance,1,0.02,0.05,0.5,0.1776,0.5,traj,num gt poses,min,170.0
minimum_travel_distance,1,0.02,0.05,0.5,0.1776,0.5,traj,num gt poses,max,213.0
minimum_travel_distance,1,0.02,0.05,0.5,0.1776,0.5,traj,odom accum path length (m),mean,11.6964728
minimum_travel_distance,1,0.02,0.05,0.5,0.1776,0.5,traj,odom accum path length (m),std_dev,0.43032838552733216
minimum_travel_distance,1,0.02,0.05,0.5,0.1776,0.5,traj,odom accum path length (m),median,11.500843
minimum_travel_distance,1,0.02,0.05,0.5,0.1776,0.5,traj,odom accum path length (m),min,11.415884
minimum_travel_distance,1,0.02,0.05,0.5,0.1776,0.5,traj,odom accum path length (m),max,12.551467
minimum_travel_distance,1,0.02,0.05,0.5,0.1776,0.5,traj,total rotation (rad),mean,10.854108400000001
minimum_travel_distance,1,0.02,0.05,0.5,0.1776,0.5,traj,total rotation (rad),std_dev,2.5864196778480166
minimum_travel_distance,1,0.02,0.05,0.5,0.1776,0.5,traj,total rotation (rad),median,9.553425
minimum_travel_distance,1,0.02,0.05,0.5,0.1776,0.5,traj,total rotation (rad),min,9.07287
minimum_travel_distance,1,0.02,0.05,0.5,0.1776,0.5,traj,total rotation (rad),max,15.974843
minimum_travel_distance,1,0.02,0.05,0.5,0.1776,0.5,traj,duration (s),mean,24.9036
minimum_travel_distance,1,0.02,0.05,0.5,0.1776,0.5,traj,duration (s),std_dev,2.2858664527920265
minimum_travel_distance,1,0.02,0.05,0.5,0.1776,0.5,traj,duration (s),median,23.616999999999997
minimum_travel_distance,1,0.02,0.05,0.5,0.1776,0.5,traj,duration (s),min,23.345999999999997
minimum_travel_distance,1,0.02,0.05,0.5,0.1776,0.5,traj,duration (s),max,29.389
minimum_travel_distance,1,0.02,0.05,0.5,0.1776,0.5,completion,successes,count,5.0
minimum_travel_distance,1,0.02,0.05,0.5,0.1776,0.5,completion,failures,count,0.0
minimum_travel_distance,1,0.02,0.05,0.5,0.1776,0.5,completion,errors,count,0.0
minimum_travel_distance,1,0.02,0.05,0.5,0.1776,0.5,completion,data or metrics missing,count,0.0
minimum_travel_distance,1,0.02,0.05,0.5,0.1776,0.5,latency,latency,mean,0.004225308641975309
minimum_travel_distance,1,0.02,0.05,0.5,0.1776,0.5,latency,latency,std_dev,0.0032128947704484034
minimum_travel_distance,1,0.02,0.05,0.5,0.1776,0.5,latency,latency,median,0.003
minimum_travel_distance,1,0.02,0.05,0.5,0.1776,0.5,latency,latency,min,0.0
minimum_travel_distance,1,0.02,0.05,0.5,0.1776,0.5,latency,latency,max,0.013000000000000001
minimum_travel_distance,1,0.02,0.05,0.5,0.1776,0.5,cov,trace,mean,0.004771146341463414
minimum_travel_distance,1,0.02,0.05,0.5,0.1776,0.5,cov,trace,std_dev,0.0011923355807492962
minimum_travel_distance,1,0.02,0.05,0.5,0.1776,0.5,cov,trace,median,0.0046535
minimum_travel_distance,1,0.02,0.05,0.5,0.1776,0.5,cov,trace,min,0.002471
minimum_travel_distance,1,0.02,0.05,0.5,0.1776,0.5,cov,trace,max,0.015976999999999998
minimum_travel_distance,1,0.02,0.05,0.5,0.1776,0.5,cov,trace,rmse,0.004917875715060364
minimum_travel_distance,1,0.02,0.05,0.5,0.1776,0.5,cov,det,mean,2.5721312689939016e-10
minimum_travel_distance,1,0.02,0.05,0.5,0.1776,0.5,cov,det,std_dev,1.8342043763736136e-10
minimum_travel_distance,1,0.02,0.05,0.5,0.1776,0.5,cov,det,median,1.964766714999997e-10
minimum_travel_distance,1,0.02,0.05,0.5,0.1776,0.5,cov,det,min,4.571604100000001e-11
minimum_travel_distance,1,0.02,0.05,0.5,0.1776,0.5,cov,det,max,1.5081190280000011e-09
minimum_travel_distance,1,0.02,0.05,0.5,0.1776,0.5,cov,det,rmse,3.159139908146566e-10
minimum_travel_distance,1,0.02,0.05,0.5,0.2511643286774617,0.5,traj,APE,mean,0.08005536581187969
minimum_travel_distance,1,0.02,0.05,0.5,0.2511643286774617,0.5,traj,APE,std_dev,0.05552456584210645
minimum_travel_distance,1,0.02,0.05,0.5,0.2511643286774617,0.5,traj,APE,median,0.05705960338914494
minimum_travel_distance,1,0.02,0.05,0.5,0.2511643286774617,0.5,traj,APE,min,3.2526065174565133e-19
minimum_travel_distance,1,0.02,0.05,0.5,0.2511643286774617,0.5,traj,APE,max,0.23945677320295372
minimum_travel_distance,1,0.02,0.05,0.5,0.2511643286774617,0.5,traj,APE,rmse,0.09742606944359548
minimum_travel_distance,1,0.02,0.05,0.5,0.2511643286774617,0.5,traj,RPE,mean,0.04543029891625847
minimum_travel_distance,1,0.02,0.05,0.5,0.2511643286774617,0.5,traj,RPE,std_dev,0.026696378045719983
minimum_travel_distance,1,0.02,0.05,0.5,0.2511643286774617,0.5,traj,RPE,median,0.04031183398383359
minimum_travel_distance,1,0.02,0.05,0.5,0.2511643286774617,0.5,traj,RPE,min,0.007160405500903101
minimum_travel_distance,1,0.02,0.05,0.5,0.2511643286774617,0.5,traj,RPE,max,0.16014258767121103
minimum_travel_distance,1,0.02,0.05,0.5,0.2511643286774617,0.5,traj,RPE,rmse,0.052693535280721064
minimum_travel_distance,1,0.02,0.05,0.5,0.2511643286774617,0.5,traj,num associated poses,mean,46.0
minimum_travel_distance,1,0.02,0.05,0.5,0.2511643286774617,0.5,traj,num associated poses,std_dev,1.224744871391589
minimum_travel_distance,1,0.02,0.05,0.5,0.2511643286774617,0.5,traj,num associated poses,median,45.5
minimum_travel_distance,1,0.02,0.05,0.5,0.2511643286774617,0.5,traj,num associated poses,min,45.0
minimum_travel_distance,1,0.02,0.05,0.5,0.2511643286774617,0.5,traj,num associated poses,max,48.0
minimum_travel_distance,1,0.02,0.05,0.5,0.2511643286774617,0.5,traj,num gt poses,mean,177.0
minimum_travel_distance,1,0.02,0.05,0.5,0.2511643286774617,0.5,traj,num gt poses,std_dev,4.949747468305833
minimum_travel_distance,1,0.02,0.05,0.5,0.2511643286774617,0.5,traj,num gt poses,median,177.5
minimum_travel_distance,1,0.02,0.05,0.5,0.2511643286774617,0.5,traj,num gt poses,min,170.0
minimum_travel_distance,1,0.02,0.05,0.5,0.2511643286774617,0.5,traj,num gt poses,max,183.0
minimum_travel_distance,1,0.02,0.05,0.5,0.2511643286774617,0.5,traj,odom accum path length (m),mean,11.598089000000002
minimum_travel_distance,1,0.02,0.05,0.5,0.2511643286774617,0.5,traj,odom accum path length (m),std_dev,0.19565727266447333
minimum_travel_distance,1,0.02,0.05,0.5,0.2511643286774617,0.5,traj,odom accum path length (m),median,11.5156715
minimum_travel_distance,1,0.02,0.05,0.5,0.2511643286774617,0.5,traj,odom accum path length (m),min,11.431531
minimum_travel_distance,1,0.02,0.05,0.5,0.2511643286774617,0.5,traj,odom accum path length (m),max,11.929482
minimum_travel_distance,1,0.02,0.05,0.5,0.2511643286774617,0.5,traj,total rotation (rad),mean,10.22522125
minimum_travel_distance,1,0.02,0.05,0.5,0.2511643286774617,0.5,traj,total rotation (rad),std_dev,0.7630712611595905
minimum_travel_distance,1,0.02,0.05,0.5,0.2511643286774617,0.5,traj,total rotation (rad),median,10.162410000000001
minimum_travel_distance,1,0.02,0.05,0.5,0.2511643286774617,0.5,traj,total rotation (rad),min,9.365554
minimum_travel_distance,1,0.02,0.05,0.5,0.2511643286774617,0.5,traj,total rotation (rad),max,11.210511
minimum_travel_distance,1,0.02,0.05,0.5,0.2511643286774617,0.5,traj,duration (s),mean,24.267
minimum_travel_distance,1,0.02,0.05,0.5,0.2511643286774617,0.5,traj,duration (s),std_dev,0.5933578178468708
minimum_travel_distance,1,0.02,0.05,0.5,0.2511643286774617,0.5,traj,duration (s),median,24.3585
minimum_travel_distance,1,0.02,0.05,0.5,0.2511643286774617,0.5,traj,duration (s),min,23.42
minimum_travel_distance,1,0.02,0.05,0.5,0.2511643286774617,0.5,traj,duration (s),max,24.931
minimum_travel_distance,1,0.02,0.05,0.5,0.2511643286774617,0.5,completion,successes,count,4.0
minimum_travel_distance,1,0.02,0.05,0.5,0.2511643286774617,0.5,completion,failures,count,0.0
minimum_travel_distance,1,0.02,0.05,0.5,0.2511643286774617,0.5,completion,errors,count,1.0
minimum_travel_distance,1,0.02,0.05,0.5,0.2511643286774617,0.5,completion,data or metrics missing,count,1.0
minimum_travel_distance,1,0.02,0.05,0.5,0.2511643286774617,0.5,latency,latency,mean,0.004054347826086957
minimum_travel_distance,1,0.02,0.05,0.5,0.2511643286774617,0.5,latency,latency,std_dev,0.0021637534338494477
minimum_travel_distance,1,0.02,0.05,0.5,0.2511643286774617,0.5,latency,latency,median,0.004
minimum_travel_distance,1,0.02,0.05,0.5,0.2511643286774617,0.5,latency,latency,min,0.0
minimum_travel_distance,1,0.02,0.05,0.5,0.2511643286774617,0.5,latency,latency,max,0.01
minimum_travel_distance,1,0.02,0.05,0.5,0.2511643286774617,0.5,cov,trace,mean,0.004961117021276596
minimum_travel_distance,1,0.02,0.05,0.5,0.2511643286774617,0.5,cov,trace,std_dev,0.001086165271468536
minimum_travel_distance,1,0.02,0.05,0.5,0.2511643286774617,0.5,cov,trace,median,0.0047695
minimum_travel_distance,1,0.02,0.05,0.5,0.2511643286774617,0.5,cov,trace,min,0.0027210000000000003
minimum_travel_distance,1,0.02,0.05,0.5,0.2511643286774617,0.5,cov,trace,max,0.009198000000000001
minimum_travel_distance,1,0.02,0.05,0.5,0.2511643286774617,0.5,cov,trace,rmse,0.005078625512453609
minimum_travel_distance,1,0.02,0.05,0.5,0.2511643286774617,0.5,cov,det,mean,2.829861919787233e-10
minimum_travel_distance,1,0.02,0.05,0.5,0.2511643286774617,0.5,cov,det,std_dev,2.0350995101224918e-10
minimum_travel_distance,1,0.02,0.05,0.5,0.2511643286774617,0.5,cov,det,median,2.0331438449999965e-10
minimum_travel_distance,1,0.02,0.05,0.5,0.2511643286774617,0.5,cov,det,min,9.069927300000009e-11
minimum_travel_distance,1,0.02,0.05,0.5,0.2511643286774617,0.5,cov,det,max,1.0813101340000012e-09
minimum_travel_distance,1,0.02,0.05,0.5,0.2511643286774617,0.5,cov,det,rmse,3.4856489354441144e-10
minimum_travel_distance,1,0.02,0.05,0.5,0.3552,0.5,traj,APE,mean,0.09298962592858612
minimum_travel_distance,1,0.02,0.05,0.5,0.3552,0.5,traj,APE,std_dev,0.08812002830991916
minimum_travel_distance,1,0.02,0.05,0.5,0.3552,0.5,traj,APE,median,0.0597676476704581
minimum_travel_distance,1,0.02,0.05,0.5,0.3552,0.5,traj,APE,min,1.0842021724855044e-19
minimum_travel_distance,1,0.02,0.05,0.5,0.3552,0.5,traj,APE,max,0.4011267219061686
minimum_travel_distance,1,0.02,0.05,0.5,0.3552,0.5,traj,APE,rmse,0.12811014760618822
minimum_travel_distance,1,0.02,0.05,0.5,0.3552,0.5,traj,RPE,mean,0.048404067294199035
minimum_travel_distance,1,0.02,0.05,0.5,0.3552,0.5,traj,RPE,std_dev,0.030602929750017563
minimum_travel_distance,1,0.02,0.05,0.5,0.3552,0.5,traj,RPE,median,0.040428277791075565
minimum_travel_distance,1,0.02,0.05,0.5,0.3552,0.5,traj,RPE,min,0.008959803103525042
minimum_travel_distance,1,0.02,0.05,0.5,0.3552,0.5,traj,RPE,max,0.2074730207407651
minimum_travel_distance,1,0.02,0.05,0.5,0.3552,0.5,traj,RPE,rmse,0.05726685812846606
minimum_travel_distance,1,0.02,0.05,0.5,0.3552,0.5,traj,num associated poses,mean,35.2
minimum_travel_distance,1,0.02,0.05,0.5,0.3552,0.5,traj,num associated poses,std_dev,1.16619037896906
minimum_travel_distance,1,0.02,0.05,0.5,0.3552,0.5,traj,num associated poses,median,35.0
minimum_travel_distance,1,0.02,0.05,0.5,0.3552,0.5,traj,num associated poses,min,34.0
minimum_travel_distance,1,0.02,0.05,0.5,0.3552,0.5,traj,num associated poses,max,37.0
minimum_travel_distance,1,0.02,0.05,0.5,0.3552,0.5,traj,num gt poses,mean,174.4
minimum_travel_distance,1,0.02,0.05,0.5,0.3552,0.5,traj,num gt poses,std_dev,6.151422599691879
minimum_travel_distance,1,0.02,0.05,0.5,0.3552,0.5,traj,num gt poses,median,172.0
minimum_travel_distance,1,0.02,0.05,0.5,0.3552,0.5,traj,num gt poses,min,169.0
minimum_travel_distance,1,0.02,0.05,0.5,0.3552,0.5,traj,num gt poses,max,186.0
minimum_travel_distance,1,0.02,0.05,0.5,0.3552,0.5,traj,odom accum path length (m),mean,11.554968200000001
minimum_travel_distance,1,0.02,0.05,0.5,0.3552,0.5,traj,odom accum path length (m),std_dev,0.1338155487907144
minimum_travel_distance,1,0.02,0.05,0.5,0.3552,0.5,traj,odom accum path length (m),median,11.585029
minimum_travel_distance,1,0.02,0.05,0.5,0.3552,0.5,traj,odom accum path length (m),min,11.319014
minimum_travel_distance,1,0.02,0.05,0.5,0.3552,0.5,traj,odom accum path length (m),max,11.711881
minimum_travel_distance,1,0.02,0.05,0.5,0.3552,0.5,traj,total rotation (rad),mean,10.010335
minimum_travel_distance,1,0.02,0.05,0.5,0.3552,0.5,traj,total rotation (rad),std_dev,0.6313819043485486
minimum_travel_distance,1,0.02,0.05,0.5,0.3552,0.5,traj,total rotation (rad),median,9.819129
minimum_travel_distance,1,0.02,0.05,0.5,0.3552,0.5,traj,total rotation (rad),min,9.377848
minimum_travel_distance,1,0.02,0.05,0.5,0.3552,0.5,traj,total rotation (rad),max,11.084757
minimum_travel_distance,1,0.02,0.05,0.5,0.3552,0.5,traj,duration (s),mean,23.9262
minimum_travel_distance,1,0.02,0.05,0.5,0.3552,0.5,traj,duration (s),std_dev,0.833417398426503
minimum_travel_distance,1,0.02,0.05,0.5,0.3552,0.5,traj,duration (s),median,23.788000000000004
minimum_travel_distance,1,0.02,0.05,0.5,0.3552,0.5,traj,duration (s),min,23.009
minimum_travel_distance,1,0.02,0.05,0.5,0.3552,0.5,traj,duration (s),max,25.443
minimum_travel_distance,1,0.02,0.05,0.5,0.3552,0.5,completion,successes,count,5.0
minimum_travel_distance,1,0.02,0.05,0.5,0.3552,0.5,completion,failures,count,0.0
minimum_travel_distance,1,0.02,0.05,0.5,0.3552,0.5,completion,errors,count,0.0
minimum_travel_distance,1,0.02,0.05,0.5,0.3552,0.5,completion,data or metrics missing,count,0.0
minimum_travel_distance,1,0.02,0.05,0.5,0.3552,0.5,latency,latency,mean,0.0053125
minimum_travel_distance,1,0.02,0.05,0.5,0.3552,0.5,latency,latency,std_dev,0.004842879320573285
minimum_travel_distance,1,0.02,0.05,0.5,0.3552,0.5,latency,latency,median,0.003
minimum_travel_distance,1,0.02,0.05,0.5,0.3552,0.5,latency,latency,min,0.0
minimum_travel_distance,1,0.02,0.05,0.5,0.3552,0.5,latency,latency,max,0.032
minimum_travel_distance,1,0.02,0.05,0.5,0.3552,0.5,cov,trace,mean,0.005234850000000001
minimum_travel_distance,1,0.02,0.05,0.5,0.3552,0.5,cov,trace,std_dev,0.001716545592736891
minimum_travel_distance,1,0.02,0.05,0.5,0.3552,0.5,cov,trace,median,0.004859499999999999
minimum_travel_distance,1,0.02,0.05,0.5,0.3552,0.5,cov,trace,min,0.002451
minimum_travel_distance,1,0.02,0.05,0.5,0.3552,0.5,cov,trace,max,0.018739
minimum_travel_distance,1,0.02,0.05,0.5,0.3552,0.5,cov,trace,rmse,0.005509100043967657
minimum_travel_distance,1,0.02,0.05,0.5,0.3552,0.5,cov,det,mean,3.22515063111111e-10
minimum_travel_distance,1,0.02,0.05,0.5,0.3552,0.5,cov,det,std_dev,3.1211538487572963e-10
minimum_travel_distance,1,0.02,0.05,0.5,0.3552,0.5,cov,det,median,2.4096193350000003e-10
minimum_travel_distance,1,0.02,0.05,0.5,0.3552,0.5,cov,det,min,4.5814869000000046e-11
minimum_travel_distance,1,0.02,0.05,0.5,0.3552,0.5,cov,det,max,3.297705580000002e-09
minimum_travel_distance,1,0.02,0.05,0.5,0.3552,0.5,cov,det,rmse,4.488117416129939e-10
minimum_travel_distance,1,0.02,0.05,0.5,0.5023286573549234,0.5,traj,APE,mean,0.0538439187608405
minimum_travel_distance,1,0.02,0.05,0.5,0.5023286573549234,0.5,traj,APE,std_dev,0.03260192961927512
minimum_travel_distance,1,0.02,0.05,0.5,0.5023286573549234,0.5,traj,APE,median,0.05195729641273394
minimum_travel_distance,1,0.02,0.05,0.5,0.5023286573549234,0.5,traj,APE,min,1.0842021724855044e-19
minimum_travel_distance,1,0.02,0.05,0.5,0.5023286573549234,0.5,traj,APE,max,0.18483982097672444
minimum_travel_distance,1,0.02,0.05,0.5,0.5023286573549234,0.5,traj,APE,rmse,0.06294484412900042
minimum_travel_distance,1,0.02,0.05,0.5,0.5023286573549234,0.5,traj,RPE,mean,0.050300042233282063
minimum_travel_distance,1,0.02,0.05,0.5,0.5023286573549234,0.5,traj,RPE,std_dev,0.03200976293517311
minimum_travel_distance,1,0.02,0.05,0.5,0.5023286573549234,0.5,traj,RPE,median,0.04253808636015785
minimum_travel_distance,1,0.02,0.05,0.5,0.5023286573549234,0.5,traj,RPE,min,0.008435256675722185
minimum_travel_distance,1,0.02,0.05,0.5,0.5023286573549234,0.5,traj,RPE,max,0.21532770608096216
minimum_travel_distance,1,0.02,0.05,0.5,0.5023286573549234,0.5,traj,RPE,rmse,0.05962146569681041
minimum_travel_distance,1,0.02,0.05,0.5,0.5023286573549234,0.5,traj,num associated poses,mean,27.8
minimum_travel_distance,1,0.02,0.05,0.5,0.5023286573549234,0.5,traj,num associated poses,std_dev,0.39999999999999997
minimum_travel_distance,1,0.02,0.05,0.5,0.5023286573549234,0.5,traj,num associated poses,median,28.0
minimum_travel_distance,1,0.02,0.05,0.5,0.5023286573549234,0.5,traj,num associated poses,min,27.0
minimum_travel_distance,1,0.02,0.05,0.5,0.5023286573549234,0.5,traj,num associated poses,max,28.0
minimum_travel_distance,1,0.02,0.05,0.5,0.5023286573549234,0.5,traj,num gt poses,mean,173.8
minimum_travel_distance,1,0.02,0.05,0.5,0.5023286573549234,0.5,traj,num gt poses,std_dev,2.3151673805580453
minimum_travel_distance,1,0.02,0.05,0.5,0.5023286573549234,0.5,traj,num gt poses,median,173.0
minimum_travel_distance,1,0.02,0.05,0.5,0.5023286573549234,0.5,traj,num gt poses,min,171.0
minimum_travel_distance,1,0.02,0.05,0.5,0.5023286573549234,0.5,traj,num gt poses,max,178.0
minimum_travel_distance,1,0.02,0.05,0.5,0.5023286573549234,0.5,traj,odom accum path length (m),mean,11.5579076
minimum_travel_distance,1,0.02,0.05,0.5,0.5023286573549234,0.5,traj,odom accum path length (m),std_dev,0.051842148422302115
minimum_travel_distance,1,0.02,0.05,0.5,0.5023286573549234,0.5,traj,odom accum path length (m),median,11.55912
minimum_travel_distance,1,0.02,0.05,0.5,0.5023286573549234,0.5,traj,odom accum path length (m),min,11.468455
minimum_travel_distance,1,0.02,0.05,0.5,0.5023286573549234,0.5,traj,odom accum path length (m),max,11.623582
minimum_travel_distance,1,0.02,0.05,0.5,0.5023286573549234,0.5,traj,total rotation (rad),mean,9.5679012
minimum_travel_distance,1,0.02,0.05,0.5,0.5023286573549234,0.5,traj,total rotation (rad),std_dev,0.48840268131098535
minimum_travel_distance,1,0.02,0.05,0.5,0.5023286573549234,0.5,traj,total rotation (rad),median,9.245133
minimum_travel_distance,1,0.02,0.05,0.5,0.5023286573549234,0.5,traj,total rotation (rad),min,9.146544
minimum_travel_distance,1,0.02,0.05,0.5,0.5023286573549234,0.5,traj,total rotation (rad),max,10.342016
minimum_travel_distance,1,0.02,0.05,0.5,0.5023286573549234,0.5,traj,duration (s),mean,23.798000000000002
minimum_travel_distance,1,0.02,0.05,0.5,0.5023286573549234,0.5,traj,duration (s),std_dev,0.3409293181878036
minimum_travel_distance,1,0.02,0.05,0.5,0.5023286573549234,0.5,traj,duration (s),median,23.703
minimum_travel_distance,1,0.02,0.05,0.5,0.5023286573549234,0.5,traj,duration (s),min,23.442999999999998
minimum_travel_distance,1,0.02,0.05,0.5,0.5023286573549234,0.5,traj,duration (s),max,24.449
minimum_travel_distance,1,0.02,0.05,0.5,0.5023286573549234,0.5,completion,successes,count,5.0
minimum_travel_distance,1,0.02,0.05,0.5,0.5023286573549234,0.5,completion,failures,count,0.0
minimum_travel_distance,1,0.02,0.05,0.5,0.5023286573549234,0.5,completion,errors,count,0.0
minimum_travel_distance,1,0.02,0.05,0.5,0.5023286573549234,0.5,completion,data or metrics missing,count,0.0
minimum_travel_distance,1,0.02,0.05,0.5,0.5023286573549234,0.5,latency,latency,mean,0.003841726618705036
minimum_travel_distance,1,0.02,0.05,0.5,0.5023286573549234,0.5,latency,latency,std_dev,0.002688261166241952
minimum_travel_distance,1,0.02,0.05,0.5,0.5023286573549234,0.5,latency,latency,median,0.003
minimum_travel_distance,1,0.02,0.05,0.5,0.5023286573549234,0.5,latency,latency,min,0.0
minimum_travel_distance,1,0.02,0.05,0.5,0.5023286573549234,0.5,latency,latency,max,0.016
minimum_travel_distance,1,0.02,0.05,0.5,0.5023286573549234,0.5,cov,trace,mean,0.005527352112676056
minimum_travel_distance,1,0.02,0.05,0.5,0.5023286573549234,0.5,cov,trace,std_dev,0.0014909790109951014
minimum_travel_distance,1,0.02,0.05,0.5,0.5023286573549234,0.5,cov,trace,median,0.0050685
minimum_travel_distance,1,0.02,0.05,0.5,0.5023286573549234,0.5,cov,trace,min,0.002608
minimum_travel_distance,1,0.02,0.05,0.5,0.5023286573549234,0.5,cov,trace,max,0.010049
minimum_travel_distance,1,0.02,0.05,0.5,0.5023286573549234,0.5,cov,trace,rmse,0.005724913954701188
minimum_travel_distance,1,0.02,0.05,0.5,0.5023286573549234,0.5,cov,det,mean,3.6598594016901384e-10
minimum_travel_distance,1,0.02,0.05,0.5,0.5023286573549234,0.5,cov,det,std_dev,3.0301835199119537e-10
minimum_travel_distance,1,0.02,0.05,0.5,0.5023286573549234,0.5,cov,det,median,2.4837615499999975e-10
minimum_travel_distance,1,0.02,0.05,0.5,0.5023286573549234,0.5,cov,det,min,5.631623999999995e-11
minimum_travel_distance,1,0.02,0.05,0.5,0.5023286573549234,0.5,cov,det,max,1.741735192999996e-09
minimum_travel_distance,1,0.02,0.05,0.5,0.5023286573549234,0.5,cov,det,rmse,4.751482190273441e-10
minimum_travel_distance,1,0.02,0.05,0.5,0.7104,0.5,traj,APE,mean,0.0848344775478894
minimum_travel_distance,1,0.02,0.05,0.5,0.7104,0.5,traj,APE,std_dev,0.06690890335160574
minimum_travel_distance,1,0.02,0.05,0.5,0.7104,0.5,traj,APE,median,0.06184170633539229
minimum_travel_distance,1,0.02,0.05,0.5,0.7104,0.5,traj,APE,min,1.0842021724855044e-19
minimum_travel_distance,1,0.02,0.05,0.5,0.7104,0.5,traj,APE,max,0.30077300217659814
minimum_travel_distance,1,0.02,0.05,0.5,0.7104,0.5,traj,APE,rmse,0.10804485146705449
minimum_travel_distance,1,0.02,0.05,0.5,0.7104,0.5,traj,RPE,mean,0.047476267156134705
minimum_travel_distance,1,0.02,0.05,0.5,0.7104,0.5,traj,RPE,std_dev,0.027246455617511676
minimum_travel_distance,1,0.02,0.05,0.5,0.7104,0.5,traj,RPE,median,0.040171604300694524
minimum_travel_distance,1,0.02,0.05,0.5,0.7104,0.5,traj,RPE,min,0.01653667507339619
minimum_travel_distance,1,0.02,0.05,0.5,0.7104,0.5,traj,RPE,max,0.14201834958015958
minimum_travel_distance,1,0.02,0.05,0.5,0.7104,0.5,traj,RPE,rmse,0.054739065454186456
minimum_travel_distance,1,0.02,0.05,0.5,0.7104,0.5,traj,num associated poses,mean,22.0
minimum_travel_distance,1,0.02,0.05,0.5,0.7104,0.5,traj,num associated poses,std_dev,0.0
minimum_travel_distance,1,0.02,0.05,0.5,0.7104,0.5,traj,num associated poses,median,22.0
minimum_travel_distance,1,0.02,0.05,0.5,0.7104,0.5,traj,num associated poses,min,22.0
minimum_travel_distance,1,0.02,0.05,0.5,0.7104,0.5,traj,num associated poses,max,22.0
minimum_travel_distance,1,0.02,0.05,0.5,0.7104,0.5,traj,num gt poses,mean,175.0
minimum_travel_distance,1,0.02,0.05,0.5,0.7104,0.5,traj,num gt poses,std_dev,2.280350850198276
minimum_travel_distance,1,0.02,0.05,0.5,0.7104,0.5,traj,num gt poses,median,174.0
minimum_travel_distance,1,0.02,0.05,0.5,0.7104,0.5,traj,num gt poses,min,173.0
minimum_travel_distance,1,0.02,0.05,0.5,0.7104,0.5,traj,num gt poses,max,179.0
minimum_travel_distance,1,0.02,0.05,0.5,0.7104,0.5,traj,odom accum path length (m),mean,11.47313
minimum_travel_distance,1,0.02,0.05,0.5,0.7104,0.5,traj,odom accum path length (m),std_dev,0.07833958729276028
minimum_travel_distance,1,0.02,0.05,0.5,0.7104,0.5,traj,odom accum path length (m),median,11.476636
minimum_travel_distance,1,0.02,0.05,0.5,0.7104,0.5,traj,odom accum path length (m),min,11.367118
minimum_travel_distance,1,0.02,0.05,0.5,0.7104,0.5,traj,odom accum path length (m),max,11.570775
minimum_travel_distance,1,0.02,0.05,0.5,0.7104,0.5,traj,total rotation (rad),mean,9.4271464
minimum_travel_distance,1,0.02,0.05,0.5,0.7104,0.5,traj,total rotation (rad),std_dev,0.15780220721346058
minimum_travel_distance,1,0.02,0.05,0.5,0.7104,0.5,traj,total rotation (rad),median,9.424063
minimum_travel_distance,1,0.02,0.05,0.5,0.7104,0.5,traj,total rotation (rad),min,9.221307
minimum_travel_distance,1,0.02,0.05,0.5,0.7104,0.5,traj,total rotation (rad),max,9.659652
minimum_travel_distance,1,0.02,0.05,0.5,0.7104,0.5,traj,duration (s),mean,23.8928
minimum_travel_distance,1,0.02,0.05,0.5,0.7104,0.5,traj,duration (s),std_dev,0.2531074080306619
minimum_travel_distance,1,0.02,0.05,0.5,0.7104,0.5,traj,duration (s),median,23.885
minimum_travel_distance,1,0.02,0.05,0.5,0.7104,0.5,traj,duration (s),min,23.645999999999997
minimum_travel_distance,1,0.02,0.05,0.5,0.7104,0.5,traj,duration (s),max,24.334999999999997
minimum_travel_distance,1,0.02,0.05,0.5,0.7104,0.5,completion,successes,count,5.0
minimum_travel_distance,1,0.02,0.05,0.5,0.7104,0.5,completion,failures,count,0.0
minimum_travel_distance,1,0.02,0.05,0.5,0.7104,0.5,completion,errors,count,0.0
minimum_travel_distance,1,0.02,0.05,0.5,0.7104,0.5,completion,data or metrics missing,count,0.0
minimum_travel_distance,1,0.02,0.05,0.5,0.7104,0.5,latency,latency,mean,0.0041272727272727286
minimum_travel_distance,1,0.02,0.05,0.5,0.7104,0.5,latency,latency,std_dev,0.0021746853101879153
minimum_travel_distance,1,0.02,0.05,0.5,0.7104,0.5,latency,latency,median,0.003
minimum_travel_distance,1,0.02,0.05,0.5,0.7104,0.5,latency,latency,min,0.001
minimum_travel_distance,1,0.02,0.05,0.5,0.7104,0.5,latency,latency,max,0.009000000000000001
minimum_travel_distance,1,0.02,0.05,0.5,0.7104,0.5,cov,trace,mean,0.005882486956521739
minimum_travel_distance,1,0.02,0.05,0.5,0.7104,0.5,cov,trace,std_dev,0.0020236847596282396
minimum_travel_distance,1,0.02,0.05,0.5,0.7104,0.5,cov,trace,median,0.005679
minimum_travel_distance,1,0.02,0.05,0.5,0.7104,0.5,cov,trace,min,0.002486
minimum_travel_distance,1,0.02,0.05,0.5,0.7104,0.5,cov,trace,max,0.013973
minimum_travel_distance,1,0.02,0.05,0.5,0.7104,0.5,cov,trace,rmse,0.006220848237981698
minimum_travel_distance,1,0.02,0.05,0.5,0.7104,0.5,cov,det,mean,4.942673279565215e-10
minimum_travel_distance,1,0.02,0.05,0.5,0.7104,0.5,cov,det,std_dev,4.928967850289853e-10
minimum_travel_distance,1,0.02,0.05,0.5,0.7104,0.5,cov,det,median,3.5211579800000004e-10
minimum_travel_distance,1,0.02,0.05,0.5,0.7104,0.5,cov,det,min,6.35394660000001e-11
minimum_travel_distance,1,0.02,0.05,0.5,0.7104,0.5,cov,det,max,2.88041389199999e-09
minimum_travel_distance,1,0.02,0.05,0.5,0.7104,0.5,cov,det,rmse,6.980311111814355e-10
minimum_travel_distance,1,0.02,0.05,0.5,1.0046573147098468,0.5,traj,APE,mean,0.05727203845932923
minimum_travel_distance,1,0.02,0.05,0.5,1.0046573147098468,0.5,traj,APE,std_dev,0.041506793556832115
minimum_travel_distance,1,0.02,0.05,0.5,1.0046573147098468,0.5,traj,APE,median,0.047711126173303905
minimum_travel_distance,1,0.02,0.05,0.5,1.0046573147098468,0.5,traj,APE,min,8.131516293641283e-19
minimum_travel_distance,1,0.02,0.05,0.5,1.0046573147098468,0.5,traj,APE,max,0.20833629735994447
minimum_travel_distance,1,0.02,0.05,0.5,1.0046573147098468,0.5,traj,APE,rmse,0.07073118336813239
minimum_travel_distance,1,0.02,0.05,0.5,1.0046573147098468,0.5,traj,RPE,mean,0.05701130130349766
minimum_travel_distance,1,0.02,0.05,0.5,1.0046573147098468,0.5,traj,RPE,std_dev,0.041589988388356834
minimum_travel_distance,1,0.02,0.05,0.5,1.0046573147098468,0.5,traj,RPE,median,0.047329847330667175
minimum_travel_distance,1,0.02,0.05,0.5,1.0046573147098468,0.5,traj,RPE,min,0.009854204809626298
minimum_travel_distance,1,0.02,0.05,0.5,1.0046573147098468,0.5,traj,RPE,max,0.2068850539799029
minimum_travel_distance,1,0.02,0.05,0.5,1.0046573147098468,0.5,traj,RPE,rmse,0.07056922566148682
minimum_travel_distance,1,0.02,0.05,0.5,1.0046573147098468,0.5,traj,num associated poses,mean,19.8
minimum_travel_distance,1,0.02,0.05,0.5,1.0046573147098468,0.5,traj,num associated poses,std_dev,0.9797958971132713
minimum_travel_distance,1,0.02,0.05,0.5,1.0046573147098468,0.5,traj,num associated poses,median,20.0
minimum_travel_distance,1,0.02,0.05,0.5,1.0046573147098468,0.5,traj,num associated poses,min,18.0
minimum_travel_distance,1,0.02,0.05,0.5,1.0046573147098468,0.5,traj,num associated poses,max,21.0
minimum_travel_distance,1,0.02,0.05,0.5,1.0046573147098468,0.5,traj,num gt poses,mean,179.4
minimum_travel_distance,1,0.02,0.05,0.5,1.0046573147098468,0.5,traj,num gt poses,std_dev,4.6303347611160905
minimum_travel_distance,1,0.02,0.05,0.5,1.0046573147098468,0.5,traj,num gt poses,median,178.0
minimum_travel_distance,1,0.02,0.05,0.5,1.0046573147098468,0.5,traj,num gt poses,min,175.0
minimum_travel_distance,1,0.02,0.05,0.5,1.0046573147098468,0.5,traj,num gt poses,max,188.0
minimum_travel_distance,1,0.02,0.05,0.5,1.0046573147098468,0.5,traj,odom accum path length (m),mean,11.690808
minimum_travel_distance,1,0.02,0.05,0.5,1.0046573147098468,0.5,traj,odom accum path length (m),std_dev,0.05287438193303032
minimum_travel_distance,1,0.02,0.05,0.5,1.0046573147098468,0.5,traj,odom accum path length (m),median,11.680537
minimum_travel_distance,1,0.02,0.05,0.5,1.0046573147098468,0.5,traj,odom accum path length (m),min,11.608907
minimum_travel_distance,1,0.02,0.05,0.5,1.0046573147098468,0.5,traj,odom accum path length (m),max,11.769044
minimum_travel_distance,1,0.02,0.05,0.5,1.0046573147098468,0.5,traj,total rotation (rad),mean,10.051193399999999
minimum_travel_distance,1,0.02,0.05,0.5,1.0046573147098468,0.5,traj,total rotation (rad),std_dev,0.6170497081041684
minimum_travel_distance,1,0.02,0.05,0.5,1.0046573147098468,0.5,traj,total rotation (rad),median,9.930653
minimum_travel_distance,1,0.02,0.05,0.5,1.0046573147098468,0.5,traj,total rotation (rad),min,9.237037
minimum_travel_distance,1,0.02,0.05,0.5,1.0046573147098468,0.5,traj,total rotation (rad),max,10.976472
minimum_travel_distance,1,0.02,0.05,0.5,1.0046573147098468,0.5,traj,duration (s),mean,24.543199999999995
minimum_travel_distance,1,0.02,0.05,0.5,1.0046573147098468,0.5,traj,duration (s),std_dev,0.657078199303553
minimum_travel_distance,1,0.02,0.05,0.5,1.0046573147098468,0.5,traj,duration (s),median,24.438
minimum_travel_distance,1,0.02,0.05,0.5,1.0046573147098468,0.5,traj,duration (s),min,23.958
minimum_travel_distance,1,0.02,0.05,0.5,1.0046573147098468,0.5,traj,duration (s),max,25.790999999999997
minimum_travel_distance,1,0.02,0.05,0.5,1.0046573147098468,0.5,completion,successes,count,5.0
minimum_travel_distance,1,0.02,0.05,0.5,1.0046573147098468,0.5,completion,failures,count,0.0
minimum_travel_distance,1,0.02,0.05,0.5,1.0046573147098468,0.5,completion,errors,count,0.0
minimum_travel_distance,1,0.02,0.05,0.5,1.0046573147098468,0.5,completion,data or metrics missing,count,0.0
minimum_travel_distance,1,0.02,0.05,0.5,1.0046573147098468,0.5,latency,latency,mean,0.003141414141414142
minimum_travel_distance,1,0.02,0.05,0.5,1.0046573147098468,0.5,latency,latency,std_dev,0.0013409637798202903
minimum_travel_distance,1,0.02,0.05,0.5,1.0046573147098468,0.5,latency,latency,median,0.003
minimum_travel_distance,1,0.02,0.05,0.5,1.0046573147098468,0.5,latency,latency,min,0.0
minimum_travel_distance,1,0.02,0.05,0.5,1.0046573147098468,0.5,latency,latency,max,0.007
minimum_travel_distance,1,0.02,0.05,0.5,1.0046573147098468,0.5,cov,trace,mean,0.006317586538461538
minimum_travel_distance,1,0.02,0.05,0.5,1.0046573147098468,0.5,cov,trace,std_dev,0.002431608879427589
minimum_travel_distance,1,0.02,0.05,0.5,1.0046573147098468,0.5,cov,trace,median,0.0060845
minimum_travel_distance,1,0.02,0.05,0.5,1.0046573147098468,0.5,cov,trace,min,0.0026420000000000003
minimum_travel_distance,1,0.02,0.05,0.5,1.0046573147098468,0.5,cov,trace,max,0.019132999999999997
minimum_travel_distance,1,0.02,0.05,0.5,1.0046573147098468,0.5,cov,trace,rmse,0.006769388555361668
minimum_travel_distance,1,0.02,0.05,0.5,1.0046573147098468,0.5,cov,det,mean,4.95425799653846e-10
minimum_travel_distance,1,0.02,0.05,0.5,1.0046573147098468,0.5,cov,det,std_dev,4.4621577342110467e-10
minimum_travel_distance,1,0.02,0.05,0.5,1.0046573147098468,0.5,cov,det,median,3.604411790000008e-10
minimum_travel_distance,1,0.02,0.05,0.5,1.0046573147098468,0.5,cov,det,min,5.319605999999986e-11
minimum_travel_distance,1,0.02,0.05,0.5,1.0046573147098468,0.5,cov,det,max,1.9415111400000008e-09
minimum_travel_distance,1,0.02,0.05,0.5,1.0046573147098468,0.5,cov,det,rmse,6.667497577145773e-10
minimum_travel_distance,1,0.02,0.05,0.5,1.4208,0.5,traj,APE,mean,0.09398399670384537
minimum_travel_distance,1,0.02,0.05,0.5,1.4208,0.5,traj,APE,std_dev,0.08167915837027606
minimum_travel_distance,1,0.02,0.05,0.5,1.4208,0.5,traj,APE,median,0.06183703083987642
minimum_travel_distance,1,0.02,0.05,0.5,1.4208,0.5,traj,APE,min,1.0842021724855044e-19
minimum_travel_distance,1,0.02,0.05,0.5,1.4208,0.5,traj,APE,max,0.3291176322540876
minimum_travel_distance,1,0.02,0.05,0.5,1.4208,0.5,traj,APE,rmse,0.12451697293343207
minimum_travel_distance,1,0.02,0.05,0.5,1.4208,0.5,traj,RPE,mean,0.06807436113616593
minimum_travel_distance,1,0.02,0.05,0.5,1.4208,0.5,traj,RPE,std_dev,0.04242813013050184
minimum_travel_distance,1,0.02,0.05,0.5,1.4208,0.5,traj,RPE,median,0.05056962010432607
minimum_travel_distance,1,0.02,0.05,0.5,1.4208,0.5,traj,RPE,min,0.019217626428852358
minimum_travel_distance,1,0.02,0.05,0.5,1.4208,0.5,traj,RPE,max,0.19349091996938458
minimum_travel_distance,1,0.02,0.05,0.5,1.4208,0.5,traj,RPE,rmse,0.08021386956423394
minimum_travel_distance,1,0.02,0.05,0.5,1.4208,0.5,traj,num associated poses,mean,16.2
minimum_travel_distance,1,0.02,0.05,0.5,1.4208,0.5,traj,num associated poses,std_dev,1.3266499161421599
minimum_travel_distance,1,0.02,0.05,0.5,1.4208,0.5,traj,num associated poses,median,16.0
minimum_travel_distance,1,0.02,0.05,0.5,1.4208,0.5,traj,num associated poses,min,14.0
minimum_travel_distance,1,0.02,0.05,0.5,1.4208,0.5,traj,num associated poses,max,18.0
minimum_travel_distance,1,0.02,0.05,0.5,1.4208,0.5,traj,num gt poses,mean,175.8
minimum_travel_distance,1,0.02,0.05,0.5,1.4208,0.5,traj,num gt poses,std_dev,5.192301994298868
minimum_travel_distance,1,0.02,0.05,0.5,1.4208,0.5,traj,num gt poses,median,173.0
minimum_travel_distance,1,0.02,0.05,0.5,1.4208,0.5,traj,num gt poses,min,172.0
minimum_travel_distance,1,0.02,0.05,0.5,1.4208,0.5,traj,num gt poses,max,186.0
minimum_travel_distance,1,0.02,0.05,0.5,1.4208,0.5,traj,odom accum path length (m),mean,11.558392999999999
minimum_travel_distance,1,0.02,0.05,0.5,1.4208,0.5,traj,odom accum path length (m),std_dev,0.10306823126453625
minimum_travel_distance,1,0.02,0.05,0.5,1.4208,0.5,traj,odom accum path length (m),median,11.528346
minimum_travel_distance,1,0.02,0.05,0.5,1.4208,0.5,traj,odom accum path length (m),min,11.429062
minimum_travel_distance,1,0.02,0.05,0.5,1.4208,0.5,traj,odom accum path length (m),max,11.683988
minimum_travel_distance,1,0.02,0.05,0.5,1.4208,0.5,traj,total rotation (rad),mean,9.658361
minimum_travel_distance,1,0.02,0.05,0.5,1.4208,0.5,traj,total rotation (rad),std_dev,1.0052875930544454
minimum_travel_distance,1,0.02,0.05,0.5,1.4208,0.5,traj,total rotation (rad),median,9.10664
minimum_travel_distance,1,0.02,0.05,0.5,1.4208,0.5,traj,total rotation (rad),min,8.92005
minimum_travel_distance,1,0.02,0.05,0.5,1.4208,0.5,traj,total rotation (rad),max,11.622629
minimum_travel_distance,1,0.02,0.05,0.5,1.4208,0.5,traj,duration (s),mean,24.095599999999997
minimum_travel_distance,1,0.02,0.05,0.5,1.4208,0.5,traj,duration (s),std_dev,0.7630634573873907
minimum_travel_distance,1,0.02,0.05,0.5,1.4208,0.5,traj,duration (s),median,23.836
minimum_travel_distance,1,0.02,0.05,0.5,1.4208,0.5,traj,duration (s),min,23.521
minimum_travel_distance,1,0.02,0.05,0.5,1.4208,0.5,traj,duration (s),max,25.596999999999998
minimum_travel_distance,1,0.02,0.05,0.5,1.4208,0.5,completion,successes,count,5.0
minimum_travel_distance,1,0.02,0.05,0.5,1.4208,0.5,completion,failures,count,0.0
minimum_travel_distance,1,0.02,0.05,0.5,1.4208,0.5,completion,errors,count,0.0
minimum_travel_distance,1,0.02,0.05,0.5,1.4208,0.5,completion,data or metrics missing,count,0.0
minimum_travel_distance,1,0.02,0.05,0.5,1.4208,0.5,latency,latency,mean,0.003123456790123457
minimum_travel_distance,1,0.02,0.05,0.5,1.4208,0.5,latency,latency,std_dev,0.0025453065790718103
minimum_travel_distance,1,0.02,0.05,0.5,1.4208,0.5,latency,latency,median,0.003
minimum_travel_distance,1,0.02,0.05,0.5,1.4208,0.5,latency,latency,min,0.0
minimum_travel_distance,1,0.02,0.05,0.5,1.4208,0.5,latency,latency,max,0.024
minimum_travel_distance,1,0.02,0.05,0.5,1.4208,0.5,cov,trace,mean,0.007620095238095239
minimum_travel_distance,1,0.02,0.05,0.5,1.4208,0.5,cov,trace,std_dev,0.005255469771080339
minimum_travel_distance,1,0.02,0.05,0.5,1.4208,0.5,cov,trace,median,0.0059310000000000005
minimum_travel_distance,1,0.02,0.05,0.5,1.4208,0.5,cov,trace,min,0.002479
minimum_travel_distance,1,0.02,0.05,0.5,1.4208,0.5,cov,trace,max,0.031909
minimum_travel_distance,1,0.02,0.05,0.5,1.4208,0.5,cov,trace,rmse,0.009256663219129286
minimum_travel_distance,1,0.02,0.05,0.5,1.4208,0.5,cov,det,mean,7.97469724702381e-10
minimum_travel_distance,1,0.02,0.05,0.5,1.4208,0.5,cov,det,std_dev,1.6270059312853055e-09
minimum_travel_distance,1,0.02,0.05,0.5,1.4208,0.5,cov,det,median,3.8430524850000053e-10
minimum_travel_distance,1,0.02,0.05,0.5,1.4208,0.5,cov,det,min,5.160746700000002e-11
minimum_travel_distance,1,0.02,0.05,0.5,1.4208,0.5,cov,det,max,1.4208775618000022e-08
minimum_travel_distance,1,0.02,0.05,0.5,1.4208,0.5,cov,det,rmse,1.8119343978892985e-09
minimum_travel_distance,1,0.02,0.05,0.5,2.0093146294196935,0.5,traj,APE,mean,0.08658813861393147
minimum_travel_distance,1,0.02,0.05,0.5,2.0093146294196935,0.5,traj,APE,std_dev,0.07150925145295767
minimum_travel_distance,1,0.02,0.05,0.5,2.0093146294196935,0.5,traj,APE,median,0.06163960047610462
minimum_travel_distance,1,0.02,0.05,0.5,2.0093146294196935,0.5,traj,APE,min,9.215718466126788e-19
minimum_travel_distance,1,0.02,0.05,0.5,2.0093146294196935,0.5,traj,APE,max,0.31140487338590866
minimum_travel_distance,1,0.02,0.05,0.5,2.0093146294196935,0.5,traj,APE,rmse,0.11229905962200992
minimum_travel_distance,1,0.02,0.05,0.5,2.0093146294196935,0.5,traj,RPE,mean,0.08009712202920297
minimum_travel_distance,1,0.02,0.05,0.5,2.0093146294196935,0.5,traj,RPE,std_dev,0.042008015748875485
minimum_travel_distance,1,0.02,0.05,0.5,2.0093146294196935,0.5,traj,RPE,median,0.07954365955309249
minimum_travel_distance,1,0.02,0.05,0.5,2.0093146294196935,0.5,traj,RPE,min,0.008932846534647295
minimum_travel_distance,1,0.02,0.05,0.5,2.0093146294196935,0.5,traj,RPE,max,0.16567436311528377
minimum_travel_distance,1,0.02,0.05,0.5,2.0093146294196935,0.5,traj,RPE,rmse,0.09044458162056368
minimum_travel_distance,1,0.02,0.05,0.5,2.0093146294196935,0.5,traj,num associated poses,mean,15.4
minimum_travel_distance,1,0.02,0.05,0.5,2.0093146294196935,0.5,traj,num associated poses,std_dev,1.3564659966250536
minimum_travel_distance,1,0.02,0.05,0.5,2.0093146294196935,0.5,traj,num associated poses,median,16.0
minimum_travel_distance,1,0.02,0.05,0.5,2.0093146294196935,0.5,traj,num associated poses,min,13.0
minimum_travel_distance,1,0.02,0.05,0.5,2.0093146294196935,0.5,traj,num associated poses,max,17.0
minimum_travel_distance,1,0.02,0.05,0.5,2.0093146294196935,0.5,traj,num gt poses,mean,176.2
minimum_travel_distance,1,0.02,0.05,0.5,2.0093146294196935,0.5,traj,num gt poses,std_dev,3.059411708155671
minimum_travel_distance,1,0.02,0.05,0.5,2.0093146294196935,0.5,traj,num gt poses,median,178.0
minimum_travel_distance,1,0.02,0.05,0.5,2.0093146294196935,0.5,traj,num gt poses,min,172.0
minimum_travel_distance,1,0.02,0.05,0.5,2.0093146294196935,0.5,traj,num gt poses,max,179.0
minimum_travel_distance,1,0.02,0.05,0.5,2.0093146294196935,0.5,traj,odom accum path length (m),mean,11.5778262
minimum_travel_distance,1,0.02,0.05,0.5,2.0093146294196935,0.5,traj,odom accum path length (m),std_dev,0.09073469407762437
minimum_travel_distance,1,0.02,0.05,0.5,2.0093146294196935,0.5,traj,odom accum path length (m),median,11.561135
minimum_travel_distance,1,0.02,0.05,0.5,2.0093146294196935,0.5,traj,odom accum path length (m),min,11.483606
minimum_travel_distance,1,0.02,0.05,0.5,2.0093146294196935,0.5,traj,odom accum path length (m),max,11.720007
minimum_travel_distance,1,0.02,0.05,0.5,2.0093146294196935,0.5,traj,total rotation (rad),mean,9.776788199999999
minimum_travel_distance,1,0.02,0.05,0.5,2.0093146294196935,0.5,traj,total rotation (rad),std_dev,0.42730463756828135
minimum_travel_distance,1,0.02,0.05,0.5,2.0093146294196935,0.5,traj,total rotation (rad),median,9.751771
minimum_travel_distance,1,0.02,0.05,0.5,2.0093146294196935,0.5,traj,total rotation (rad),min,9.1945
minimum_travel_distance,1,0.02,0.05,0.5,2.0093146294196935,0.5,traj,total rotation (rad),max,10.422496
minimum_travel_distance,1,0.02,0.05,0.5,2.0093146294196935,0.5,traj,duration (s),mean,24.129600000000003
minimum_travel_distance,1,0.02,0.05,0.5,2.0093146294196935,0.5,traj,duration (s),std_dev,0.38753456620022836
minimum_travel_distance,1,0.02,0.05,0.5,2.0093146294196935,0.5,traj,duration (s),median,24.361
minimum_travel_distance,1,0.02,0.05,0.5,2.0093146294196935,0.5,traj,duration (s),min,23.551000000000002
minimum_travel_distance,1,0.02,0.05,0.5,2.0093146294196935,0.5,traj,duration (s),max,24.491
minimum_travel_distance,1,0.02,0.05,0.5,2.0093146294196935,0.5,completion,successes,count,5.0
minimum_travel_distance,1,0.02,0.05,0.5,2.0093146294196935,0.5,completion,failures,count,0.0
minimum_travel_distance,1,0.02,0.05,0.5,2.0093146294196935,0.5,completion,errors,count,0.0
minimum_travel_distance,1,0.02,0.05,0.5,2.0093146294196935,0.5,completion,data or metrics missing,count,0.0
minimum_travel_distance,1,0.02,0.05,0.5,2.0093146294196935,0.5,latency,latency,mean,0.0028571428571428576
minimum_travel_distance,1,0.02,0.05,0.5,2.0093146294196935,0.5,latency,latency,std_dev,0.0015518257844571739
minimum_travel_distance,1,0.02,0.05,0.5,2.0093146294196935,0.5,latency,latency,median,0.003
minimum_travel_distance,1,0.02,0.05,0.5,2.0093146294196935,0.5,latency,latency,min,0.0
minimum_travel_distance,1,0.02,0.05,0.5,2.0093146294196935,0.5,latency,latency,max,0.01
minimum_travel_distance,1,0.02,0.05,0.5,2.0093146294196935,0.5,cov,trace,mean,0.007765456790123456
minimum_travel_distance,1,0.02,0.05,0.5,2.0093146294196935,0.5,cov,trace,std_dev,0.005071145242969618
minimum_travel_distance,1,0.02,0.05,0.5,2.0093146294196935,0.5,cov,trace,median,0.005988
minimum_travel_distance,1,0.02,0.05,0.5,2.0093146294196935,0.5,cov,trace,min,0.002727
minimum_travel_distance,1,0.02,0.05,0.5,2.0093146294196935,0.5,cov,trace,max,0.026644
minimum_travel_distance,1,0.02,0.05,0.5,2.0093146294196935,0.5,cov,trace,rmse,0.00927463385986573
minimum_travel_distance,1,0.02,0.05,0.5,2.0093146294196935,0.5,cov,det,mean,8.433163878395062e-10
minimum_travel_distance,1,0.02,0.05,0.5,2.0093146294196935,0.5,cov,det,std_dev,1.0394661330810578e-09
minimum_travel_distance,1,0.02,0.05,0.5,2.0093146294196935,0.5,cov,det,median,4.453376609999994e-10
minimum_travel_distance,1,0.02,0.05,0.5,2.0093146294196935,0.5,cov,det,min,5.689380400000008e-11
minimum_travel_distance,1,0.02,0.05,0.5,2.0093146294196935,0.5,cov,det,max,5.738760638999999e-09
minimum_travel_distance,1,0.02,0.05,0.5,2.0093146294196935,0.5,cov,det,rmse,1.3385336648068138e-09
minimum_travel_distance,1,0.02,0.05,0.5,2.8416,0.5,traj,APE,mean,0.08508318605241685
minimum_travel_distance,1,0.02,0.05,0.5,2.8416,0.5,traj,APE,std_dev,0.06742583974204903
minimum_travel_distance,1,0.02,0.05,0.5,2.8416,0.5,traj,APE,median,0.05775256698024818
minimum_travel_distance,1,0.02,0.05,0.5,2.8416,0.5,traj,APE,min,1.0842021724855044e-19
minimum_travel_distance,1,0.02,0.05,0.5,2.8416,0.5,traj,APE,max,0.21312383843660793
minimum_travel_distance,1,0.02,0.05,0.5,2.8416,0.5,traj,APE,rmse,0.1085605472248121
minimum_travel_distance,1,0.02,0.05,0.5,2.8416,0.5,traj,RPE,mean,0.07185950144450277
minimum_travel_distance,1,0.02,0.05,0.5,2.8416,0.5,traj,RPE,std_dev,0.03796777541263127
minimum_travel_distance,1,0.02,0.05,0.5,2.8416,0.5,traj,RPE,median,0.07128331339176526
minimum_travel_distance,1,0.02,0.05,0.5,2.8416,0.5,traj,RPE,min,0.012610491150753326
minimum_travel_distance,1,0.02,0.05,0.5,2.8416,0.5,traj,RPE,max,0.18256096040270392
minimum_travel_distance,1,0.02,0.05,0.5,2.8416,0.5,traj,RPE,rmse,0.08127324232265196
minimum_travel_distance,1,0.02,0.05,0.5,2.8416,0.5,traj,num associated poses,mean,14.8
minimum_travel_distance,1,0.02,0.05,0.5,2.8416,0.5,traj,num associated poses,std_dev,0.39999999999999997
minimum_travel_distance,1,0.02,0.05,0.5,2.8416,0.5,traj,num associated poses,median,15.0
minimum_travel_distance,1,0.02,0.05,0.5,2.8416,0.5,traj,num associated poses,min,14.0
minimum_travel_distance,1,0.02,0.05,0.5,2.8416,0.5,traj,num associated poses,max,15.0
minimum_travel_distance,1,0.02,0.05,0.5,2.8416,0.5,traj,num gt poses,mean,176.4
minimum_travel_distance,1,0.02,0.05,0.5,2.8416,0.5,traj,num gt poses,std_dev,1.8547236990991407
minimum_travel_distance,1,0.02,0.05,0.5,2.8416,0.5,traj,num gt poses,median,176.0
minimum_travel_distance,1,0.02,0.05,0.5,2.8416,0.5,traj,num gt poses,min,174.0
minimum_travel_distance,1,0.02,0.05,0.5,2.8416,0.5,traj,num gt poses,max,179.0
minimum_travel_distance,1,0.02,0.05,0.5,2.8416,0.5,traj,odom accum path length (m),mean,11.562171000000001
minimum_travel_distance,1,0.02,0.05,0.5,2.8416,0.5,traj,odom accum path length (m),std_dev,0.06352627282628799
minimum_travel_distance,1,0.02,0.05,0.5,2.8416,0.5,traj,odom accum path length (m),median,11.58213
minimum_travel_distance,1,0.02,0.05,0.5,2.8416,0.5,traj,odom accum path length (m),min,11.455965
minimum_travel_distance,1,0.02,0.05,0.5,2.8416,0.5,traj,odom accum path length (m),max,11.633454
minimum_travel_distance,1,0.02,0.05,0.5,2.8416,0.5,traj,total rotation (rad),mean,9.892429400000001
minimum_travel_distance,1,0.02,0.05,0.5,2.8416,0.5,traj,total rotation (rad),std_dev,0.33408874428905877
minimum_travel_distance,1,0.02,0.05,0.5,2.8416,0.5,traj,total rotation (rad),median,9.803872
minimum_travel_distance,1,0.02,0.05,0.5,2.8416,0.5,traj,total rotation (rad),min,9.443703
minimum_travel_distance,1,0.02,0.05,0.5,2.8416,0.5,traj,total rotation (rad),max,10.30163
minimum_travel_distance,1,0.02,0.05,0.5,2.8416,0.5,traj,duration (s),mean,24.1462
minimum_travel_distance,1,0.02,0.05,0.5,2.8416,0.5,traj,duration (s),std_dev,0.23013248358282642
minimum_travel_distance,1,0.02,0.05,0.5,2.8416,0.5,traj,duration (s),median,24.032999999999998
minimum_travel_distance,1,0.02,0.05,0.5,2.8416,0.5,traj,duration (s),min,23.842000000000002
minimum_travel_distance,1,0.02,0.05,0.5,2.8416,0.5,traj,duration (s),max,24.446
minimum_travel_distance,1,0.02,0.05,0.5,2.8416,0.5,completion,successes,count,5.0
minimum_travel_distance,1,0.02,0.05,0.5,2.8416,0.5,completion,failures,count,0.0
minimum_travel_distance,1,0.02,0.05,0.5,2.8416,0.5,completion,errors,count,0.0
minimum_travel_distance,1,0.02,0.05,0.5,2.8416,0.5,completion,data or metrics missing,count,0.0
minimum_travel_distance,1,0.02,0.05,0.5,2.8416,0.5,latency,latency,mean,0.0024189189189189188
minimum_travel_distance,1,0.02,0.05,0.5,2.8416,0.5,latency,latency,std_dev,0.0010905832403978475
minimum_travel_distance,1,0.02,0.05,0.5,2.8416,0.5,latency,latency,median,0.002
minimum_travel_distance,1,0.02,0.05,0.5,2.8416,0.5,latency,latency,min,0.0
minimum_travel_distance,1,0.02,0.05,0.5,2.8416,0.5,latency,latency,max,0.008
minimum_travel_distance,1,0.02,0.05,0.5,2.8416,0.5,cov,trace,mean,0.011515683544303799
minimum_travel_distance,1,0.02,0.05,0.5,2.8416,0.5,cov,trace,std_dev,0.02097143562360588
minimum_travel_distance,1,0.02,0.05,0.5,2.8416,0.5,cov,trace,median,0.006136
minimum_travel_distance,1,0.02,0.05,0.5,2.8416,0.5,cov,trace,min,0.002542
minimum_travel_distance,1,0.02,0.05,0.5,2.8416,0.5,cov,trace,max,0.125639
minimum_travel_distance,1,0.02,0.05,0.5,2.8416,0.5,cov,trace,rmse,0.023925134892150448
minimum_travel_distance,1,0.02,0.05,0.5,2.8416,0.5,cov,det,mean,6.3988762201139175e-09
minimum_travel_distance,1,0.02,0.05,0.5,2.8416,0.5,cov,det,std_dev,3.1995219731577324e-08
minimum_travel_distance,1,0.02,0.05,0.5,2.8416,0.5,cov,det,median,3.8140896499999945e-10
minimum_travel_distance,1,0.02,0.05,0.5,2.8416,0.5,cov,det,min,5.332593999999995e-11
minimum_travel_distance,1,0.02,0.05,0.5,2.8416,0.5,cov,det,max,2.6837486452799966e-07
minimum_travel_distance,1,0.02,0.05,0.5,2.8416,0.5,cov,det,rmse,3.262881705720044e-08
minimum_travel_heading,1,0.02,0.05,0.5,0.5,0.0888,traj,APE,mean,0.19626670218797831
minimum_travel_heading,1,0.02,0.05,0.5,0.5,0.0888,traj,APE,std_dev,0.13491419814891129
minimum_travel_heading,1,0.02,0.05,0.5,0.5,0.0888,traj,APE,median,0.15640968749306003
minimum_travel_heading,1,0.02,0.05,0.5,0.5,0.0888,traj,APE,min,1.6263032587282567e-19
minimum_travel_heading,1,0.02,0.05,0.5,0.5,0.0888,traj,APE,max,0.6931179456337812
minimum_travel_heading,1,0.02,0.05,0.5,0.5,0.0888,traj,APE,rmse,0.23816477331861707
minimum_travel_heading,1,0.02,0.05,0.5,0.5,0.0888,traj,RPE,mean,0.06873320258856941
minimum_travel_heading,1,0.02,0.05,0.5,0.5,0.0888,traj,RPE,std_dev,0.04330961518237165
minimum_travel_heading,1,0.02,0.05,0.5,0.5,0.0888,traj,RPE,median,0.05612913898462392
minimum_travel_heading,1,0.02,0.05,0.5,0.5,0.0888,traj,RPE,min,0.010153714194752726
minimum_travel_heading,1,0.02,0.05,0.5,0.5,0.0888,traj,RPE,max,0.23133316536918969
minimum_travel_heading,1,0.02,0.05,0.5,0.5,0.0888,traj,RPE,rmse,0.08124023575375962
minimum_travel_heading,1,0.02,0.05,0.5,0.5,0.0888,traj,num associated poses,mean,101.2
minimum_travel_heading,1,0.02,0.05,0.5,0.5,0.0888,traj,num associated poses,std_dev,19.6509541753066
minimum_travel_heading,1,0.02,0.05,0.5,0.5,0.0888,traj,num associated poses,median,95.0
minimum_travel_heading,1,0.02,0.05,0.5,0.5,0.0888,traj,num associated poses,min,82.0
minimum_travel_heading,1,0.02,0.05,0.5,0.5,0.0888,traj,num associated poses,max,139.0
minimum_travel_heading,1,0.02,0.05,0.5,0.5,0.0888,traj,num gt poses,mean,396.0
minimum_travel_heading,1,0.02,0.05,0.5,0.5,0.0888,traj,num gt poses,std_dev,229.13489476725277
minimum_travel_heading,1,0.02,0.05,0.5,0.5,0.0888,traj,num gt poses,median,292.0
minimum_travel_heading,1,0.02,0.05,0.5,0.5,0.0888,traj,num gt poses,min,168.0
minimum_travel_heading,1,0.02,0.05,0.5,0.5,0.0888,traj,num gt poses,max,749.0
minimum_travel_heading,1,0.02,0.05,0.5,0.5,0.0888,traj,odom accum path length (m),mean,13.389337799999998
minimum_travel_heading,1,0.02,0.05,0.5,0.5,0.0888,traj,odom accum path length (m),std_dev,6.087915368389524
minimum_travel_heading,1,0.02,0.05,0.5,0.5,0.0888,traj,odom accum path length (m),median,11.60109
minimum_travel_heading,1,0.02,0.05,0.5,0.5,0.0888,traj,odom accum path length (m),min,7.056937
minimum_travel_heading,1,0.02,0.05,0.5,0.5,0.0888,traj,odom accum path length (m),max,25.036347
minimum_travel_heading,1,0.02,0.05,0.5,0.5,0.0888,traj,total rotation (rad),mean,13.182902799999999
minimum_travel_heading,1,0.02,0.05,0.5,0.5,0.0888,traj,total rotation (rad),std_dev,2.8361445276703656
minimum_travel_heading,1,0.02,0.05,0.5,0.5,0.0888,traj,total rotation (rad),median,13.349778
minimum_travel_heading,1,0.02,0.05,0.5,0.5,0.0888,traj,total rotation (rad),min,8.611634
minimum_travel_heading,1,0.02,0.05,0.5,0.5,0.0888,traj,total rotation (rad),max,16.239712
minimum_travel_heading,1,0.02,0.05,0.5,0.5,0.0888,traj,duration (s),mean,54.6958
minimum_travel_heading,1,0.02,0.05,0.5,0.5,0.0888,traj,duration (s),std_dev,31.783487809867562
minimum_travel_heading,1,0.02,0.05,0.5,0.5,0.0888,traj,duration (s),median,40.262
minimum_travel_heading,1,0.02,0.05,0.5,0.5,0.0888,traj,duration (s),min,22.96
minimum_travel_heading,1,0.02,0.05,0.5,0.5,0.0888,traj,duration (s),max,103.42899999999999
minimum_travel_heading,1,0.02,0.05,0.5,0.5,0.0888,completion,successes,count,2.0
minimum_travel_heading,1,0.02,0.05,0.5,0.5,0.0888,completion,failures,count,3.0
minimum_travel_heading,1,0.02,0.05,0.5,0.5,0.0888,completion,errors,count,0.0
minimum_travel_heading,1,0.02,0.05,0.5,0.5,0.0888,completion,data or metrics missing,count,0.0
minimum_travel_heading,1,0.02,0.05,0.5,0.5,0.0888,latency,latency,mean,0.06547826086956521
minimum_travel_heading,1,0.02,0.05,0.5,0.5,0.0888,latency,latency,std_dev,0.41378153011673946
minimum_travel_heading,1,0.02,0.05,0.5,0.5,0.0888,latency,latency,median,0.006
minimum_travel_heading,1,0.02,0.05,0.5,0.5,0.0888,latency,latency,min,0.0
minimum_travel_heading,1,0.02,0.05,0.5,0.5,0.0888,latency,latency,max,6.5120000000000005
minimum_travel_heading,1,0.02,0.05,0.5,0.5,0.0888,cov,trace,mean,0.005278358823529412
minimum_travel_heading,1,0.02,0.05,0.5,0.5,0.0888,cov,trace,std_dev,0.0019509293287445033
minimum_travel_heading,1,0.02,0.05,0.5,0.5,0.0888,cov,trace,median,0.0049835
minimum_travel_heading,1,0.02,0.05,0.5,0.5,0.0888,cov,trace,min,0.0022340000000000003
minimum_travel_heading,1,0.02,0.05,0.5,0.5,0.0888,cov,trace,max,0.019958999999999998
minimum_travel_heading,1,0.02,0.05,0.5,0.5,0.0888,cov,trace,rmse,0.005627361470146224
minimum_travel_heading,1,0.02,0.05,0.5,0.5,0.0888,cov,det,mean,2.4857392771176467e-10
minimum_travel_heading,1,0.02,0.05,0.5,0.5,0.0888,cov,det,std_dev,1.9382937307057385e-10
minimum_travel_heading,1,0.02,0.05,0.5,0.5,0.0888,cov,det,median,1.964519615000003e-10
minimum_travel_heading,1,0.02,0.05,0.5,0.5,0.0888,cov,det,min,3.733553200000002e-11
minimum_travel_heading,1,0.02,0.05,0.5,0.5,0.0888,cov,det,max,2.1049752240000007e-09
minimum_travel_heading,1,0.02,0.05,0.5,0.5,0.0888,cov,det,rmse,3.152123465268854e-10
minimum_travel_heading,1,0.02,0.05,0.5,0.5,0.12558216433873085,traj,APE,mean,0.11544954621521103
minimum_travel_heading,1,0.02,0.05,0.5,0.5,0.12558216433873085,traj,APE,std_dev,0.09241387488589776
minimum_travel_heading,1,0.02,0.05,0.5,0.5,0.12558216433873085,traj,APE,median,0.08181802893473422
minimum_travel_heading,1,0.02,0.05,0.5,0.5,0.12558216433873085,traj,APE,min,5.421010862427522e-20
minimum_travel_heading,1,0.02,0.05,0.5,0.5,0.12558216433873085,traj,APE,max,0.4209408082643638
minimum_travel_heading,1,0.02,0.05,0.5,0.5,0.12558216433873085,traj,APE,rmse,0.14788144573517165
minimum_travel_heading,1,0.02,0.05,0.5,0.5,0.12558216433873085,traj,RPE,mean,0.06914720054178665
minimum_travel_heading,1,0.02,0.05,0.5,0.5,0.12558216433873085,traj,RPE,std_dev,0.0437155726887314
minimum_travel_heading,1,0.02,0.05,0.5,0.5,0.12558216433873085,traj,RPE,median,0.0585722773792637
minimum_travel_heading,1,0.02,0.05,0.5,0.5,0.12558216433873085,traj,RPE,min,0.00977491360023927
minimum_travel_heading,1,0.02,0.05,0.5,0.5,0.12558216433873085,traj,RPE,max,0.2248394779697233
minimum_travel_heading,1,0.02,0.05,0.5,0.5,0.12558216433873085,traj,RPE,rmse,0.08180700849114224
minimum_travel_heading,1,0.02,0.05,0.5,0.5,0.12558216433873085,traj,num associated poses,mean,60.6
minimum_travel_heading,1,0.02,0.05,0.5,0.5,0.12558216433873085,traj,num associated poses,std_dev,16.788091017146648
minimum_travel_heading,1,0.02,0.05,0.5,0.5,0.12558216433873085,traj,num associated poses,median,62.0
minimum_travel_heading,1,0.02,0.05,0.5,0.5,0.12558216433873085,traj,num associated poses,min,31.0
minimum_travel_heading,1,0.02,0.05,0.5,0.5,0.12558216433873085,traj,num associated poses,max,83.0
minimum_travel_heading,1,0.02,0.05,0.5,0.5,0.12558216433873085,traj,num gt poses,mean,172.0
minimum_travel_heading,1,0.02,0.05,0.5,0.5,0.12558216433873085,traj,num gt poses,std_dev,29.732137494637012
minimum_travel_heading,1,0.02,0.05,0.5,0.5,0.12558216433873085,traj,num gt poses,median,172.0
minimum_travel_heading,1,0.02,0.05,0.5,0.5,0.12558216433873085,traj,num gt poses,min,125.0
minimum_travel_heading,1,0.02,0.05,0.5,0.5,0.12558216433873085,traj,num gt poses,max,219.0
minimum_travel_heading,1,0.02,0.05,0.5,0.5,0.12558216433873085,traj,odom accum path length (m),mean,10.373764
minimum_travel_heading,1,0.02,0.05,0.5,0.5,0.12558216433873085,traj,odom accum path length (m),std_dev,2.497899946567436
minimum_travel_heading,1,0.02,0.05,0.5,0.5,0.12558216433873085,traj,odom accum path length (m),median,11.511025
minimum_travel_heading,1,0.02,0.05,0.5,0.5,0.12558216433873085,traj,odom accum path length (m),min,5.38604
minimum_travel_heading,1,0.02,0.05,0.5,0.5,0.12558216433873085,traj,odom accum path length (m),max,11.891103
minimum_travel_heading,1,0.02,0.05,0.5,0.5,0.12558216433873085,traj,total rotation (rad),mean,9.1895926
minimum_travel_heading,1,0.02,0.05,0.5,0.5,0.12558216433873085,traj,total rotation (rad),std_dev,2.752675472384829
minimum_travel_heading,1,0.02,0.05,0.5,0.5,0.12558216433873085,traj,total rotation (rad),median,9.198913
minimum_travel_heading,1,0.02,0.05,0.5,0.5,0.12558216433873085,traj,total rotation (rad),min,4.692307
minimum_travel_heading,1,0.02,0.05,0.5,0.5,0.12558216433873085,traj,total rotation (rad),max,13.382186
minimum_travel_heading,1,0.02,0.05,0.5,0.5,0.12558216433873085,traj,duration (s),mean,23.6432
minimum_travel_heading,1,0.02,0.05,0.5,0.5,0.12558216433873085,traj,duration (s),std_dev,4.128572993178151
minimum_travel_heading,1,0.02,0.05,0.5,0.5,0.12558216433873085,traj,duration (s),median,23.663000000000004
minimum_travel_heading,1,0.02,0.05,0.5,0.5,0.12558216433873085,traj,duration (s),min,17.101
minimum_travel_heading,1,0.02,0.05,0.5,0.5,0.12558216433873085,traj,duration (s),max,30.156
minimum_travel_heading,1,0.02,0.05,0.5,0.5,0.12558216433873085,completion,successes,count,4.0
minimum_travel_heading,1,0.02,0.05,0.5,0.5,0.12558216433873085,completion,failures,count,1.0
minimum_travel_heading,1,0.02,0.05,0.5,0.5,0.12558216433873085,completion,errors,count,0.0
minimum_travel_heading,1,0.02,0.05,0.5,0.5,0.12558216433873085,completion,data or metrics missing,count,0.0
minimum_travel_heading,1,0.02,0.05,0.5,0.5,0.12558216433873085,latency,latency,mean,0.004023102310231024
minimum_travel_heading,1,0.02,0.05,0.5,0.5,0.12558216433873085,latency,latency,std_dev,0.0025295861750996716
minimum_travel_heading,1,0.02,0.05,0.5,0.5,0.12558216433873085,latency,latency,median,0.004
minimum_travel_heading,1,0.02,0.05,0.5,0.5,0.12558216433873085,latency,latency,min,0.0
minimum_travel_heading,1,0.02,0.05,0.5,0.5,0.12558216433873085,latency,latency,max,0.02
minimum_travel_heading,1,0.02,0.05,0.5,0.5,0.12558216433873085,cov,trace,mean,0.005070805194805195
minimum_travel_heading,1,0.02,0.05,0.5,0.5,0.12558216433873085,cov,trace,std_dev,0.0012437977613510346
minimum_travel_heading,1,0.02,0.05,0.5,0.5,0.12558216433873085,cov,trace,median,0.004982500000000001
minimum_travel_heading,1,0.02,0.05,0.5,0.5,0.12558216433873085,cov,trace,min,0.002484
minimum_travel_heading,1,0.02,0.05,0.5,0.5,0.12558216433873085,cov,trace,max,0.016308
minimum_travel_heading,1,0.02,0.05,0.5,0.5,0.12558216433873085,cov,trace,rmse,0.005221120396505447
minimum_travel_heading,1,0.02,0.05,0.5,0.5,0.12558216433873085,cov,det,mean,2.345355060162337e-10
minimum_travel_heading,1,0.02,0.05,0.5,0.5,0.12558216433873085,cov,det,std_dev,1.333602121275338e-10
minimum_travel_heading,1,0.02,0.05,0.5,0.5,0.12558216433873085,cov,det,median,2.0263151549999985e-10
minimum_travel_heading,1,0.02,0.05,0.5,0.5,0.12558216433873085,cov,det,min,4.95929939999999e-11
minimum_travel_heading,1,0.02,0.05,0.5,0.5,0.12558216433873085,cov,det,max,9.780348519999981e-10
minimum_travel_heading,1,0.02,0.05,0.5,0.5,0.12558216433873085,cov,det,rmse,2.6979964744415737e-10
minimum_travel_heading,1,0.02,0.05,0.5,0.5,0.1776,traj,APE,mean,0.11351920342354525
minimum_travel_heading,1,0.02,0.05,0.5,0.5,0.1776,traj,APE,std_dev,0.07354928911922118
minimum_travel_heading,1,0.02,0.05,0.5,0.5,0.1776,traj,APE,median,0.10601537407421645
minimum_travel_heading,1,0.02,0.05,0.5,0.5,0.1776,traj,APE,min,8.131516293641283e-19
minimum_travel_heading,1,0.02,0.05,0.5,0.5,0.1776,traj,APE,max,0.35290746141252016
minimum_travel_heading,1,0.02,0.05,0.5,0.5,0.1776,traj,APE,rmse,0.13526310463633104
minimum_travel_heading,1,0.02,0.05,0.5,0.5,0.1776,traj,RPE,mean,0.06255017167111492
minimum_travel_heading,1,0.02,0.05,0.5,0.5,0.1776,traj,RPE,std_dev,0.038139494233257215
minimum_travel_heading,1,0.02,0.05,0.5,0.5,0.1776,traj,RPE,median,0.05148407188089353
minimum_travel_heading,1,0.02,0.05,0.5,0.5,0.1776,traj,RPE,min,0.007455318986978003
minimum_travel_heading,1,0.02,0.05,0.5,0.5,0.1776,traj,RPE,max,0.203420946603742
minimum_travel_heading,1,0.02,0.05,0.5,0.5,0.1776,traj,RPE,rmse,0.0732608012272225
minimum_travel_heading,1,0.02,0.05,0.5,0.5,0.1776,traj,num associated poses,mean,58.6
minimum_travel_heading,1,0.02,0.05,0.5,0.5,0.1776,traj,num associated poses,std_dev,14.77294825009551
minimum_travel_heading,1,0.02,0.05,0.5,0.5,0.1776,traj,num associated poses,median,51.0
minimum_travel_heading,1,0.02,0.05,0.5,0.5,0.1776,traj,num associated poses,min,47.0
minimum_travel_heading,1,0.02,0.05,0.5,0.5,0.1776,traj,num associated poses,max,87.0
minimum_travel_heading,1,0.02,0.05,0.5,0.5,0.1776,traj,num gt poses,mean,204.2
minimum_travel_heading,1,0.02,0.05,0.5,0.5,0.1776,traj,num gt poses,std_dev,46.91012683845568
minimum_travel_heading,1,0.02,0.05,0.5,0.5,0.1776,traj,num gt poses,median,175.0
minimum_travel_heading,1,0.02,0.05,0.5,0.5,0.1776,traj,num gt poses,min,175.0
minimum_travel_heading,1,0.02,0.05,0.5,0.5,0.1776,traj,num gt poses,max,296.0
minimum_travel_heading,1,0.02,0.05,0.5,0.5,0.1776,traj,odom accum path length (m),mean,12.0505758
minimum_travel_heading,1,0.02,0.05,0.5,0.5,0.1776,traj,odom accum path length (m),std_dev,0.9904113145426803
minimum_travel_heading,1,0.02,0.05,0.5,0.5,0.1776,traj,odom accum path length (m),median,11.584001
minimum_travel_heading,1,0.02,0.05,0.5,0.5,0.1776,traj,odom accum path length (m),min,11.435352
minimum_travel_heading,1,0.02,0.05,0.5,0.5,0.1776,traj,odom accum path length (m),max,14.022143
minimum_travel_heading,1,0.02,0.05,0.5,0.5,0.1776,traj,total rotation (rad),mean,12.4170826
minimum_travel_heading,1,0.02,0.05,0.5,0.5,0.1776,traj,total rotation (rad),std_dev,4.900380071906814
minimum_travel_heading,1,0.02,0.05,0.5,0.5,0.1776,traj,total rotation (rad),median,9.696347
minimum_travel_heading,1,0.02,0.05,0.5,0.5,0.1776,traj,total rotation (rad),min,9.290592
minimum_travel_heading,1,0.02,0.05,0.5,0.5,0.1776,traj,total rotation (rad),max,22.046162
minimum_travel_heading,1,0.02,0.05,0.5,0.5,0.1776,traj,duration (s),mean,28.0968
minimum_travel_heading,1,0.02,0.05,0.5,0.5,0.1776,traj,duration (s),std_dev,6.469514893714986
minimum_travel_heading,1,0.02,0.05,0.5,0.5,0.1776,traj,duration (s),median,24.209000000000003
minimum_travel_heading,1,0.02,0.05,0.5,0.5,0.1776,traj,duration (s),min,23.871999999999996
minimum_travel_heading,1,0.02,0.05,0.5,0.5,0.1776,traj,duration (s),max,40.724000000000004
minimum_travel_heading,1,0.02,0.05,0.5,0.5,0.1776,completion,successes,count,4.0
minimum_travel_heading,1,0.02,0.05,0.5,0.5,0.1776,completion,failures,count,1.0
minimum_travel_heading,1,0.02,0.05,0.5,0.5,0.1776,completion,errors,count,0.0
minimum_travel_heading,1,0.02,0.05,0.5,0.5,0.1776,completion,data or metrics missing,count,0.0
minimum_travel_heading,1,0.02,0.05,0.5,0.5,0.1776,latency,latency,mean,0.011679180887372015
minimum_travel_heading,1,0.02,0.05,0.5,0.5,0.1776,latency,latency,std_dev,0.04073814838453074
minimum_travel_heading,1,0.02,0.05,0.5,0.5,0.1776,latency,latency,median,0.003
minimum_travel_heading,1,0.02,0.05,0.5,0.5,0.1776,latency,latency,min,0.0
minimum_travel_heading,1,0.02,0.05,0.5,0.5,0.1776,latency,latency,max,0.5840000000000001
minimum_travel_heading,1,0.02,0.05,0.5,0.5,0.1776,cov,trace,mean,0.005069720538720539
minimum_travel_heading,1,0.02,0.05,0.5,0.5,0.1776,cov,trace,std_dev,0.0014988265261768711
minimum_travel_heading,1,0.02,0.05,0.5,0.5,0.1776,cov,trace,median,0.004933
minimum_travel_heading,1,0.02,0.05,0.5,0.5,0.1776,cov,trace,min,0.002328
minimum_travel_heading,1,0.02,0.05,0.5,0.5,0.1776,cov,trace,max,0.018436
minimum_travel_heading,1,0.02,0.05,0.5,0.5,0.1776,cov,trace,rmse,0.005286638563047061
minimum_travel_heading,1,0.02,0.05,0.5,0.5,0.1776,cov,det,mean,2.517200517676767e-10
minimum_travel_heading,1,0.02,0.05,0.5,0.5,0.1776,cov,det,std_dev,1.5979833986447388e-10
minimum_travel_heading,1,0.02,0.05,0.5,0.5,0.1776,cov,det,median,2.0605238099999953e-10
minimum_travel_heading,1,0.02,0.05,0.5,0.5,0.1776,cov,det,min,4.089051899999995e-11
minimum_travel_heading,1,0.02,0.05,0.5,0.5,0.1776,cov,det,max,1.1810245460000008e-09
minimum_travel_heading,1,0.02,0.05,0.5,0.5,0.1776,cov,det,rmse,2.9815850463363234e-10
minimum_travel_heading,1,0.02,0.05,0.5,0.5,0.2511643286774617,traj,APE,mean,0.11302624068824338
minimum_travel_heading,1,0.02,0.05,0.5,0.5,0.2511643286774617,traj,APE,std_dev,0.06349156088070851
minimum_travel_heading,1,0.02,0.05,0.5,0.5,0.2511643286774617,traj,APE,median,0.09994808007688014
minimum_travel_heading,1,0.02,0.05,0.5,0.5,0.2511643286774617,traj,APE,min,1.0842021724855044e-19
minimum_travel_heading,1,0.02,0.05,0.5,0.5,0.2511643286774617,traj,APE,max,0.27897965693741933
minimum_travel_heading,1,0.02,0.05,0.5,0.5,0.2511643286774617,traj,APE,rmse,0.1296383792986685
minimum_travel_heading,1,0.02,0.05,0.5,0.5,0.2511643286774617,traj,RPE,mean,0.0633699597866154
minimum_travel_heading,1,0.02,0.05,0.5,0.5,0.2511643286774617,traj,RPE,std_dev,0.03703421638590733
minimum_travel_heading,1,0.02,0.05,0.5,0.5,0.2511643286774617,traj,RPE,median,0.05354648129574504
minimum_travel_heading,1,0.02,0.05,0.5,0.5,0.2511643286774617,traj,RPE,min,0.013395901529058455
minimum_travel_heading,1,0.02,0.05,0.5,0.5,0.2511643286774617,traj,RPE,max,0.250808461157239
minimum_travel_heading,1,0.02,0.05,0.5,0.5,0.2511643286774617,traj,RPE,rmse,0.07339812658832282
minimum_travel_heading,1,0.02,0.05,0.5,0.5,0.2511643286774617,traj,num associated poses,mean,43.6
minimum_travel_heading,1,0.02,0.05,0.5,0.5,0.2511643286774617,traj,num associated poses,std_dev,7.761443164772903
minimum_travel_heading,1,0.02,0.05,0.5,0.5,0.2511643286774617,traj,num associated poses,median,40.0
minimum_travel_heading,1,0.02,0.05,0.5,0.5,0.2511643286774617,traj,num associated poses,min,38.0
minimum_travel_heading,1,0.02,0.05,0.5,0.5,0.2511643286774617,traj,num associated poses,max,59.0
minimum_travel_heading,1,0.02,0.05,0.5,0.5,0.2511643286774617,traj,num gt poses,mean,180.4
minimum_travel_heading,1,0.02,0.05,0.5,0.5,0.2511643286774617,traj,num gt poses,std_dev,12.893409169028958
minimum_travel_heading,1,0.02,0.05,0.5,0.5,0.2511643286774617,traj,num gt poses,median,178.0
minimum_travel_heading,1,0.02,0.05,0.5,0.5,0.2511643286774617,traj,num gt poses,min,169.0
minimum_travel_heading,1,0.02,0.05,0.5,0.5,0.2511643286774617,traj,num gt poses,max,205.0
minimum_travel_heading,1,0.02,0.05,0.5,0.5,0.2511643286774617,traj,odom accum path length (m),mean,11.633680600000002
minimum_travel_heading,1,0.02,0.05,0.5,0.5,0.2511643286774617,traj,odom accum path length (m),std_dev,0.23507281717850737
minimum_travel_heading,1,0.02,0.05,0.5,0.5,0.2511643286774617,traj,odom accum path length (m),median,11.517934
minimum_travel_heading,1,0.02,0.05,0.5,0.5,0.2511643286774617,traj,odom accum path length (m),min,11.469338
minimum_travel_heading,1,0.02,0.05,0.5,0.5,0.2511643286774617,traj,odom accum path length (m),max,12.096363
minimum_travel_heading,1,0.02,0.05,0.5,0.5,0.2511643286774617,traj,total rotation (rad),mean,10.7028874
minimum_travel_heading,1,0.02,0.05,0.5,0.5,0.2511643286774617,traj,total rotation (rad),std_dev,2.5463980653849547
minimum_travel_heading,1,0.02,0.05,0.5,0.5,0.2511643286774617,traj,total rotation (rad),median,9.386159
minimum_travel_heading,1,0.02,0.05,0.5,0.5,0.2511643286774617,traj,total rotation (rad),min,8.659285
minimum_travel_heading,1,0.02,0.05,0.5,0.5,0.2511643286774617,traj,total rotation (rad),max,15.58121
minimum_travel_heading,1,0.02,0.05,0.5,0.5,0.2511643286774617,traj,duration (s),mean,24.762600000000003
minimum_travel_heading,1,0.02,0.05,0.5,0.5,0.2511643286774617,traj,duration (s),std_dev,1.7364190277695053
minimum_travel_heading,1,0.02,0.05,0.5,0.5,0.2511643286774617,traj,duration (s),median,24.449000000000005
minimum_travel_heading,1,0.02,0.05,0.5,0.5,0.2511643286774617,traj,duration (s),min,23.371
minimum_travel_heading,1,0.02,0.05,0.5,0.5,0.2511643286774617,traj,duration (s),max,28.098999999999997
minimum_travel_heading,1,0.02,0.05,0.5,0.5,0.2511643286774617,completion,successes,count,5.0
minimum_travel_heading,1,0.02,0.05,0.5,0.5,0.2511643286774617,completion,failures,count,0.0
minimum_travel_heading,1,0.02,0.05,0.5,0.5,0.2511643286774617,completion,errors,count,0.0
minimum_travel_heading,1,0.02,0.05,0.5,0.5,0.2511643286774617,completion,data or metrics missing,count,0.0
minimum_travel_heading,1,0.02,0.05,0.5,0.5,0.2511643286774617,latency,latency,mean,0.00611467889908257
minimum_travel_heading,1,0.02,0.05,0.5,0.5,0.2511643286774617,latency,latency,std_dev,0.005259387861406565
minimum_travel_heading,1,0.02,0.05,0.5,0.5,0.2511643286774617,latency,latency,median,0.004
minimum_travel_heading,1,0.02,0.05,0.5,0.5,0.2511643286774617,latency,latency,min,0.0
minimum_travel_heading,1,0.02,0.05,0.5,0.5,0.2511643286774617,latency,latency,max,0.017
minimum_travel_heading,1,0.02,0.05,0.5,0.5,0.2511643286774617,cov,trace,mean,0.005317683257918552
minimum_travel_heading,1,0.02,0.05,0.5,0.5,0.2511643286774617,cov,trace,std_dev,0.0019405574697337906
minimum_travel_heading,1,0.02,0.05,0.5,0.5,0.2511643286774617,cov,trace,median,0.0049640000000000005
minimum_travel_heading,1,0.02,0.05,0.5,0.5,0.2511643286774617,cov,trace,min,0.0025450000000000004
minimum_travel_heading,1,0.02,0.05,0.5,0.5,0.2511643286774617,cov,trace,max,0.020454999999999997
minimum_travel_heading,1,0.02,0.05,0.5,0.5,0.2511643286774617,cov,trace,rmse,0.005660699473111683
minimum_travel_heading,1,0.02,0.05,0.5,0.5,0.2511643286774617,cov,det,mean,3.0731387085067856e-10
minimum_travel_heading,1,0.02,0.05,0.5,0.5,0.2511643286774617,cov,det,std_dev,2.781752494906351e-10
minimum_travel_heading,1,0.02,0.05,0.5,0.5,0.2511643286774617,cov,det,median,2.335554000000005e-10
minimum_travel_heading,1,0.02,0.05,0.5,0.5,0.2511643286774617,cov,det,min,5.345796200000003e-11
minimum_travel_heading,1,0.02,0.05,0.5,0.5,0.2511643286774617,cov,det,max,2.9614229139999984e-09
minimum_travel_heading,1,0.02,0.05,0.5,0.5,0.2511643286774617,cov,det,rmse,4.1451572303883073e-10
minimum_travel_heading,1,0.02,0.05,0.5,0.5,0.3552,traj,APE,mean,0.11596143211634831
minimum_travel_heading,1,0.02,0.05,0.5,0.5,0.3552,traj,APE,std_dev,0.07998653639613527
minimum_travel_heading,1,0.02,0.05,0.5,0.5,0.3552,traj,APE,median,0.09630970664281796
minimum_travel_heading,1,0.02,0.05,0.5,0.5,0.3552,traj,APE,min,5.421010862427522e-20
minimum_travel_heading,1,0.02,0.05,0.5,0.5,0.3552,traj,APE,max,0.34293691470626286
minimum_travel_heading,1,0.02,0.05,0.5,0.5,0.3552,traj,APE,rmse,0.14087192673888124
minimum_travel_heading,1,0.02,0.05,0.5,0.5,0.3552,traj,RPE,mean,0.058397077790537794
minimum_travel_heading,1,0.02,0.05,0.5,0.5,0.3552,traj,RPE,std_dev,0.03345728627935372
minimum_travel_heading,1,0.02,0.05,0.5,0.5,0.3552,traj,RPE,median,0.04932785969749645
minimum_travel_heading,1,0.02,0.05,0.5,0.5,0.3552,traj,RPE,min,0.008810255161943743
minimum_travel_heading,1,0.02,0.05,0.5,0.5,0.3552,traj,RPE,max,0.1791923356566672
minimum_travel_heading,1,0.02,0.05,0.5,0.5,0.3552,traj,RPE,rmse,0.06730236771208539
minimum_travel_heading,1,0.02,0.05,0.5,0.5,0.3552,traj,num associated poses,mean,32.4
minimum_travel_heading,1,0.02,0.05,0.5,0.5,0.3552,traj,num associated poses,std_dev,0.8
minimum_travel_heading,1,0.02,0.05,0.5,0.5,0.3552,traj,num associated poses,median,33.0
minimum_travel_heading,1,0.02,0.05,0.5,0.5,0.3552,traj,num associated poses,min,31.0
minimum_travel_heading,1,0.02,0.05,0.5,0.5,0.3552,traj,num associated poses,max,33.0
minimum_travel_heading,1,0.02,0.05,0.5,0.5,0.3552,traj,num gt poses,mean,176.8
minimum_travel_heading,1,0.02,0.05,0.5,0.5,0.3552,traj,num gt poses,std_dev,3.867815921162743
minimum_travel_heading,1,0.02,0.05,0.5,0.5,0.3552,traj,num gt poses,median,177.0
minimum_travel_heading,1,0.02,0.05,0.5,0.5,0.3552,traj,num gt poses,min,172.0
minimum_travel_heading,1,0.02,0.05,0.5,0.5,0.3552,traj,num gt poses,max,182.0
minimum_travel_heading,1,0.02,0.05,0.5,0.5,0.3552,traj,odom accum path length (m),mean,11.527287999999999
minimum_travel_heading,1,0.02,0.05,0.5,0.5,0.3552,traj,odom accum path length (m),std_dev,0.05017270740153457
minimum_travel_heading,1,0.02,0.05,0.5,0.5,0.3552,traj,odom accum path length (m),median,11.507296
minimum_travel_heading,1,0.02,0.05,0.5,0.5,0.3552,traj,odom accum path length (m),min,11.46914
minimum_travel_heading,1,0.02,0.05,0.5,0.5,0.3552,traj,odom accum path length (m),max,11.601712
minimum_travel_heading,1,0.02,0.05,0.5,0.5,0.3552,traj,total rotation (rad),mean,9.992691
minimum_travel_heading,1,0.02,0.05,0.5,0.5,0.3552,traj,total rotation (rad),std_dev,0.6761408877753218
minimum_travel_heading,1,0.02,0.05,0.5,0.5,0.3552,traj,total rotation (rad),median,9.749158
minimum_travel_heading,1,0.02,0.05,0.5,0.5,0.3552,traj,total rotation (rad),min,9.478766
minimum_travel_heading,1,0.02,0.05,0.5,0.5,0.3552,traj,total rotation (rad),max,11.32905
minimum_travel_heading,1,0.02,0.05,0.5,0.5,0.3552,traj,duration (s),mean,24.220999999999997
minimum_travel_heading,1,0.02,0.05,0.5,0.5,0.3552,traj,duration (s),std_dev,0.6188634744432742
minimum_travel_heading,1,0.02,0.05,0.5,0.5,0.3552,traj,duration (s),median,24.354
minimum_travel_heading,1,0.02,0.05,0.5,0.5,0.3552,traj,duration (s),min,23.412
minimum_travel_heading,1,0.02,0.05,0.5,0.5,0.3552,traj,duration (s),max,25.026000000000003
minimum_travel_heading,1,0.02,0.05,0.5,0.5,0.3552,completion,successes,count,5.0
minimum_travel_heading,1,0.02,0.05,0.5,0.5,0.3552,completion,failures,count,0.0
minimum_travel_heading,1,0.02,0.05,0.5,0.5,0.3552,completion,errors,count,0.0
minimum_travel_heading,1,0.02,0.05,0.5,0.5,0.3552,completion,data or metrics missing,count,0.0
minimum_travel_heading,1,0.02,0.05,0.5,0.5,0.3552,latency,latency,mean,0.0025617283950617287
minimum_travel_heading,1,0.02,0.05,0.5,0.5,0.3552,latency,latency,std_dev,0.0020486109657994415
minimum_travel_heading,1,0.02,0.05,0.5,0.5,0.3552,latency,latency,median,0.003
minimum_travel_heading,1,0.02,0.05,0.5,0.5,0.3552,latency,latency,min,0.0
minimum_travel_heading,1,0.02,0.05,0.5,0.5,0.3552,latency,latency,max,0.025
minimum_travel_heading,1,0.02,0.05,0.5,0.5,0.3552,cov,trace,mean,0.005602658682634731
minimum_travel_heading,1,0.02,0.05,0.5,0.5,0.3552,cov,trace,std_dev,0.0025865019953839608
minimum_travel_heading,1,0.02,0.05,0.5,0.5,0.3552,cov,trace,median,0.004997
minimum_travel_heading,1,0.02,0.05,0.5,0.5,0.3552,cov,trace,min,0.0024360000000000002
minimum_travel_heading,1,0.02,0.05,0.5,0.5,0.3552,cov,trace,max,0.021259000000000004
minimum_travel_heading,1,0.02,0.05,0.5,0.5,0.3552,cov,trace,rmse,0.006170881370292865
minimum_travel_heading,1,0.02,0.05,0.5,0.5,0.3552,cov,det,mean,3.728164586646705e-10
minimum_travel_heading,1,0.02,0.05,0.5,0.5,0.3552,cov,det,std_dev,4.086336090009665e-10
minimum_travel_heading,1,0.02,0.05,0.5,0.5,0.3552,cov,det,median,2.693657270000002e-10
minimum_travel_heading,1,0.02,0.05,0.5,0.5,0.3552,cov,det,min,4.834790999999994e-11
minimum_travel_heading,1,0.02,0.05,0.5,0.5,0.3552,cov,det,max,3.6990306959999866e-09
minimum_travel_heading,1,0.02,0.05,0.5,0.5,0.3552,cov,det,rmse,5.531487487615069e-10
minimum_travel_heading,1,0.02,0.05,0.5,0.5,0.5023286573549234,traj,APE,mean,0.060676642625359246
minimum_travel_heading,1,0.02,0.05,0.5,0.5,0.5023286573549234,traj,APE,std_dev,0.04609193350051367
minimum_travel_heading,1,0.02,0.05,0.5,0.5,0.5023286573549234,traj,APE,median,0.04938739694680902
minimum_travel_heading,1,0.02,0.05,0.5,0.5,0.5023286573549234,traj,APE,min,9.215718466126788e-19
minimum_travel_heading,1,0.02,0.05,0.5,0.5,0.5023286573549234,traj,APE,max,0.23962471516900213
minimum_travel_heading,1,0.02,0.05,0.5,0.5,0.5023286573549234,traj,APE,rmse,0.07619790872524873
minimum_travel_heading,1,0.02,0.05,0.5,0.5,0.5023286573549234,traj,RPE,mean,0.05143625650584617
minimum_travel_heading,1,0.02,0.05,0.5,0.5,0.5023286573549234,traj,RPE,std_dev,0.03046103045945721
minimum_travel_heading,1,0.02,0.05,0.5,0.5,0.5023286573549234,traj,RPE,median,0.043270641914342954
minimum_travel_heading,1,0.02,0.05,0.5,0.5,0.5023286573549234,traj,RPE,min,0.011057437145426884
minimum_travel_heading,1,0.02,0.05,0.5,0.5,0.5023286573549234,traj,RPE,max,0.18771612047282082
minimum_travel_heading,1,0.02,0.05,0.5,0.5,0.5023286573549234,traj,RPE,rmse,0.05977928453893692
minimum_travel_heading,1,0.02,0.05,0.5,0.5,0.5023286573549234,traj,num associated poses,mean,27.4
minimum_travel_heading,1,0.02,0.05,0.5,0.5,0.5023286573549234,traj,num associated poses,std_dev,0.7999999999999999
minimum_travel_heading,1,0.02,0.05,0.5,0.5,0.5023286573549234,traj,num associated poses,median,28.0
minimum_travel_heading,1,0.02,0.05,0.5,0.5,0.5023286573549234,traj,num associated poses,min,26.0
minimum_travel_heading,1,0.02,0.05,0.5,0.5,0.5023286573549234,traj,num associated poses,max,28.0
minimum_travel_heading,1,0.02,0.05,0.5,0.5,0.5023286573549234,traj,num gt poses,mean,175.8
minimum_travel_heading,1,0.02,0.05,0.5,0.5,0.5023286573549234,traj,num gt poses,std_dev,3.2496153618543837
minimum_travel_heading,1,0.02,0.05,0.5,0.5,0.5023286573549234,traj,num gt poses,median,174.0
minimum_travel_heading,1,0.02,0.05,0.5,0.5,0.5023286573549234,traj,num gt poses,min,173.0
minimum_travel_heading,1,0.02,0.05,0.5,0.5,0.5023286573549234,traj,num gt poses,max,182.0
minimum_travel_heading,1,0.02,0.05,0.5,0.5,0.5023286573549234,traj,odom accum path length (m),mean,11.5777082
minimum_travel_heading,1,0.02,0.05,0.5,0.5,0.5023286573549234,traj,odom accum path length (m),std_dev,0.025996468970996545
minimum_travel_heading,1,0.02,0.05,0.5,0.5,0.5023286573549234,traj,odom accum path length (m),median,11.58513
minimum_travel_heading,1,0.02,0.05,0.5,0.5,0.5023286573549234,traj,odom accum path length (m),min,11.532135
minimum_travel_heading,1,0.02,0.05,0.5,0.5,0.5023286573549234,traj,odom accum path length (m),max,11.610985
minimum_travel_heading,1,0.02,0.05,0.5,0.5,0.5023286573549234,traj,total rotation (rad),mean,9.4410756
minimum_travel_heading,1,0.02,0.05,0.5,0.5,0.5023286573549234,traj,total rotation (rad),std_dev,0.49299551688574206
minimum_travel_heading,1,0.02,0.05,0.5,0.5,0.5023286573549234,traj,total rotation (rad),median,9.388515
minimum_travel_heading,1,0.02,0.05,0.5,0.5,0.5023286573549234,traj,total rotation (rad),min,8.791279
minimum_travel_heading,1,0.02,0.05,0.5,0.5,0.5023286573549234,traj,total rotation (rad),max,10.113584
minimum_travel_heading,1,0.02,0.05,0.5,0.5,0.5023286573549234,traj,duration (s),mean,24.0704
minimum_travel_heading,1,0.02,0.05,0.5,0.5,0.5023286573549234,traj,duration (s),std_dev,0.424046506883383
minimum_travel_heading,1,0.02,0.05,0.5,0.5,0.5023286573549234,traj,duration (s),median,23.779999999999998
minimum_travel_heading,1,0.02,0.05,0.5,0.5,0.5023286573549234,traj,duration (s),min,23.774
minimum_travel_heading,1,0.02,0.05,0.5,0.5,0.5023286573549234,traj,duration (s),max,24.866999999999997
minimum_travel_heading,1,0.02,0.05,0.5,0.5,0.5023286573549234,completion,successes,count,5.0
minimum_travel_heading,1,0.02,0.05,0.5,0.5,0.5023286573549234,completion,failures,count,0.0
minimum_travel_heading,1,0.02,0.05,0.5,0.5,0.5023286573549234,completion,errors,count,0.0
minimum_travel_heading,1,0.02,0.05,0.5,0.5,0.5023286573549234,completion,data or metrics missing,count,0.0
minimum_travel_heading,1,0.02,0.05,0.5,0.5,0.5023286573549234,latency,latency,mean,0.004386861313868614
minimum_travel_heading,1,0.02,0.05,0.5,0.5,0.5023286573549234,latency,latency,std_dev,0.003116352385794166
minimum_travel_heading,1,0.02,0.05,0.5,0.5,0.5023286573549234,latency,latency,median,0.003
minimum_travel_heading,1,0.02,0.05,0.5,0.5,0.5023286573549234,latency,latency,min,0.0
minimum_travel_heading,1,0.02,0.05,0.5,0.5,0.5023286573549234,latency,latency,max,0.012
minimum_travel_heading,1,0.02,0.05,0.5,0.5,0.5023286573549234,cov,trace,mean,0.0056048714285714275
minimum_travel_heading,1,0.02,0.05,0.5,0.5,0.5023286573549234,cov,trace,std_dev,0.001581275641657064
minimum_travel_heading,1,0.02,0.05,0.5,0.5,0.5023286573549234,cov,trace,median,0.005064000000000001
minimum_travel_heading,1,0.02,0.05,0.5,0.5,0.5023286573549234,cov,trace,min,0.0028629999999999997
minimum_travel_heading,1,0.02,0.05,0.5,0.5,0.5023286573549234,cov,trace,max,0.010331
minimum_travel_heading,1,0.02,0.05,0.5,0.5,0.5023286573549234,cov,trace,rmse,0.005823660050665242
minimum_travel_heading,1,0.02,0.05,0.5,0.5,0.5023286573549234,cov,det,mean,3.7515384173571427e-10
minimum_travel_heading,1,0.02,0.05,0.5,0.5,0.5023286573549234,cov,det,std_dev,3.3354732467924586e-10
minimum_travel_heading,1,0.02,0.05,0.5,0.5,0.5023286573549234,cov,det,median,2.620045180000002e-10
minimum_travel_heading,1,0.02,0.05,0.5,0.5,0.5023286573549234,cov,det,min,7.577019000000003e-11
minimum_travel_heading,1,0.02,0.05,0.5,0.5,0.5023286573549234,cov,det,max,1.7939794040000027e-09
minimum_travel_heading,1,0.02,0.05,0.5,0.5,0.5023286573549234,cov,det,rmse,5.019902616283982e-10
minimum_travel_heading,1,0.02,0.05,0.5,0.5,0.7104,traj,APE,mean,0.09470675065400781
minimum_travel_heading,1,0.02,0.05,0.5,0.5,0.7104,traj,APE,std_dev,0.06764071716752929
minimum_travel_heading,1,0.02,0.05,0.5,0.5,0.7104,traj,APE,median,0.07865706511212509
minimum_travel_heading,1,0.02,0.05,0.5,0.5,0.7104,traj,APE,min,7.589415207398531e-19
minimum_travel_heading,1,0.02,0.05,0.5,0.5,0.7104,traj,APE,max,0.29657951784019376
minimum_travel_heading,1,0.02,0.05,0.5,0.5,0.7104,traj,APE,rmse,0.11638142136259594
minimum_travel_heading,1,0.02,0.05,0.5,0.5,0.7104,traj,RPE,mean,0.0532230342217295
minimum_travel_heading,1,0.02,0.05,0.5,0.5,0.7104,traj,RPE,std_dev,0.028156328538333796
minimum_travel_heading,1,0.02,0.05,0.5,0.5,0.7104,traj,RPE,median,0.04532896014748871
minimum_travel_heading,1,0.02,0.05,0.5,0.5,0.7104,traj,RPE,min,0.012464150374125254
minimum_travel_heading,1,0.02,0.05,0.5,0.5,0.7104,traj,RPE,max,0.14768026805792056
minimum_travel_heading,1,0.02,0.05,0.5,0.5,0.7104,traj,RPE,rmse,0.06021187763660904
minimum_travel_heading,1,0.02,0.05,0.5,0.5,0.7104,traj,num associated poses,mean,25.0
minimum_travel_heading,1,0.02,0.05,0.5,0.5,0.7104,traj,num associated poses,std_dev,1.5491933384829668
minimum_travel_heading,1,0.02,0.05,0.5,0.5,0.7104,traj,num associated poses,median,24.0
minimum_travel_heading,1,0.02,0.05,0.5,0.5,0.7104,traj,num associated poses,min,24.0
minimum_travel_heading,1,0.02,0.05,0.5,0.5,0.7104,traj,num associated poses,max,28.0
minimum_travel_heading,1,0.02,0.05,0.5,0.5,0.7104,traj,num gt poses,mean,179.8
minimum_travel_heading,1,0.02,0.05,0.5,0.5,0.7104,traj,num gt poses,std_dev,6.43117407632541
minimum_travel_heading,1,0.02,0.05,0.5,0.5,0.7104,traj,num gt poses,median,176.0
minimum_travel_heading,1,0.02,0.05,0.5,0.5,0.7104,traj,num gt poses,min,173.0
minimum_travel_heading,1,0.02,0.05,0.5,0.5,0.7104,traj,num gt poses,max,189.0
minimum_travel_heading,1,0.02,0.05,0.5,0.5,0.7104,traj,odom accum path length (m),mean,11.661542599999999
minimum_travel_heading,1,0.02,0.05,0.5,0.5,0.7104,traj,odom accum path length (m),std_dev,0.18664488548642283
minimum_travel_heading,1,0.02,0.05,0.5,0.5,0.7104,traj,odom accum path length (m),median,11.584052
minimum_travel_heading,1,0.02,0.05,0.5,0.5,0.7104,traj,odom accum path length (m),min,11.499748
minimum_travel_heading,1,0.02,0.05,0.5,0.5,0.7104,traj,odom accum path length (m),max,12.026537
minimum_travel_heading,1,0.02,0.05,0.5,0.5,0.7104,traj,total rotation (rad),mean,10.646671600000001
minimum_travel_heading,1,0.02,0.05,0.5,0.5,0.7104,traj,total rotation (rad),std_dev,1.4951861102925752
minimum_travel_heading,1,0.02,0.05,0.5,0.5,0.7104,traj,total rotation (rad),median,9.746837
minimum_travel_heading,1,0.02,0.05,0.5,0.5,0.7104,traj,total rotation (rad),min,9.631464
minimum_travel_heading,1,0.02,0.05,0.5,0.5,0.7104,traj,total rotation (rad),max,13.554257
minimum_travel_heading,1,0.02,0.05,0.5,0.5,0.7104,traj,duration (s),mean,24.6798
minimum_travel_heading,1,0.02,0.05,0.5,0.5,0.7104,traj,duration (s),std_dev,0.8952678705281447
minimum_travel_heading,1,0.02,0.05,0.5,0.5,0.7104,traj,duration (s),median,24.22
minimum_travel_heading,1,0.02,0.05,0.5,0.5,0.7104,traj,duration (s),min,23.708
minimum_travel_heading,1,0.02,0.05,0.5,0.5,0.7104,traj,duration (s),max,26.010999999999996
minimum_travel_heading,1,0.02,0.05,0.5,0.5,0.7104,completion,successes,count,5.0
minimum_travel_heading,1,0.02,0.05,0.5,0.5,0.7104,completion,failures,count,0.0
minimum_travel_heading,1,0.02,0.05,0.5,0.5,0.7104,completion,errors,count,0.0
minimum_travel_heading,1,0.02,0.05,0.5,0.5,0.7104,completion,data or metrics missing,count,0.0
minimum_travel_heading,1,0.02,0.05,0.5,0.5,0.7104,latency,latency,mean,0.00412
minimum_travel_heading,1,0.02,0.05,0.5,0.5,0.7104,latency,latency,std_dev,0.002894408402420087
minimum_travel_heading,1,0.02,0.05,0.5,0.5,0.7104,latency,latency,median,0.003
minimum_travel_heading,1,0.02,0.05,0.5,0.5,0.7104,latency,latency,min,0.0
minimum_travel_heading,1,0.02,0.05,0.5,0.5,0.7104,latency,latency,max,0.012
minimum_travel_heading,1,0.02,0.05,0.5,0.5,0.7104,cov,trace,mean,0.005789407692307693
minimum_travel_heading,1,0.02,0.05,0.5,0.5,0.7104,cov,trace,std_dev,0.0027182480576683488
minimum_travel_heading,1,0.02,0.05,0.5,0.5,0.7104,cov,trace,median,0.0049365
minimum_travel_heading,1,0.02,0.05,0.5,0.5,0.7104,cov,trace,min,0.0025429999999999997
minimum_travel_heading,1,0.02,0.05,0.5,0.5,0.7104,cov,trace,max,0.021189
minimum_travel_heading,1,0.02,0.05,0.5,0.5,0.7104,cov,trace,rmse,0.006395788765333736
minimum_travel_heading,1,0.02,0.05,0.5,0.5,0.7104,cov,det,mean,4.139586719923076e-10
minimum_travel_heading,1,0.02,0.05,0.5,0.5,0.7104,cov,det,std_dev,5.410770455964007e-10
minimum_travel_heading,1,0.02,0.05,0.5,0.5,0.7104,cov,det,median,2.5147049399999995e-10
minimum_travel_heading,1,0.02,0.05,0.5,0.5,0.7104,cov,det,min,6.690533399999987e-11
minimum_travel_heading,1,0.02,0.05,0.5,0.5,0.7104,cov,det,max,4.2434705459999884e-09
minimum_travel_heading,1,0.02,0.05,0.5,0.5,0.7104,cov,det,rmse,6.812680466519507e-10
minimum_travel_heading,1,0.02,0.05,0.5,0.5,1.0046573147098468,traj,APE,mean,0.07604835547444559
minimum_travel_heading,1,0.02,0.05,0.5,0.5,1.0046573147098468,traj,APE,std_dev,0.041708521578711105
minimum_travel_heading,1,0.02,0.05,0.5,0.5,1.0046573147098468,traj,APE,median,0.07443568721944373
minimum_travel_heading,1,0.02,0.05,0.5,0.5,1.0046573147098468,traj,APE,min,5.421010862427522e-20
minimum_travel_heading,1,0.02,0.05,0.5,0.5,1.0046573147098468,traj,APE,max,0.24491157050014237
minimum_travel_heading,1,0.02,0.05,0.5,0.5,1.0046573147098468,traj,APE,rmse,0.0867349591724666
minimum_travel_heading,1,0.02,0.05,0.5,0.5,1.0046573147098468,traj,RPE,mean,0.0535306324890938
minimum_travel_heading,1,0.02,0.05,0.5,0.5,1.0046573147098468,traj,RPE,std_dev,0.03539639206416166
minimum_travel_heading,1,0.02,0.05,0.5,0.5,1.0046573147098468,traj,RPE,median,0.04440813556319392
minimum_travel_heading,1,0.02,0.05,0.5,0.5,1.0046573147098468,traj,RPE,min,0.007878223656678911
minimum_travel_heading,1,0.02,0.05,0.5,0.5,1.0046573147098468,traj,RPE,max,0.22912091579659696
minimum_travel_heading,1,0.02,0.05,0.5,0.5,1.0046573147098468,traj,RPE,rmse,0.06417501995202084
minimum_travel_heading,1,0.02,0.05,0.5,0.5,1.0046573147098468,traj,num associated poses,mean,23.0
minimum_travel_heading,1,0.02,0.05,0.5,0.5,1.0046573147098468,traj,num associated poses,std_dev,0.6324555320336759
minimum_travel_heading,1,0.02,0.05,0.5,0.5,1.0046573147098468,traj,num associated poses,median,23.0
minimum_travel_heading,1,0.02,0.05,0.5,0.5,1.0046573147098468,traj,num associated poses,min,22.0
minimum_travel_heading,1,0.02,0.05,0.5,0.5,1.0046573147098468,traj,num associated poses,max,24.0
minimum_travel_heading,1,0.02,0.05,0.5,0.5,1.0046573147098468,traj,num gt poses,mean,181.0
minimum_travel_heading,1,0.02,0.05,0.5,0.5,1.0046573147098468,traj,num gt poses,std_dev,7.37563556583431
minimum_travel_heading,1,0.02,0.05,0.5,0.5,1.0046573147098468,traj,num gt poses,median,178.0
minimum_travel_heading,1,0.02,0.05,0.5,0.5,1.0046573147098468,traj,num gt poses,min,172.0
minimum_travel_heading,1,0.02,0.05,0.5,0.5,1.0046573147098468,traj,num gt poses,max,192.0
minimum_travel_heading,1,0.02,0.05,0.5,0.5,1.0046573147098468,traj,odom accum path length (m),mean,11.7472924
minimum_travel_heading,1,0.02,0.05,0.5,0.5,1.0046573147098468,traj,odom accum path length (m),std_dev,0.19512594098540553
minimum_travel_heading,1,0.02,0.05,0.5,0.5,1.0046573147098468,traj,odom accum path length (m),median,11.669793
minimum_travel_heading,1,0.02,0.05,0.5,0.5,1.0046573147098468,traj,odom accum path length (m),min,11.515052
minimum_travel_heading,1,0.02,0.05,0.5,0.5,1.0046573147098468,traj,odom accum path length (m),max,12.097379
minimum_travel_heading,1,0.02,0.05,0.5,0.5,1.0046573147098468,traj,total rotation (rad),mean,10.856207600000001
minimum_travel_heading,1,0.02,0.05,0.5,0.5,1.0046573147098468,traj,total rotation (rad),std_dev,1.1307098909804585
minimum_travel_heading,1,0.02,0.05,0.5,0.5,1.0046573147098468,traj,total rotation (rad),median,10.220513
minimum_travel_heading,1,0.02,0.05,0.5,0.5,1.0046573147098468,traj,total rotation (rad),min,9.780403
minimum_travel_heading,1,0.02,0.05,0.5,0.5,1.0046573147098468,traj,total rotation (rad),max,12.295816
minimum_travel_heading,1,0.02,0.05,0.5,0.5,1.0046573147098468,traj,duration (s),mean,24.885799999999996
minimum_travel_heading,1,0.02,0.05,0.5,0.5,1.0046573147098468,traj,duration (s),std_dev,1.0452891274666551
minimum_travel_heading,1,0.02,0.05,0.5,0.5,1.0046573147098468,traj,duration (s),median,24.421
minimum_travel_heading,1,0.02,0.05,0.5,0.5,1.0046573147098468,traj,duration (s),min,23.707
minimum_travel_heading,1,0.02,0.05,0.5,0.5,1.0046573147098468,traj,duration (s),max,26.402
minimum_travel_heading,1,0.02,0.05,0.5,0.5,1.0046573147098468,completion,successes,count,5.0
minimum_travel_heading,1,0.02,0.05,0.5,0.5,1.0046573147098468,completion,failures,count,0.0
minimum_travel_heading,1,0.02,0.05,0.5,0.5,1.0046573147098468,completion,errors,count,0.0
minimum_travel_heading,1,0.02,0.05,0.5,0.5,1.0046573147098468,completion,data or metrics missing,count,0.0
minimum_travel_heading,1,0.02,0.05,0.5,0.5,1.0046573147098468,latency,latency,mean,0.004860869565217391
minimum_travel_heading,1,0.02,0.05,0.5,0.5,1.0046573147098468,latency,latency,std_dev,0.004487445204261288
minimum_travel_heading,1,0.02,0.05,0.5,0.5,1.0046573147098468,latency,latency,median,0.003
minimum_travel_heading,1,0.02,0.05,0.5,0.5,1.0046573147098468,latency,latency,min,0.0
minimum_travel_heading,1,0.02,0.05,0.5,0.5,1.0046573147098468,latency,latency,max,0.018000000000000002
minimum_travel_heading,1,0.02,0.05,0.5,0.5,1.0046573147098468,cov,trace,mean,0.005745076271186441
minimum_travel_heading,1,0.02,0.05,0.5,0.5,1.0046573147098468,cov,trace,std_dev,0.0017494204471659657
minimum_travel_heading,1,0.02,0.05,0.5,0.5,1.0046573147098468,cov,trace,median,0.004999
minimum_travel_heading,1,0.02,0.05,0.5,0.5,1.0046573147098468,cov,trace,min,0.0028799999999999997
minimum_travel_heading,1,0.02,0.05,0.5,0.5,1.0046573147098468,cov,trace,max,0.012124
minimum_travel_heading,1,0.02,0.05,0.5,0.5,1.0046573147098468,cov,trace,rmse,0.006005528558146391
minimum_travel_heading,1,0.02,0.05,0.5,0.5,1.0046573147098468,cov,det,mean,4.041664120677965e-10
minimum_travel_heading,1,0.02,0.05,0.5,0.5,1.0046573147098468,cov,det,std_dev,3.455994150842489e-10
minimum_travel_heading,1,0.02,0.05,0.5,0.5,1.0046573147098468,cov,det,median,2.9281600049999945e-10
minimum_travel_heading,1,0.02,0.05,0.5,0.5,1.0046573147098468,cov,det,min,8.591392000000002e-11
minimum_travel_heading,1,0.02,0.05,0.5,0.5,1.0046573147098468,cov,det,max,1.9548992400000023e-09
minimum_travel_heading,1,0.02,0.05,0.5,0.5,1.0046573147098468,cov,det,rmse,5.317795072681261e-10
minimum_travel_heading,1,0.02,0.05,0.5,0.5,1.4208,traj,APE,mean,0.0786924383254269
minimum_travel_heading,1,0.02,0.05,0.5,0.5,1.4208,traj,APE,std_dev,0.06055326974721922
minimum_travel_heading,1,0.02,0.05,0.5,0.5,1.4208,traj,APE,median,0.05978968534565571
minimum_travel_heading,1,0.02,0.05,0.5,0.5,1.4208,traj,APE,min,8.131516293641283e-19
minimum_travel_heading,1,0.02,0.05,0.5,0.5,1.4208,traj,APE,max,0.3183871531264746
minimum_travel_heading,1,0.02,0.05,0.5,0.5,1.4208,traj,APE,rmse,0.09929349589313799
minimum_travel_heading,1,0.02,0.05,0.5,0.5,1.4208,traj,RPE,mean,0.04556837230586221
minimum_travel_heading,1,0.02,0.05,0.5,0.5,1.4208,traj,RPE,std_dev,0.0208472773647897
minimum_travel_heading,1,0.02,0.05,0.5,0.5,1.4208,traj,RPE,median,0.040887186607618226
minimum_travel_heading,1,0.02,0.05,0.5,0.5,1.4208,traj,RPE,min,0.005529547916408396
minimum_travel_heading,1,0.02,0.05,0.5,0.5,1.4208,traj,RPE,max,0.11400184774371808
minimum_travel_heading,1,0.02,0.05,0.5,0.5,1.4208,traj,RPE,rmse,0.0501107326640725
minimum_travel_heading,1,0.02,0.05,0.5,0.5,1.4208,traj,num associated poses,mean,22.0
minimum_travel_heading,1,0.02,0.05,0.5,0.5,1.4208,traj,num associated poses,std_dev,0.0
minimum_travel_heading,1,0.02,0.05,0.5,0.5,1.4208,traj,num associated poses,median,22.0
minimum_travel_heading,1,0.02,0.05,0.5,0.5,1.4208,traj,num associated poses,min,22.0
minimum_travel_heading,1,0.02,0.05,0.5,0.5,1.4208,traj,num associated poses,max,22.0
minimum_travel_heading,1,0.02,0.05,0.5,0.5,1.4208,traj,num gt poses,mean,176.4
minimum_travel_heading,1,0.02,0.05,0.5,0.5,1.4208,traj,num gt poses,std_dev,3.4409301068170506
minimum_travel_heading,1,0.02,0.05,0.5,0.5,1.4208,traj,num gt poses,median,175.0
minimum_travel_heading,1,0.02,0.05,0.5,0.5,1.4208,traj,num gt poses,min,173.0
minimum_travel_heading,1,0.02,0.05,0.5,0.5,1.4208,traj,num gt poses,max,181.0
minimum_travel_heading,1,0.02,0.05,0.5,0.5,1.4208,traj,odom accum path length (m),mean,11.596667599999998
minimum_travel_heading,1,0.02,0.05,0.5,0.5,1.4208,traj,odom accum path length (m),std_dev,0.05208395676827915
minimum_travel_heading,1,0.02,0.05,0.5,0.5,1.4208,traj,odom accum path length (m),median,11.575711
minimum_travel_heading,1,0.02,0.05,0.5,0.5,1.4208,traj,odom accum path length (m),min,11.534115
minimum_travel_heading,1,0.02,0.05,0.5,0.5,1.4208,traj,odom accum path length (m),max,11.665681
minimum_travel_heading,1,0.02,0.05,0.5,0.5,1.4208,traj,total rotation (rad),mean,9.7437792
minimum_travel_heading,1,0.02,0.05,0.5,0.5,1.4208,traj,total rotation (rad),std_dev,0.4728180768999429
minimum_travel_heading,1,0.02,0.05,0.5,0.5,1.4208,traj,total rotation (rad),median,9.521703
minimum_travel_heading,1,0.02,0.05,0.5,0.5,1.4208,traj,total rotation (rad),min,9.140975
minimum_travel_heading,1,0.02,0.05,0.5,0.5,1.4208,traj,total rotation (rad),max,10.317811
minimum_travel_heading,1,0.02,0.05,0.5,0.5,1.4208,traj,duration (s),mean,24.170799999999996
minimum_travel_heading,1,0.02,0.05,0.5,0.5,1.4208,traj,duration (s),std_dev,0.49381429707937724
minimum_travel_heading,1,0.02,0.05,0.5,0.5,1.4208,traj,duration (s),median,24.008000000000003
minimum_travel_heading,1,0.02,0.05,0.5,0.5,1.4208,traj,duration (s),min,23.630999999999997
minimum_travel_heading,1,0.02,0.05,0.5,0.5,1.4208,traj,duration (s),max,24.851999999999997
minimum_travel_heading,1,0.02,0.05,0.5,0.5,1.4208,completion,successes,count,5.0
minimum_travel_heading,1,0.02,0.05,0.5,0.5,1.4208,completion,failures,count,0.0
minimum_travel_heading,1,0.02,0.05,0.5,0.5,1.4208,completion,errors,count,0.0
minimum_travel_heading,1,0.02,0.05,0.5,0.5,1.4208,completion,data or metrics missing,count,0.0
minimum_travel_heading,1,0.02,0.05,0.5,0.5,1.4208,latency,latency,mean,0.004863636363636364
minimum_travel_heading,1,0.02,0.05,0.5,0.5,1.4208,latency,latency,std_dev,0.00380305444879453
minimum_travel_heading,1,0.02,0.05,0.5,0.5,1.4208,latency,latency,median,0.003
minimum_travel_heading,1,0.02,0.05,0.5,0.5,1.4208,latency,latency,min,0.0
minimum_travel_heading,1,0.02,0.05,0.5,0.5,1.4208,latency,latency,max,0.016
minimum_travel_heading,1,0.02,0.05,0.5,0.5,1.4208,cov,trace,mean,0.005729052173913044
minimum_travel_heading,1,0.02,0.05,0.5,0.5,1.4208,cov,trace,std_dev,0.002002712490353274
minimum_travel_heading,1,0.02,0.05,0.5,0.5,1.4208,cov,trace,median,0.0049700000000000005
minimum_travel_heading,1,0.02,0.05,0.5,0.5,1.4208,cov,trace,min,0.002564
minimum_travel_heading,1,0.02,0.05,0.5,0.5,1.4208,cov,trace,max,0.015454999999999998
minimum_travel_heading,1,0.02,0.05,0.5,0.5,1.4208,cov,trace,rmse,0.006069011132831672
minimum_travel_heading,1,0.02,0.05,0.5,0.5,1.4208,cov,det,mean,3.620450778086955e-10
minimum_travel_heading,1,0.02,0.05,0.5,0.5,1.4208,cov,det,std_dev,3.6397420897957353e-10
minimum_travel_heading,1,0.02,0.05,0.5,0.5,1.4208,cov,det,median,2.441915419999999e-10
minimum_travel_heading,1,0.02,0.05,0.5,0.5,1.4208,cov,det,min,9.066090199999993e-11
minimum_travel_heading,1,0.02,0.05,0.5,0.5,1.4208,cov,det,max,2.383190719999996e-09
minimum_travel_heading,1,0.02,0.05,0.5,0.5,1.4208,cov,det,rmse,5.133749732581543e-10
minimum_travel_heading,1,0.02,0.05,0.5,0.5,2.0093146294196935,traj,APE,mean,0.08372466114074965
minimum_travel_heading,1,0.02,0.05,0.5,0.5,2.0093146294196935,traj,APE,std_dev,0.08046869589671632
minimum_travel_heading,1,0.02,0.05,0.5,0.5,2.0093146294196935,traj,APE,median,0.05437377685411428
minimum_travel_heading,1,0.02,0.05,0.5,0.5,2.0093146294196935,traj,APE,min,9.215718466126788e-19
minimum_travel_heading,1,0.02,0.05,0.5,0.5,2.0093146294196935,traj,APE,max,0.3148139401238299
minimum_travel_heading,1,0.02,0.05,0.5,0.5,2.0093146294196935,traj,APE,rmse,0.11612506147447917
minimum_travel_heading,1,0.02,0.05,0.5,0.5,2.0093146294196935,traj,RPE,mean,0.04801685940005278
minimum_travel_heading,1,0.02,0.05,0.5,0.5,2.0093146294196935,traj,RPE,std_dev,0.031971122254902715
minimum_travel_heading,1,0.02,0.05,0.5,0.5,2.0093146294196935,traj,RPE,median,0.040233433210059386
minimum_travel_heading,1,0.02,0.05,0.5,0.5,2.0093146294196935,traj,RPE,min,0.008383845685701677
minimum_travel_heading,1,0.02,0.05,0.5,0.5,2.0093146294196935,traj,RPE,max,0.1840225321760305
minimum_travel_heading,1,0.02,0.05,0.5,0.5,2.0093146294196935,traj,RPE,rmse,0.05768683944265252
minimum_travel_heading,1,0.02,0.05,0.5,0.5,2.0093146294196935,traj,num associated poses,mean,22.0
minimum_travel_heading,1,0.02,0.05,0.5,0.5,2.0093146294196935,traj,num associated poses,std_dev,0.0
minimum_travel_heading,1,0.02,0.05,0.5,0.5,2.0093146294196935,traj,num associated poses,median,22.0
minimum_travel_heading,1,0.02,0.05,0.5,0.5,2.0093146294196935,traj,num associated poses,min,22.0
minimum_travel_heading,1,0.02,0.05,0.5,0.5,2.0093146294196935,traj,num associated poses,max,22.0
minimum_travel_heading,1,0.02,0.05,0.5,0.5,2.0093146294196935,traj,num gt poses,mean,173.0
minimum_travel_heading,1,0.02,0.05,0.5,0.5,2.0093146294196935,traj,num gt poses,std_dev,1.8708286933869707
minimum_travel_heading,1,0.02,0.05,0.5,0.5,2.0093146294196935,traj,num gt poses,median,172.5
minimum_travel_heading,1,0.02,0.05,0.5,0.5,2.0093146294196935,traj,num gt poses,min,171.0
minimum_travel_heading,1,0.02,0.05,0.5,0.5,2.0093146294196935,traj,num gt poses,max,176.0
minimum_travel_heading,1,0.02,0.05,0.5,0.5,2.0093146294196935,traj,odom accum path length (m),mean,11.54668875
minimum_travel_heading,1,0.02,0.05,0.5,0.5,2.0093146294196935,traj,odom accum path length (m),std_dev,0.0945172480327661
minimum_travel_heading,1,0.02,0.05,0.5,0.5,2.0093146294196935,traj,odom accum path length (m),median,11.521234
minimum_travel_heading,1,0.02,0.05,0.5,0.5,2.0093146294196935,traj,odom accum path length (m),min,11.450791
minimum_travel_heading,1,0.02,0.05,0.5,0.5,2.0093146294196935,traj,odom accum path length (m),max,11.693496
minimum_travel_heading,1,0.02,0.05,0.5,0.5,2.0093146294196935,traj,total rotation (rad),mean,9.517003500000001
minimum_travel_heading,1,0.02,0.05,0.5,0.5,2.0093146294196935,traj,total rotation (rad),std_dev,0.5858175910769922
minimum_travel_heading,1,0.02,0.05,0.5,0.5,2.0093146294196935,traj,total rotation (rad),median,9.3124265
minimum_travel_heading,1,0.02,0.05,0.5,0.5,2.0093146294196935,traj,total rotation (rad),min,8.978724
minimum_travel_heading,1,0.02,0.05,0.5,0.5,2.0093146294196935,traj,total rotation (rad),max,10.464437
minimum_travel_heading,1,0.02,0.05,0.5,0.5,2.0093146294196935,traj,duration (s),mean,23.804000000000002
minimum_travel_heading,1,0.02,0.05,0.5,0.5,2.0093146294196935,traj,duration (s),std_dev,0.2873830196793138
minimum_travel_heading,1,0.02,0.05,0.5,0.5,2.0093146294196935,traj,duration (s),median,23.662999999999997
minimum_travel_heading,1,0.02,0.05,0.5,0.5,2.0093146294196935,traj,duration (s),min,23.591
minimum_travel_heading,1,0.02,0.05,0.5,0.5,2.0093146294196935,traj,duration (s),max,24.299000000000003
minimum_travel_heading,1,0.02,0.05,0.5,0.5,2.0093146294196935,completion,successes,count,4.0
minimum_travel_heading,1,0.02,0.05,0.5,0.5,2.0093146294196935,completion,failures,count,0.0
minimum_travel_heading,1,0.02,0.05,0.5,0.5,2.0093146294196935,completion,errors,count,1.0
minimum_travel_heading,1,0.02,0.05,0.5,0.5,2.0093146294196935,completion,data or metrics missing,count,1.0
minimum_travel_heading,1,0.02,0.05,0.5,0.5,2.0093146294196935,latency,latency,mean,0.00703409090909091
minimum_travel_heading,1,0.02,0.05,0.5,0.5,2.0093146294196935,latency,latency,std_dev,0.004918538362979308
minimum_travel_heading,1,0.02,0.05,0.5,0.5,2.0093146294196935,latency,latency,median,0.005
minimum_travel_heading,1,0.02,0.05,0.5,0.5,2.0093146294196935,latency,latency,min,0.0
minimum_travel_heading,1,0.02,0.05,0.5,0.5,2.0093146294196935,latency,latency,max,0.019
minimum_travel_heading,1,0.02,0.05,0.5,0.5,2.0093146294196935,cov,trace,mean,0.0057246630434782605
minimum_travel_heading,1,0.02,0.05,0.5,0.5,2.0093146294196935,cov,trace,std_dev,0.00211697250643036
minimum_travel_heading,1,0.02,0.05,0.5,0.5,2.0093146294196935,cov,trace,median,0.0049265
minimum_travel_heading,1,0.02,0.05,0.5,0.5,2.0093146294196935,cov,trace,min,0.003239
minimum_travel_heading,1,0.02,0.05,0.5,0.5,2.0093146294196935,cov,trace,max,0.01661
minimum_travel_heading,1,0.02,0.05,0.5,0.5,2.0093146294196935,cov,trace,rmse,0.006103551388687394
minimum_travel_heading,1,0.02,0.05,0.5,0.5,2.0093146294196935,cov,det,mean,3.586579123043476e-10
minimum_travel_heading,1,0.02,0.05,0.5,0.5,2.0093146294196935,cov,det,std_dev,3.465669508160681e-10
minimum_travel_heading,1,0.02,0.05,0.5,0.5,2.0093146294196935,cov,det,median,2.275287510000003e-10
minimum_travel_heading,1,0.02,0.05,0.5,0.5,2.0093146294196935,cov,det,min,9.498384500000016e-11
minimum_travel_heading,1,0.02,0.05,0.5,0.5,2.0093146294196935,cov,det,max,2.099256967999993e-09
minimum_travel_heading,1,0.02,0.05,0.5,0.5,2.0093146294196935,cov,det,rmse,4.987425683220353e-10
minimum_travel_heading,1,0.02,0.05,0.5,0.5,2.8416,traj,APE,mean,0.06997037902356465
minimum_travel_heading,1,0.02,0.05,0.5,0.5,2.8416,traj,APE,std_dev,0.049236800963031235
minimum_travel_heading,1,0.02,0.05,0.5,0.5,2.8416,traj,APE,median,0.05480503928941783
minimum_travel_heading,1,0.02,0.05,0.5,0.5,2.8416,traj,APE,min,8.131516293641283e-19
minimum_travel_heading,1,0.02,0.05,0.5,0.5,2.8416,traj,APE,max,0.25504328985005953
minimum_travel_heading,1,0.02,0.05,0.5,0.5,2.8416,traj,APE,rmse,0.08555767943191568
minimum_travel_heading,1,0.02,0.05,0.5,0.5,2.8416,traj,RPE,mean,0.04718197266520122
minimum_travel_heading,1,0.02,0.05,0.5,0.5,2.8416,traj,RPE,std_dev,0.030494668054397222
minimum_travel_heading,1,0.02,0.05,0.5,0.5,2.8416,traj,RPE,median,0.039611644093962554
minimum_travel_heading,1,0.02,0.05,0.5,0.5,2.8416,traj,RPE,min,0.009007647645429578
minimum_travel_heading,1,0.02,0.05,0.5,0.5,2.8416,traj,RPE,max,0.16697038789056073
minimum_travel_heading,1,0.02,0.05,0.5,0.5,2.8416,traj,RPE,rmse,0.056178851219366076
minimum_travel_heading,1,0.02,0.05,0.5,0.5,2.8416,traj,num associated poses,mean,21.8
minimum_travel_heading,1,0.02,0.05,0.5,0.5,2.8416,traj,num associated poses,std_dev,0.39999999999999997
minimum_travel_heading,1,0.02,0.05,0.5,0.5,2.8416,traj,num associated poses,median,22.0
minimum_travel_heading,1,0.02,0.05,0.5,0.5,2.8416,traj,num associated poses,min,21.0
minimum_travel_heading,1,0.02,0.05,0.5,0.5,2.8416,traj,num associated poses,max,22.0
minimum_travel_heading,1,0.02,0.05,0.5,0.5,2.8416,traj,num gt poses,mean,177.0
minimum_travel_heading,1,0.02,0.05,0.5,0.5,2.8416,traj,num gt poses,std_dev,4.857983120596447
minimum_travel_heading,1,0.02,0.05,0.5,0.5,2.8416,traj,num gt poses,median,178.0
minimum_travel_heading,1,0.02,0.05,0.5,0.5,2.8416,traj,num gt poses,min,171.0
minimum_travel_heading,1,0.02,0.05,0.5,0.5,2.8416,traj,num gt poses,max,185.0
minimum_travel_heading,1,0.02,0.05,0.5,0.5,2.8416,traj,odom accum path length (m),mean,11.586878600000002
minimum_travel_heading,1,0.02,0.05,0.5,0.5,2.8416,traj,odom accum path length (m),std_dev,0.06546856022427844
minimum_travel_heading,1,0.02,0.05,0.5,0.5,2.8416,traj,odom accum path length (m),median,11.609371
minimum_travel_heading,1,0.02,0.05,0.5,0.5,2.8416,traj,odom accum path length (m),min,11.475163
minimum_travel_heading,1,0.02,0.05,0.5,0.5,2.8416,traj,odom accum path length (m),max,11.665198
minimum_travel_heading,1,0.02,0.05,0.5,0.5,2.8416,traj,total rotation (rad),mean,9.8900606
minimum_travel_heading,1,0.02,0.05,0.5,0.5,2.8416,traj,total rotation (rad),std_dev,0.5350594330515444
minimum_travel_heading,1,0.02,0.05,0.5,0.5,2.8416,traj,total rotation (rad),median,9.916755
minimum_travel_heading,1,0.02,0.05,0.5,0.5,2.8416,traj,total rotation (rad),min,9.18798
minimum_travel_heading,1,0.02,0.05,0.5,0.5,2.8416,traj,total rotation (rad),max,10.569742
minimum_travel_heading,1,0.02,0.05,0.5,0.5,2.8416,traj,duration (s),mean,24.3252
minimum_travel_heading,1,0.02,0.05,0.5,0.5,2.8416,traj,duration (s),std_dev,0.6272793317175365
minimum_travel_heading,1,0.02,0.05,0.5,0.5,2.8416,traj,duration (s),median,24.502
minimum_travel_heading,1,0.02,0.05,0.5,0.5,2.8416,traj,duration (s),min,23.503999999999998
minimum_travel_heading,1,0.02,0.05,0.5,0.5,2.8416,traj,duration (s),max,25.303999999999995
minimum_travel_heading,1,0.02,0.05,0.5,0.5,2.8416,completion,successes,count,5.0
minimum_travel_heading,1,0.02,0.05,0.5,0.5,2.8416,completion,failures,count,0.0
minimum_travel_heading,1,0.02,0.05,0.5,0.5,2.8416,completion,errors,count,0.0
minimum_travel_heading,1,0.02,0.05,0.5,0.5,2.8416,completion,data or metrics missing,count,0.0
minimum_travel_heading,1,0.02,0.05,0.5,0.5,2.8416,latency,latency,mean,0.0031009174311926613
minimum_travel_heading,1,0.02,0.05,0.5,0.5,2.8416,latency,latency,std_dev,0.0015793678571013078
minimum_travel_heading,1,0.02,0.05,0.5,0.5,2.8416,latency,latency,median,0.003
minimum_travel_heading,1,0.02,0.05,0.5,0.5,2.8416,latency,latency,min,0.0
minimum_travel_heading,1,0.02,0.05,0.5,0.5,2.8416,latency,latency,max,0.007
minimum_travel_heading,1,0.02,0.05,0.5,0.5,2.8416,cov,trace,mean,0.005799741071428573
minimum_travel_heading,1,0.02,0.05,0.5,0.5,2.8416,cov,trace,std_dev,0.002186315147463289
minimum_travel_heading,1,0.02,0.05,0.5,0.5,2.8416,cov,trace,median,0.0049995
minimum_travel_heading,1,0.02,0.05,0.5,0.5,2.8416,cov,trace,min,0.002976
minimum_travel_heading,1,0.02,0.05,0.5,0.5,2.8416,cov,trace,max,0.014840999999999998
minimum_travel_heading,1,0.02,0.05,0.5,0.5,2.8416,cov,trace,rmse,0.006198142497526405
minimum_travel_heading,1,0.02,0.05,0.5,0.5,2.8416,cov,det,mean,4.205324343214284e-10
minimum_travel_heading,1,0.02,0.05,0.5,0.5,2.8416,cov,det,std_dev,5.250889021531541e-10
minimum_travel_heading,1,0.02,0.05,0.5,0.5,2.8416,cov,det,median,2.395695929999993e-10
minimum_travel_heading,1,0.02,0.05,0.5,0.5,2.8416,cov,det,min,8.524091699999985e-11
minimum_travel_heading,1,0.02,0.05,0.5,0.5,2.8416,cov,det,max,3.0473053939999946e-09
minimum_travel_heading,1,0.02,0.05,0.5,0.5,2.8416,cov,det,rmse,6.727301713768389e-10
