varied_param,correlation_search_space_dimension,correlation_search_space_resolution,correlation_search_space_smear_deviation,distance_variance_penalty,angle_variance_penalty,coarse_search_angle_offset,coarse_angle_resolution,minimum_angle_penalty,minimum_distance_penalty,max_laser_range,metric_type,sub_metric,stat,value
correlation_search_space_dimension,0.03535533905932736,0.01,0.1,1.0,2.0,0.175,0.0175,0.9,0.5,5.0,traj,APE,mean,0.06838773357725152
correlation_search_space_dimension,0.03535533905932736,0.01,0.1,1.0,2.0,0.175,0.0175,0.9,0.5,5.0,traj,APE,std_dev,0.04149425868731954
correlation_search_space_dimension,0.03535533905932736,0.01,0.1,1.0,2.0,0.175,0.0175,0.9,0.5,5.0,traj,APE,median,0.05401159768506645
correlation_search_space_dimension,0.03535533905932736,0.01,0.1,1.0,2.0,0.175,0.0175,0.9,0.5,5.0,traj,APE,min,9.75781955236954e-19
correlation_search_space_dimension,0.03535533905932736,0.01,0.1,1.0,2.0,0.175,0.0175,0.9,0.5,5.0,traj,APE,max,0.1671123592639096
correlation_search_space_dimension,0.03535533905932736,0.01,0.1,1.0,2.0,0.175,0.0175,0.9,0.5,5.0,traj,APE,rmse,0.07999159710771707
correlation_search_space_dimension,0.03535533905932736,0.01,0.1,1.0,2.0,0.175,0.0175,0.9,0.5,5.0,traj,RPE,mean,0.052085762584682484
correlation_search_space_dimension,0.03535533905932736,0.01,0.1,1.0,2.0,0.175,0.0175,0.9,0.5,5.0,traj,RPE,std_dev,0.035548133899096064
correlation_search_space_dimension,0.03535533905932736,0.01,0.1,1.0,2.0,0.175,0.0175,0.9,0.5,5.0,traj,RPE,median,0.04054498506134921
correlation_search_space_dimension,0.03535533905932736,0.01,0.1,1.0,2.0,0.175,0.0175,0.9,0.5,5.0,traj,RPE,min,0.006053368658475463
correlation_search_space_dimension,0.03535533905932736,0.01,0.1,1.0,2.0,0.175,0.0175,0.9,0.5,5.0,traj,RPE,max,0.20442673871899505
correlation_search_space_dimension,0.03535533905932736,0.01,0.1,1.0,2.0,0.175,0.0175,0.9,0.5,5.0,traj,RPE,rmse,0.06306026076489038
correlation_search_space_dimension,0.03535533905932736,0.01,0.1,1.0,2.0,0.175,0.0175,0.9,0.5,5.0,traj,num associated poses,mean,28.2
correlation_search_space_dimension,0.03535533905932736,0.01,0.1,1.0,2.0,0.175,0.0175,0.9,0.5,5.0,traj,num associated poses,std_dev,0.9797958971132713
correlation_search_space_dimension,0.03535533905932736,0.01,0.1,1.0,2.0,0.175,0.0175,0.9,0.5,5.0,traj,num associated poses,median,28.0
correlation_search_space_dimension,0.03535533905932736,0.01,0.1,1.0,2.0,0.175,0.0175,0.9,0.5,5.0,traj,num associated poses,min,27.0
correlation_search_space_dimension,0.03535533905932736,0.01,0.1,1.0,2.0,0.175,0.0175,0.9,0.5,5.0,traj,num associated poses,max,30.0
correlation_search_space_dimension,0.03535533905932736,0.01,0.1,1.0,2.0,0.175,0.0175,0.9,0.5,5.0,traj,num gt poses,mean,174.8
correlation_search_space_dimension,0.03535533905932736,0.01,0.1,1.0,2.0,0.175,0.0175,0.9,0.5,5.0,traj,num gt poses,std_dev,3.1874754901018454
correlation_search_space_dimension,0.03535533905932736,0.01,0.1,1.0,2.0,0.175,0.0175,0.9,0.5,5.0,traj,num gt poses,median,174.0
correlation_search_space_dimension,0.03535533905932736,0.01,0.1,1.0,2.0,0.175,0.0175,0.9,0.5,5.0,traj,num gt poses,min,171.0
correlation_search_space_dimension,0.03535533905932736,0.01,0.1,1.0,2.0,0.175,0.0175,0.9,0.5,5.0,traj,num gt poses,max,179.0
correlation_search_space_dimension,0.03535533905932736,0.01,0.1,1.0,2.0,0.175,0.0175,0.9,0.5,5.0,traj,odom accum path length (m),mean,11.574209199999999
correlation_search_space_dimension,0.03535533905932736,0.01,0.1,1.0,2.0,0.175,0.0175,0.9,0.5,5.0,traj,odom accum path length (m),std_dev,0.042708669374729884
correlation_search_space_dimension,0.03535533905932736,0.01,0.1,1.0,2.0,0.175,0.0175,0.9,0.5,5.0,traj,odom accum path length (m),median,11.598181
correlation_search_space_dimension,0.03535533905932736,0.01,0.1,1.0,2.0,0.175,0.0175,0.9,0.5,5.0,traj,odom accum path length (m),min,11.51978
correlation_search_space_dimension,0.03535533905932736,0.01,0.1,1.0,2.0,0.175,0.0175,0.9,0.5,5.0,traj,odom accum path length (m),max,11.616696
correlation_search_space_dimension,0.03535533905932736,0.01,0.1,1.0,2.0,0.175,0.0175,0.9,0.5,5.0,traj,total rotation (rad),mean,9.869806800000001
correlation_search_space_dimension,0.03535533905932736,0.01,0.1,1.0,2.0,0.175,0.0175,0.9,0.5,5.0,traj,total rotation (rad),std_dev,0.7896564656310742
correlation_search_space_dimension,0.03535533905932736,0.01,0.1,1.0,2.0,0.175,0.0175,0.9,0.5,5.0,traj,total rotation (rad),median,9.948477
correlation_search_space_dimension,0.03535533905932736,0.01,0.1,1.0,2.0,0.175,0.0175,0.9,0.5,5.0,traj,total rotation (rad),min,8.465645
correlation_search_space_dimension,0.03535533905932736,0.01,0.1,1.0,2.0,0.175,0.0175,0.9,0.5,5.0,traj,total rotation (rad),max,10.685015
correlation_search_space_dimension,0.03535533905932736,0.01,0.1,1.0,2.0,0.175,0.0175,0.9,0.5,5.0,traj,duration (s),mean,23.9998
correlation_search_space_dimension,0.03535533905932736,0.01,0.1,1.0,2.0,0.175,0.0175,0.9,0.5,5.0,traj,duration (s),std_dev,0.47513762216856853
correlation_search_space_dimension,0.03535533905932736,0.01,0.1,1.0,2.0,0.175,0.0175,0.9,0.5,5.0,traj,duration (s),median,23.845
correlation_search_space_dimension,0.03535533905932736,0.01,0.1,1.0,2.0,0.175,0.0175,0.9,0.5,5.0,traj,duration (s),min,23.514
correlation_search_space_dimension,0.03535533905932736,0.01,0.1,1.0,2.0,0.175,0.0175,0.9,0.5,5.0,traj,duration (s),max,24.610000000000003
correlation_search_space_dimension,0.03535533905932736,0.01,0.1,1.0,2.0,0.175,0.0175,0.9,0.5,5.0,completion,successes,count,5.0
correlation_search_space_dimension,0.03535533905932736,0.01,0.1,1.0,2.0,0.175,0.0175,0.9,0.5,5.0,completion,failures,count,0.0
correlation_search_space_dimension,0.03535533905932736,0.01,0.1,1.0,2.0,0.175,0.0175,0.9,0.5,5.0,completion,errors,count,0.0
correlation_search_space_dimension,0.03535533905932736,0.01,0.1,1.0,2.0,0.175,0.0175,0.9,0.5,5.0,completion,data or metrics missing,count,0.0
correlation_search_space_dimension,0.03535533905932736,0.01,0.1,1.0,2.0,0.175,0.0175,0.9,0.5,5.0,latency,latency,mean,0.0052056737588652485
correlation_search_space_dimension,0.03535533905932736,0.01,0.1,1.0,2.0,0.175,0.0175,0.9,0.5,5.0,latency,latency,std_dev,0.003945583275376206
correlation_search_space_dimension,0.03535533905932736,0.01,0.1,1.0,2.0,0.175,0.0175,0.9,0.5,5.0,latency,latency,median,0.004
correlation_search_space_dimension,0.03535533905932736,0.01,0.1,1.0,2.0,0.175,0.0175,0.9,0.5,5.0,latency,latency,min,0.0
correlation_search_space_dimension,0.03535533905932736,0.01,0.1,1.0,2.0,0.175,0.0175,0.9,0.5,5.0,latency,latency,max,0.015000000000000001
correlation_search_space_dimension,0.03535533905932736,0.01,0.1,1.0,2.0,0.175,0.0175,0.9,0.5,5.0,cov,trace,mean,0.005718951724137931
correlation_search_space_dimension,0.03535533905932736,0.01,0.1,1.0,2.0,0.175,0.0175,0.9,0.5,5.0,cov,trace,std_dev,0.0021558584571637848
correlation_search_space_dimension,0.03535533905932736,0.01,0.1,1.0,2.0,0.175,0.0175,0.9,0.5,5.0,cov,trace,median,0.005043
correlation_search_space_dimension,0.03535533905932736,0.01,0.1,1.0,2.0,0.175,0.0175,0.9,0.5,5.0,cov,trace,min,0.003131
correlation_search_space_dimension,0.03535533905932736,0.01,0.1,1.0,2.0,0.175,0.0175,0.9,0.5,5.0,cov,trace,max,0.021464
correlation_search_space_dimension,0.03535533905932736,0.01,0.1,1.0,2.0,0.175,0.0175,0.9,0.5,5.0,cov,trace,rmse,0.006111802885429538
correlation_search_space_dimension,0.03535533905932736,0.01,0.1,1.0,2.0,0.175,0.0175,0.9,0.5,5.0,cov,det,mean,4.07861773013793e-10
correlation_search_space_dimension,0.03535533905932736,0.01,0.1,1.0,2.0,0.175,0.0175,0.9,0.5,5.0,cov,det,std_dev,4.068822980270713e-10
correlation_search_space_dimension,0.03535533905932736,0.01,0.1,1.0,2.0,0.175,0.0175,0.9,0.5,5.0,cov,det,median,2.8862696599999936e-10
correlation_search_space_dimension,0.03535533905932736,0.01,0.1,1.0,2.0,0.175,0.0175,0.9,0.5,5.0,cov,det,min,8.358219999999992e-11
correlation_search_space_dimension,0.03535533905932736,0.01,0.1,1.0,2.0,0.175,0.0175,0.9,0.5,5.0,cov,det,max,3.861480974e-09
correlation_search_space_dimension,0.03535533905932736,0.01,0.1,1.0,2.0,0.175,0.0175,0.9,0.5,5.0,cov,det,rmse,5.761114738778819e-10
correlation_search_space_dimension,0.04999999999999998,0.01,0.1,1.0,2.0,0.175,0.0175,0.9,0.5,5.0,traj,APE,mean,0.060438056194719945
correlation_search_space_dimension,0.04999999999999998,0.01,0.1,1.0,2.0,0.175,0.0175,0.9,0.5,5.0,traj,APE,std_dev,0.03823868630350925
correlation_search_space_dimension,0.04999999999999998,0.01,0.1,1.0,2.0,0.175,0.0175,0.9,0.5,5.0,traj,APE,median,0.05164687441936397
correlation_search_space_dimension,0.04999999999999998,0.01,0.1,1.0,2.0,0.175,0.0175,0.9,0.5,5.0,traj,APE,min,8.131516293641283e-19
correlation_search_space_dimension,0.04999999999999998,0.01,0.1,1.0,2.0,0.175,0.0175,0.9,0.5,5.0,traj,APE,max,0.17913611580249544
correlation_search_space_dimension,0.04999999999999998,0.01,0.1,1.0,2.0,0.175,0.0175,0.9,0.5,5.0,traj,APE,rmse,0.07151891894327202
correlation_search_space_dimension,0.04999999999999998,0.01,0.1,1.0,2.0,0.175,0.0175,0.9,0.5,5.0,traj,RPE,mean,0.050572296238258714
correlation_search_space_dimension,0.04999999999999998,0.01,0.1,1.0,2.0,0.175,0.0175,0.9,0.5,5.0,traj,RPE,std_dev,0.02919913208428146
correlation_search_space_dimension,0.04999999999999998,0.01,0.1,1.0,2.0,0.175,0.0175,0.9,0.5,5.0,traj,RPE,median,0.04308447025370368
correlation_search_space_dimension,0.04999999999999998,0.01,0.1,1.0,2.0,0.175,0.0175,0.9,0.5,5.0,traj,RPE,min,0.012788399189614356
correlation_search_space_dimension,0.04999999999999998,0.01,0.1,1.0,2.0,0.175,0.0175,0.9,0.5,5.0,traj,RPE,max,0.17302453221696878
correlation_search_space_dimension,0.04999999999999998,0.01,0.1,1.0,2.0,0.175,0.0175,0.9,0.5,5.0,traj,RPE,rmse,0.05839645932148209
correlation_search_space_dimension,0.04999999999999998,0.01,0.1,1.0,2.0,0.175,0.0175,0.9,0.5,5.0,traj,num associated poses,mean,27.6
correlation_search_space_dimension,0.04999999999999998,0.01,0.1,1.0,2.0,0.175,0.0175,0.9,0.5,5.0,traj,num associated poses,std_dev,0.7999999999999999
correlation_search_space_dimension,0.04999999999999998,0.01,0.1,1.0,2.0,0.175,0.0175,0.9,0.5,5.0,traj,num associated poses,median,27.0
correlation_search_space_dimension,0.04999999999999998,0.01,0.1,1.0,2.0,0.175,0.0175,0.9,0.5,5.0,traj,num associated poses,min,27.0
correlation_search_space_dimension,0.04999999999999998,0.01,0.1,1.0,2.0,0.175,0.0175,0.9,0.5,5.0,traj,num associated poses,max,29.0
correlation_search_space_dimension,0.04999999999999998,0.01,0.1,1.0,2.0,0.175,0.0175,0.9,0.5,5.0,traj,num gt poses,mean,172.8
correlation_search_space_dimension,0.04999999999999998,0.01,0.1,1.0,2.0,0.175,0.0175,0.9,0.5,5.0,traj,num gt poses,std_dev,3.4871191548325386
correlation_search_space_dimension,0.04999999999999998,0.01,0.1,1.0,2.0,0.175,0.0175,0.9,0.5,5.0,traj,num gt poses,median,173.0
correlation_search_space_dimension,0.04999999999999998,0.01,0.1,1.0,2.0,0.175,0.0175,0.9,0.5,5.0,traj,num gt poses,min,169.0
correlation_search_space_dimension,0.04999999999999998,0.01,0.1,1.0,2.0,0.175,0.0175,0.9,0.5,5.0,traj,num gt poses,max,179.0
correlation_search_space_dimension,0.04999999999999998,0.01,0.1,1.0,2.0,0.175,0.0175,0.9,0.5,5.0,traj,odom accum path length (m),mean,11.548294
correlation_search_space_dimension,0.04999999999999998,0.01,0.1,1.0,2.0,0.175,0.0175,0.9,0.5,5.0,traj,odom accum path length (m),std_dev,0.09149827875320958
correlation_search_space_dimension,0.04999999999999998,0.01,0.1,1.0,2.0,0.175,0.0175,0.9,0.5,5.0,traj,odom accum path length (m),median,11.57011
correlation_search_space_dimension,0.04999999999999998,0.01,0.1,1.0,2.0,0.175,0.0175,0.9,0.5,5.0,traj,odom accum path length (m),min,11.414817
correlation_search_space_dimension,0.04999999999999998,0.01,0.1,1.0,2.0,0.175,0.0175,0.9,0.5,5.0,traj,odom accum path length (m),max,11.675236
correlation_search_space_dimension,0.04999999999999998,0.01,0.1,1.0,2.0,0.175,0.0175,0.9,0.5,5.0,traj,total rotation (rad),mean,9.4192582
correlation_search_space_dimension,0.04999999999999998,0.01,0.1,1.0,2.0,0.175,0.0175,0.9,0.5,5.0,traj,total rotation (rad),std_dev,0.5814318874617733
correlation_search_space_dimension,0.04999999999999998,0.01,0.1,1.0,2.0,0.175,0.0175,0.9,0.5,5.0,traj,total rotation (rad),median,9.15907
correlation_search_space_dimension,0.04999999999999998,0.01,0.1,1.0,2.0,0.175,0.0175,0.9,0.5,5.0,traj,total rotation (rad),min,8.742889
correlation_search_space_dimension,0.04999999999999998,0.01,0.1,1.0,2.0,0.175,0.0175,0.9,0.5,5.0,traj,total rotation (rad),max,10.410951
correlation_search_space_dimension,0.04999999999999998,0.01,0.1,1.0,2.0,0.175,0.0175,0.9,0.5,5.0,traj,duration (s),mean,23.7344
correlation_search_space_dimension,0.04999999999999998,0.01,0.1,1.0,2.0,0.175,0.0175,0.9,0.5,5.0,traj,duration (s),std_dev,0.4340703168842595
correlation_search_space_dimension,0.04999999999999998,0.01,0.1,1.0,2.0,0.175,0.0175,0.9,0.5,5.0,traj,duration (s),median,23.66
correlation_search_space_dimension,0.04999999999999998,0.01,0.1,1.0,2.0,0.175,0.0175,0.9,0.5,5.0,traj,duration (s),min,23.369999999999997
correlation_search_space_dimension,0.04999999999999998,0.01,0.1,1.0,2.0,0.175,0.0175,0.9,0.5,5.0,traj,duration (s),max,24.561000000000003
correlation_search_space_dimension,0.04999999999999998,0.01,0.1,1.0,2.0,0.175,0.0175,0.9,0.5,5.0,completion,successes,count,5.0
correlation_search_space_dimension,0.04999999999999998,0.01,0.1,1.0,2.0,0.175,0.0175,0.9,0.5,5.0,completion,failures,count,0.0
correlation_search_space_dimension,0.04999999999999998,0.01,0.1,1.0,2.0,0.175,0.0175,0.9,0.5,5.0,completion,errors,count,0.0
correlation_search_space_dimension,0.04999999999999998,0.01,0.1,1.0,2.0,0.175,0.0175,0.9,0.5,5.0,completion,data or metrics missing,count,0.0
correlation_search_space_dimension,0.04999999999999998,0.01,0.1,1.0,2.0,0.175,0.0175,0.9,0.5,5.0,latency,latency,mean,0.0037391304347826086
correlation_search_space_dimension,0.04999999999999998,0.01,0.1,1.0,2.0,0.175,0.0175,0.9,0.5,5.0,latency,latency,std_dev,0.0031514991781600213
correlation_search_space_dimension,0.04999999999999998,0.01,0.1,1.0,2.0,0.175,0.0175,0.9,0.5,5.0,latency,latency,median,0.003
correlation_search_space_dimension,0.04999999999999998,0.01,0.1,1.0,2.0,0.175,0.0175,0.9,0.5,5.0,latency,latency,min,0.0
correlation_search_space_dimension,0.04999999999999998,0.01,0.1,1.0,2.0,0.175,0.0175,0.9,0.5,5.0,latency,latency,max,0.017
correlation_search_space_dimension,0.04999999999999998,0.01,0.1,1.0,2.0,0.175,0.0175,0.9,0.5,5.0,cov,trace,mean,0.005485141843971631
correlation_search_space_dimension,0.04999999999999998,0.01,0.1,1.0,2.0,0.175,0.0175,0.9,0.5,5.0,cov,trace,std_dev,0.00148165657998574
correlation_search_space_dimension,0.04999999999999998,0.01,0.1,1.0,2.0,0.175,0.0175,0.9,0.5,5.0,cov,trace,median,0.005017
correlation_search_space_dimension,0.04999999999999998,0.01,0.1,1.0,2.0,0.175,0.0175,0.9,0.5,5.0,cov,trace,min,0.0025420000000000004
correlation_search_space_dimension,0.04999999999999998,0.01,0.1,1.0,2.0,0.175,0.0175,0.9,0.5,5.0,cov,trace,max,0.009621999999999999
correlation_search_space_dimension,0.04999999999999998,0.01,0.1,1.0,2.0,0.175,0.0175,0.9,0.5,5.0,cov,trace,rmse,0.005681732769983427
correlation_search_space_dimension,0.04999999999999998,0.01,0.1,1.0,2.0,0.175,0.0175,0.9,0.5,5.0,cov,det,mean,3.531709609787232e-10
correlation_search_space_dimension,0.04999999999999998,0.01,0.1,1.0,2.0,0.175,0.0175,0.9,0.5,5.0,cov,det,std_dev,2.741009520349465e-10
correlation_search_space_dimension,0.04999999999999998,0.01,0.1,1.0,2.0,0.175,0.0175,0.9,0.5,5.0,cov,det,median,2.745228679999996e-10
correlation_search_space_dimension,0.04999999999999998,0.01,0.1,1.0,2.0,0.175,0.0175,0.9,0.5,5.0,cov,det,min,4.873863399999989e-11
correlation_search_space_dimension,0.04999999999999998,0.01,0.1,1.0,2.0,0.175,0.0175,0.9,0.5,5.0,cov,det,max,2.1262315279999956e-09
correlation_search_space_dimension,0.04999999999999998,0.01,0.1,1.0,2.0,0.175,0.0175,0.9,0.5,5.0,cov,det,rmse,4.470582284055388e-10
correlation_search_space_dimension,0.07071067811865474,0.01,0.1,1.0,2.0,0.175,0.0175,0.9,0.5,5.0,traj,APE,mean,0.09088717712635308
correlation_search_space_dimension,0.07071067811865474,0.01,0.1,1.0,2.0,0.175,0.0175,0.9,0.5,5.0,traj,APE,std_dev,0.05696884283896097
correlation_search_space_dimension,0.07071067811865474,0.01,0.1,1.0,2.0,0.175,0.0175,0.9,0.5,5.0,traj,APE,median,0.07462667387343287
correlation_search_space_dimension,0.07071067811865474,0.01,0.1,1.0,2.0,0.175,0.0175,0.9,0.5,5.0,traj,APE,min,5.421010862427522e-20
correlation_search_space_dimension,0.07071067811865474,0.01,0.1,1.0,2.0,0.175,0.0175,0.9,0.5,5.0,traj,APE,max,0.23740257363825384
correlation_search_space_dimension,0.07071067811865474,0.01,0.1,1.0,2.0,0.175,0.0175,0.9,0.5,5.0,traj,APE,rmse,0.10726568892431221
correlation_search_space_dimension,0.07071067811865474,0.01,0.1,1.0,2.0,0.175,0.0175,0.9,0.5,5.0,traj,RPE,mean,0.05580988772493999
correlation_search_space_dimension,0.07071067811865474,0.01,0.1,1.0,2.0,0.175,0.0175,0.9,0.5,5.0,traj,RPE,std_dev,0.03603842749408342
correlation_search_space_dimension,0.07071067811865474,0.01,0.1,1.0,2.0,0.175,0.0175,0.9,0.5,5.0,traj,RPE,median,0.04601601212951832
correlation_search_space_dimension,0.07071067811865474,0.01,0.1,1.0,2.0,0.175,0.0175,0.9,0.5,5.0,traj,RPE,min,0.009866965977973517
correlation_search_space_dimension,0.07071067811865474,0.01,0.1,1.0,2.0,0.175,0.0175,0.9,0.5,5.0,traj,RPE,max,0.1898150929553854
correlation_search_space_dimension,0.07071067811865474,0.01,0.1,1.0,2.0,0.175,0.0175,0.9,0.5,5.0,traj,RPE,rmse,0.0664342669419684
correlation_search_space_dimension,0.07071067811865474,0.01,0.1,1.0,2.0,0.175,0.0175,0.9,0.5,5.0,traj,num associated poses,mean,29.2
correlation_search_space_dimension,0.07071067811865474,0.01,0.1,1.0,2.0,0.175,0.0175,0.9,0.5,5.0,traj,num associated poses,std_dev,3.4871191548325386
correlation_search_space_dimension,0.07071067811865474,0.01,0.1,1.0,2.0,0.175,0.0175,0.9,0.5,5.0,traj,num associated poses,median,27.0
correlation_search_space_dimension,0.07071067811865474,0.01,0.1,1.0,2.0,0.175,0.0175,0.9,0.5,5.0,traj,num associated poses,min,27.0
correlation_search_space_dimension,0.07071067811865474,0.01,0.1,1.0,2.0,0.175,0.0175,0.9,0.5,5.0,traj,num associated poses,max,36.0
correlation_search_space_dimension,0.07071067811865474,0.01,0.1,1.0,2.0,0.175,0.0175,0.9,0.5,5.0,traj,num gt poses,mean,180.8
correlation_search_space_dimension,0.07071067811865474,0.01,0.1,1.0,2.0,0.175,0.0175,0.9,0.5,5.0,traj,num gt poses,std_dev,14.729562111617575
correlation_search_space_dimension,0.07071067811865474,0.01,0.1,1.0,2.0,0.175,0.0175,0.9,0.5,5.0,traj,num gt poses,median,173.0
correlation_search_space_dimension,0.07071067811865474,0.01,0.1,1.0,2.0,0.175,0.0175,0.9,0.5,5.0,traj,num gt poses,min,171.0
correlation_search_space_dimension,0.07071067811865474,0.01,0.1,1.0,2.0,0.175,0.0175,0.9,0.5,5.0,traj,num gt poses,max,210.0
correlation_search_space_dimension,0.07071067811865474,0.01,0.1,1.0,2.0,0.175,0.0175,0.9,0.5,5.0,traj,odom accum path length (m),mean,11.666595599999999
correlation_search_space_dimension,0.07071067811865474,0.01,0.1,1.0,2.0,0.175,0.0175,0.9,0.5,5.0,traj,odom accum path length (m),std_dev,0.29539655107370477
correlation_search_space_dimension,0.07071067811865474,0.01,0.1,1.0,2.0,0.175,0.0175,0.9,0.5,5.0,traj,odom accum path length (m),median,11.567438
correlation_search_space_dimension,0.07071067811865474,0.01,0.1,1.0,2.0,0.175,0.0175,0.9,0.5,5.0,traj,odom accum path length (m),min,11.461624
correlation_search_space_dimension,0.07071067811865474,0.01,0.1,1.0,2.0,0.175,0.0175,0.9,0.5,5.0,traj,odom accum path length (m),max,12.250466
correlation_search_space_dimension,0.07071067811865474,0.01,0.1,1.0,2.0,0.175,0.0175,0.9,0.5,5.0,traj,total rotation (rad),mean,11.0796788
correlation_search_space_dimension,0.07071067811865474,0.01,0.1,1.0,2.0,0.175,0.0175,0.9,0.5,5.0,traj,total rotation (rad),std_dev,2.560878475035814
correlation_search_space_dimension,0.07071067811865474,0.01,0.1,1.0,2.0,0.175,0.0175,0.9,0.5,5.0,traj,total rotation (rad),median,9.82551
correlation_search_space_dimension,0.07071067811865474,0.01,0.1,1.0,2.0,0.175,0.0175,0.9,0.5,5.0,traj,total rotation (rad),min,9.250656
correlation_search_space_dimension,0.07071067811865474,0.01,0.1,1.0,2.0,0.175,0.0175,0.9,0.5,5.0,traj,total rotation (rad),max,16.141446
correlation_search_space_dimension,0.07071067811865474,0.01,0.1,1.0,2.0,0.175,0.0175,0.9,0.5,5.0,traj,duration (s),mean,24.854599999999998
correlation_search_space_dimension,0.07071067811865474,0.01,0.1,1.0,2.0,0.175,0.0175,0.9,0.5,5.0,traj,duration (s),std_dev,2.262736272745899
correlation_search_space_dimension,0.07071067811865474,0.01,0.1,1.0,2.0,0.175,0.0175,0.9,0.5,5.0,traj,duration (s),median,23.675999999999995
correlation_search_space_dimension,0.07071067811865474,0.01,0.1,1.0,2.0,0.175,0.0175,0.9,0.5,5.0,traj,duration (s),min,23.481
correlation_search_space_dimension,0.07071067811865474,0.01,0.1,1.0,2.0,0.175,0.0175,0.9,0.5,5.0,traj,duration (s),max,29.345000000000002
correlation_search_space_dimension,0.07071067811865474,0.01,0.1,1.0,2.0,0.175,0.0175,0.9,0.5,5.0,completion,successes,count,5.0
correlation_search_space_dimension,0.07071067811865474,0.01,0.1,1.0,2.0,0.175,0.0175,0.9,0.5,5.0,completion,failures,count,0.0
correlation_search_space_dimension,0.07071067811865474,0.01,0.1,1.0,2.0,0.175,0.0175,0.9,0.5,5.0,completion,errors,count,0.0
correlation_search_space_dimension,0.07071067811865474,0.01,0.1,1.0,2.0,0.175,0.0175,0.9,0.5,5.0,completion,data or metrics missing,count,0.0
correlation_search_space_dimension,0.07071067811865474,0.01,0.1,1.0,2.0,0.175,0.0175,0.9,0.5,5.0,latency,latency,mean,0.00528082191780822
correlation_search_space_dimension,0.07071067811865474,0.01,0.1,1.0,2.0,0.175,0.0175,0.9,0.5,5.0,latency,latency,std_dev,0.007473921006731478
correlation_search_space_dimension,0.07071067811865474,0.01,0.1,1.0,2.0,0.175,0.0175,0.9,0.5,5.0,latency,latency,median,0.003
correlation_search_space_dimension,0.07071067811865474,0.01,0.1,1.0,2.0,0.175,0.0175,0.9,0.5,5.0,latency,latency,min,0.0
correlation_search_space_dimension,0.07071067811865474,0.01,0.1,1.0,2.0,0.175,0.0175,0.9,0.5,5.0,latency,latency,max,0.077
correlation_search_space_dimension,0.07071067811865474,0.01,0.1,1.0,2.0,0.175,0.0175,0.9,0.5,5.0,cov,trace,mean,0.005522060402684563
correlation_search_space_dimension,0.07071067811865474,0.01,0.1,1.0,2.0,0.175,0.0175,0.9,0.5,5.0,cov,trace,std_dev,0.0019193024467909054
correlation_search_space_dimension,0.07071067811865474,0.01,0.1,1.0,2.0,0.175,0.0175,0.9,0.5,5.0,cov,trace,median,0.00491
correlation_search_space_dimension,0.07071067811865474,0.01,0.1,1.0,2.0,0.175,0.0175,0.9,0.5,5.0,cov,trace,min,0.002475
correlation_search_space_dimension,0.07071067811865474,0.01,0.1,1.0,2.0,0.175,0.0175,0.9,0.5,5.0,cov,trace,max,0.017373
correlation_search_space_dimension,0.07071067811865474,0.01,0.1,1.0,2.0,0.175,0.0175,0.9,0.5,5.0,cov,trace,rmse,0.005846098953417943
correlation_search_space_dimension,0.07071067811865474,0.01,0.1,1.0,2.0,0.175,0.0175,0.9,0.5,5.0,cov,det,mean,3.478670529798657e-10
correlation_search_space_dimension,0.07071067811865474,0.01,0.1,1.0,2.0,0.175,0.0175,0.9,0.5,5.0,cov,det,std_dev,2.821502855441628e-10
correlation_search_space_dimension,0.07071067811865474,0.01,0.1,1.0,2.0,0.175,0.0175,0.9,0.5,5.0,cov,det,median,2.4472051200000015e-10
correlation_search_space_dimension,0.07071067811865474,0.01,0.1,1.0,2.0,0.175,0.0175,0.9,0.5,5.0,cov,det,min,4.5852316999999976e-11
correlation_search_space_dimension,0.07071067811865474,0.01,0.1,1.0,2.0,0.175,0.0175,0.9,0.5,5.0,cov,det,max,1.7277217840000039e-09
correlation_search_space_dimension,0.07071067811865474,0.01,0.1,1.0,2.0,0.175,0.0175,0.9,0.5,5.0,cov,det,rmse,4.479065417936528e-10
correlation_search_space_dimension,0.09999999999999999,0.01,0.1,1.0,2.0,0.175,0.0175,0.9,0.5,5.0,traj,APE,mean,0.07574631775008701
correlation_search_space_dimension,0.09999999999999999,0.01,0.1,1.0,2.0,0.175,0.0175,0.9,0.5,5.0,traj,APE,std_dev,0.051958995794825096
correlation_search_space_dimension,0.09999999999999999,0.01,0.1,1.0,2.0,0.175,0.0175,0.9,0.5,5.0,traj,APE,median,0.057096483791239064
correlation_search_space_dimension,0.09999999999999999,0.01,0.1,1.0,2.0,0.175,0.0175,0.9,0.5,5.0,traj,APE,min,5.421010862427522e-20
correlation_search_space_dimension,0.09999999999999999,0.01,0.1,1.0,2.0,0.175,0.0175,0.9,0.5,5.0,traj,APE,max,0.23416106479765114
correlation_search_space_dimension,0.09999999999999999,0.01,0.1,1.0,2.0,0.175,0.0175,0.9,0.5,5.0,traj,APE,rmse,0.09185446040723226
correlation_search_space_dimension,0.09999999999999999,0.01,0.1,1.0,2.0,0.175,0.0175,0.9,0.5,5.0,traj,RPE,mean,0.05363887814444933
correlation_search_space_dimension,0.09999999999999999,0.01,0.1,1.0,2.0,0.175,0.0175,0.9,0.5,5.0,traj,RPE,std_dev,0.03405326443466527
correlation_search_space_dimension,0.09999999999999999,0.01,0.1,1.0,2.0,0.175,0.0175,0.9,0.5,5.0,traj,RPE,median,0.04361161495273433
correlation_search_space_dimension,0.09999999999999999,0.01,0.1,1.0,2.0,0.175,0.0175,0.9,0.5,5.0,traj,RPE,min,0.008068216435711024
correlation_search_space_dimension,0.09999999999999999,0.01,0.1,1.0,2.0,0.175,0.0175,0.9,0.5,5.0,traj,RPE,max,0.2171092839330506
correlation_search_space_dimension,0.09999999999999999,0.01,0.1,1.0,2.0,0.175,0.0175,0.9,0.5,5.0,traj,RPE,rmse,0.06353545519827747
correlation_search_space_dimension,0.09999999999999999,0.01,0.1,1.0,2.0,0.175,0.0175,0.9,0.5,5.0,traj,num associated poses,mean,28.4
correlation_search_space_dimension,0.09999999999999999,0.01,0.1,1.0,2.0,0.175,0.0175,0.9,0.5,5.0,traj,num associated poses,std_dev,0.4898979485566356
correlation_search_space_dimension,0.09999999999999999,0.01,0.1,1.0,2.0,0.175,0.0175,0.9,0.5,5.0,traj,num associated poses,median,28.0
correlation_search_space_dimension,0.09999999999999999,0.01,0.1,1.0,2.0,0.175,0.0175,0.9,0.5,5.0,traj,num associated poses,min,28.0
correlation_search_space_dimension,0.09999999999999999,0.01,0.1,1.0,2.0,0.175,0.0175,0.9,0.5,5.0,traj,num associated poses,max,29.0
correlation_search_space_dimension,0.09999999999999999,0.01,0.1,1.0,2.0,0.175,0.0175,0.9,0.5,5.0,traj,num gt poses,mean,176.4
correlation_search_space_dimension,0.09999999999999999,0.01,0.1,1.0,2.0,0.175,0.0175,0.9,0.5,5.0,traj,num gt poses,std_dev,3.2
correlation_search_space_dimension,0.09999999999999999,0.01,0.1,1.0,2.0,0.175,0.0175,0.9,0.5,5.0,traj,num gt poses,median,175.0
correlation_search_space_dimension,0.09999999999999999,0.01,0.1,1.0,2.0,0.175,0.0175,0.9,0.5,5.0,traj,num gt poses,min,172.0
correlation_search_space_dimension,0.09999999999999999,0.01,0.1,1.0,2.0,0.175,0.0175,0.9,0.5,5.0,traj,num gt poses,max,181.0
correlation_search_space_dimension,0.09999999999999999,0.01,0.1,1.0,2.0,0.175,0.0175,0.9,0.5,5.0,traj,odom accum path length (m),mean,11.6295578
correlation_search_space_dimension,0.09999999999999999,0.01,0.1,1.0,2.0,0.175,0.0175,0.9,0.5,5.0,traj,odom accum path length (m),std_dev,0.049982544074506446
correlation_search_space_dimension,0.09999999999999999,0.01,0.1,1.0,2.0,0.175,0.0175,0.9,0.5,5.0,traj,odom accum path length (m),median,11.636766
correlation_search_space_dimension,0.09999999999999999,0.01,0.1,1.0,2.0,0.175,0.0175,0.9,0.5,5.0,traj,odom accum path length (m),min,11.549502
correlation_search_space_dimension,0.09999999999999999,0.01,0.1,1.0,2.0,0.175,0.0175,0.9,0.5,5.0,traj,odom accum path length (m),max,11.70482
correlation_search_space_dimension,0.09999999999999999,0.01,0.1,1.0,2.0,0.175,0.0175,0.9,0.5,5.0,traj,total rotation (rad),mean,10.0768342
correlation_search_space_dimension,0.09999999999999999,0.01,0.1,1.0,2.0,0.175,0.0175,0.9,0.5,5.0,traj,total rotation (rad),std_dev,0.42407681292680943
correlation_search_space_dimension,0.09999999999999999,0.01,0.1,1.0,2.0,0.175,0.0175,0.9,0.5,5.0,traj,total rotation (rad),median,10.077952
correlation_search_space_dimension,0.09999999999999999,0.01,0.1,1.0,2.0,0.175,0.0175,0.9,0.5,5.0,traj,total rotation (rad),min,9.363283
correlation_search_space_dimension,0.09999999999999999,0.01,0.1,1.0,2.0,0.175,0.0175,0.9,0.5,5.0,traj,total rotation (rad),max,10.691771
correlation_search_space_dimension,0.09999999999999999,0.01,0.1,1.0,2.0,0.175,0.0175,0.9,0.5,5.0,traj,duration (s),mean,24.2206
correlation_search_space_dimension,0.09999999999999999,0.01,0.1,1.0,2.0,0.175,0.0175,0.9,0.5,5.0,traj,duration (s),std_dev,0.4283898224748125
correlation_search_space_dimension,0.09999999999999999,0.01,0.1,1.0,2.0,0.175,0.0175,0.9,0.5,5.0,traj,duration (s),median,24.122
correlation_search_space_dimension,0.09999999999999999,0.01,0.1,1.0,2.0,0.175,0.0175,0.9,0.5,5.0,traj,duration (s),min,23.769
correlation_search_space_dimension,0.09999999999999999,0.01,0.1,1.0,2.0,0.175,0.0175,0.9,0.5,5.0,traj,duration (s),max,24.947000000000003
correlation_search_space_dimension,0.09999999999999999,0.01,0.1,1.0,2.0,0.175,0.0175,0.9,0.5,5.0,completion,successes,count,5.0
correlation_search_space_dimension,0.09999999999999999,0.01,0.1,1.0,2.0,0.175,0.0175,0.9,0.5,5.0,completion,failures,count,0.0
correlation_search_space_dimension,0.09999999999999999,0.01,0.1,1.0,2.0,0.175,0.0175,0.9,0.5,5.0,completion,errors,count,0.0
correlation_search_space_dimension,0.09999999999999999,0.01,0.1,1.0,2.0,0.175,0.0175,0.9,0.5,5.0,completion,data or metrics missing,count,0.0
correlation_search_space_dimension,0.09999999999999999,0.01,0.1,1.0,2.0,0.175,0.0175,0.9,0.5,5.0,latency,latency,mean,0.004133802816901408
correlation_search_space_dimension,0.09999999999999999,0.01,0.1,1.0,2.0,0.175,0.0175,0.9,0.5,5.0,latency,latency,std_dev,0.0027430549260479653
correlation_search_space_dimension,0.09999999999999999,0.01,0.1,1.0,2.0,0.175,0.0175,0.9,0.5,5.0,latency,latency,median,0.003
correlation_search_space_dimension,0.09999999999999999,0.01,0.1,1.0,2.0,0.175,0.0175,0.9,0.5,5.0,latency,latency,min,0.0
correlation_search_space_dimension,0.09999999999999999,0.01,0.1,1.0,2.0,0.175,0.0175,0.9,0.5,5.0,latency,latency,max,0.017
correlation_search_space_dimension,0.09999999999999999,0.01,0.1,1.0,2.0,0.175,0.0175,0.9,0.5,5.0,cov,trace,mean,0.005624006849315068
correlation_search_space_dimension,0.09999999999999999,0.01,0.1,1.0,2.0,0.175,0.0175,0.9,0.5,5.0,cov,trace,std_dev,0.0020745726990189406
correlation_search_space_dimension,0.09999999999999999,0.01,0.1,1.0,2.0,0.175,0.0175,0.9,0.5,5.0,cov,trace,median,0.0049875
correlation_search_space_dimension,0.09999999999999999,0.01,0.1,1.0,2.0,0.175,0.0175,0.9,0.5,5.0,cov,trace,min,0.002488
correlation_search_space_dimension,0.09999999999999999,0.01,0.1,1.0,2.0,0.175,0.0175,0.9,0.5,5.0,cov,trace,max,0.020826
correlation_search_space_dimension,0.09999999999999999,0.01,0.1,1.0,2.0,0.175,0.0175,0.9,0.5,5.0,cov,trace,rmse,0.005994439500458533
correlation_search_space_dimension,0.09999999999999999,0.01,0.1,1.0,2.0,0.175,0.0175,0.9,0.5,5.0,cov,det,mean,3.5586771443835604e-10
correlation_search_space_dimension,0.09999999999999999,0.01,0.1,1.0,2.0,0.175,0.0175,0.9,0.5,5.0,cov,det,std_dev,3.259073307375474e-10
correlation_search_space_dimension,0.09999999999999999,0.01,0.1,1.0,2.0,0.175,0.0175,0.9,0.5,5.0,cov,det,median,2.6865872050000014e-10
correlation_search_space_dimension,0.09999999999999999,0.01,0.1,1.0,2.0,0.175,0.0175,0.9,0.5,5.0,cov,det,min,5.122777899999999e-11
correlation_search_space_dimension,0.09999999999999999,0.01,0.1,1.0,2.0,0.175,0.0175,0.9,0.5,5.0,cov,det,max,2.7351156679999975e-09
correlation_search_space_dimension,0.09999999999999999,0.01,0.1,1.0,2.0,0.175,0.0175,0.9,0.5,5.0,cov,det,rmse,4.825530213438233e-10
correlation_search_space_dimension,0.1414213562373095,0.01,0.1,1.0,2.0,0.175,0.0175,0.9,0.5,5.0,traj,APE,mean,0.07220288176439418
correlation_search_space_dimension,0.1414213562373095,0.01,0.1,1.0,2.0,0.175,0.0175,0.9,0.5,5.0,traj,APE,std_dev,0.05460371332113706
correlation_search_space_dimension,0.1414213562373095,0.01,0.1,1.0,2.0,0.175,0.0175,0.9,0.5,5.0,traj,APE,median,0.056314419855724746
correlation_search_space_dimension,0.1414213562373095,0.01,0.1,1.0,2.0,0.175,0.0175,0.9,0.5,5.0,traj,APE,min,5.421010862427522e-20
correlation_search_space_dimension,0.1414213562373095,0.01,0.1,1.0,2.0,0.175,0.0175,0.9,0.5,5.0,traj,APE,max,0.2425824378233615
correlation_search_space_dimension,0.1414213562373095,0.01,0.1,1.0,2.0,0.175,0.0175,0.9,0.5,5.0,traj,APE,rmse,0.09052525417550622
correlation_search_space_dimension,0.1414213562373095,0.01,0.1,1.0,2.0,0.175,0.0175,0.9,0.5,5.0,traj,RPE,mean,0.05243786108708734
correlation_search_space_dimension,0.1414213562373095,0.01,0.1,1.0,2.0,0.175,0.0175,0.9,0.5,5.0,traj,RPE,std_dev,0.03375516239783659
correlation_search_space_dimension,0.1414213562373095,0.01,0.1,1.0,2.0,0.175,0.0175,0.9,0.5,5.0,traj,RPE,median,0.04332960380795812
correlation_search_space_dimension,0.1414213562373095,0.01,0.1,1.0,2.0,0.175,0.0175,0.9,0.5,5.0,traj,RPE,min,0.0055868822933003255
correlation_search_space_dimension,0.1414213562373095,0.01,0.1,1.0,2.0,0.175,0.0175,0.9,0.5,5.0,traj,RPE,max,0.20658279419100717
correlation_search_space_dimension,0.1414213562373095,0.01,0.1,1.0,2.0,0.175,0.0175,0.9,0.5,5.0,traj,RPE,rmse,0.062362971897537006
correlation_search_space_dimension,0.1414213562373095,0.01,0.1,1.0,2.0,0.175,0.0175,0.9,0.5,5.0,traj,num associated poses,mean,28.25
correlation_search_space_dimension,0.1414213562373095,0.01,0.1,1.0,2.0,0.175,0.0175,0.9,0.5,5.0,traj,num associated poses,std_dev,0.82915619758885
correlation_search_space_dimension,0.1414213562373095,0.01,0.1,1.0,2.0,0.175,0.0175,0.9,0.5,5.0,traj,num associated poses,median,28.5
correlation_search_space_dimension,0.1414213562373095,0.01,0.1,1.0,2.0,0.175,0.0175,0.9,0.5,5.0,traj,num associated poses,min,27.0
correlation_search_space_dimension,0.1414213562373095,0.01,0.1,1.0,2.0,0.175,0.0175,0.9,0.5,5.0,traj,num associated poses,max,29.0
correlation_search_space_dimension,0.1414213562373095,0.01,0.1,1.0,2.0,0.175,0.0175,0.9,0.5,5.0,traj,num gt poses,mean,172.75
correlation_search_space_dimension,0.1414213562373095,0.01,0.1,1.0,2.0,0.175,0.0175,0.9,0.5,5.0,traj,num gt poses,std_dev,0.4330127018922193
correlation_search_space_dimension,0.1414213562373095,0.01,0.1,1.0,2.0,0.175,0.0175,0.9,0.5,5.0,traj,num gt poses,median,173.0
correlation_search_space_dimension,0.1414213562373095,0.01,0.1,1.0,2.0,0.175,0.0175,0.9,0.5,5.0,traj,num gt poses,min,172.0
correlation_search_space_dimension,0.1414213562373095,0.01,0.1,1.0,2.0,0.175,0.0175,0.9,0.5,5.0,traj,num gt poses,max,173.0
correlation_search_space_dimension,0.1414213562373095,0.01,0.1,1.0,2.0,0.175,0.0175,0.9,0.5,5.0,traj,odom accum path length (m),mean,11.58997875
correlation_search_space_dimension,0.1414213562373095,0.01,0.1,1.0,2.0,0.175,0.0175,0.9,0.5,5.0,traj,odom accum path length (m),std_dev,0.04386482793409224
correlation_search_space_dimension,0.1414213562373095,0.01,0.1,1.0,2.0,0.175,0.0175,0.9,0.5,5.0,traj,odom accum path length (m),median,11.578452500000001
correlation_search_space_dimension,0.1414213562373095,0.01,0.1,1.0,2.0,0.175,0.0175,0.9,0.5,5.0,traj,odom accum path length (m),min,11.541748
correlation_search_space_dimension,0.1414213562373095,0.01,0.1,1.0,2.0,0.175,0.0175,0.9,0.5,5.0,traj,odom accum path length (m),max,11.661262
correlation_search_space_dimension,0.1414213562373095,0.01,0.1,1.0,2.0,0.175,0.0175,0.9,0.5,5.0,traj,total rotation (rad),mean,9.621576000000001
correlation_search_space_dimension,0.1414213562373095,0.01,0.1,1.0,2.0,0.175,0.0175,0.9,0.5,5.0,traj,total rotation (rad),std_dev,0.491806951023976
correlation_search_space_dimension,0.1414213562373095,0.01,0.1,1.0,2.0,0.175,0.0175,0.9,0.5,5.0,traj,total rotation (rad),median,9.4134985
correlation_search_space_dimension,0.1414213562373095,0.01,0.1,1.0,2.0,0.175,0.0175,0.9,0.5,5.0,traj,total rotation (rad),min,9.21704
correlation_search_space_dimension,0.1414213562373095,0.01,0.1,1.0,2.0,0.175,0.0175,0.9,0.5,5.0,traj,total rotation (rad),max,10.442267
correlation_search_space_dimension,0.1414213562373095,0.01,0.1,1.0,2.0,0.175,0.0175,0.9,0.5,5.0,traj,duration (s),mean,23.773250000000004
correlation_search_space_dimension,0.1414213562373095,0.01,0.1,1.0,2.0,0.175,0.0175,0.9,0.5,5.0,traj,duration (s),std_dev,0.1657141741071055
correlation_search_space_dimension,0.1414213562373095,0.01,0.1,1.0,2.0,0.175,0.0175,0.9,0.5,5.0,traj,duration (s),median,23.837500000000002
correlation_search_space_dimension,0.1414213562373095,0.01,0.1,1.0,2.0,0.175,0.0175,0.9,0.5,5.0,traj,duration (s),min,23.497
correlation_search_space_dimension,0.1414213562373095,0.01,0.1,1.0,2.0,0.175,0.0175,0.9,0.5,5.0,traj,duration (s),max,23.921
correlation_search_space_dimension,0.1414213562373095,0.01,0.1,1.0,2.0,0.175,0.0175,0.9,0.5,5.0,completion,successes,count,4.0
correlation_search_space_dimension,0.1414213562373095,0.01,0.1,1.0,2.0,0.175,0.0175,0.9,0.5,5.0,completion,failures,count,0.0
correlation_search_space_dimension,0.1414213562373095,0.01,0.1,1.0,2.0,0.175,0.0175,0.9,0.5,5.0,completion,errors,count,1.0
correlation_search_space_dimension,0.1414213562373095,0.01,0.1,1.0,2.0,0.175,0.0175,0.9,0.5,5.0,completion,data or metrics missing,count,1.0
correlation_search_space_dimension,0.1414213562373095,0.01,0.1,1.0,2.0,0.175,0.0175,0.9,0.5,5.0,latency,latency,mean,0.004424778761061947
correlation_search_space_dimension,0.1414213562373095,0.01,0.1,1.0,2.0,0.175,0.0175,0.9,0.5,5.0,latency,latency,std_dev,0.002106901049100159
correlation_search_space_dimension,0.1414213562373095,0.01,0.1,1.0,2.0,0.175,0.0175,0.9,0.5,5.0,latency,latency,median,0.004
correlation_search_space_dimension,0.1414213562373095,0.01,0.1,1.0,2.0,0.175,0.0175,0.9,0.5,5.0,latency,latency,min,0.001
correlation_search_space_dimension,0.1414213562373095,0.01,0.1,1.0,2.0,0.175,0.0175,0.9,0.5,5.0,latency,latency,max,0.013000000000000001
correlation_search_space_dimension,0.1414213562373095,0.01,0.1,1.0,2.0,0.175,0.0175,0.9,0.5,5.0,cov,trace,mean,0.005680606837606837
correlation_search_space_dimension,0.1414213562373095,0.01,0.1,1.0,2.0,0.175,0.0175,0.9,0.5,5.0,cov,trace,std_dev,0.0021559420688872163
correlation_search_space_dimension,0.1414213562373095,0.01,0.1,1.0,2.0,0.175,0.0175,0.9,0.5,5.0,cov,trace,median,0.004980999999999999
correlation_search_space_dimension,0.1414213562373095,0.01,0.1,1.0,2.0,0.175,0.0175,0.9,0.5,5.0,cov,trace,min,0.0029519999999999998
correlation_search_space_dimension,0.1414213562373095,0.01,0.1,1.0,2.0,0.175,0.0175,0.9,0.5,5.0,cov,trace,max,0.020633
correlation_search_space_dimension,0.1414213562373095,0.01,0.1,1.0,2.0,0.175,0.0175,0.9,0.5,5.0,cov,trace,rmse,0.006075967433081191
correlation_search_space_dimension,0.1414213562373095,0.01,0.1,1.0,2.0,0.175,0.0175,0.9,0.5,5.0,cov,det,mean,3.8588941394017073e-10
correlation_search_space_dimension,0.1414213562373095,0.01,0.1,1.0,2.0,0.175,0.0175,0.9,0.5,5.0,cov,det,std_dev,4.2360499326178033e-10
correlation_search_space_dimension,0.1414213562373095,0.01,0.1,1.0,2.0,0.175,0.0175,0.9,0.5,5.0,cov,det,median,2.854685539999992e-10
correlation_search_space_dimension,0.1414213562373095,0.01,0.1,1.0,2.0,0.175,0.0175,0.9,0.5,5.0,cov,det,min,8.110195200000008e-11
correlation_search_space_dimension,0.1414213562373095,0.01,0.1,1.0,2.0,0.175,0.0175,0.9,0.5,5.0,cov,det,max,3.9948453770000105e-09
correlation_search_space_dimension,0.1414213562373095,0.01,0.1,1.0,2.0,0.175,0.0175,0.9,0.5,5.0,cov,det,rmse,5.730199212133917e-10
correlation_search_space_dimension,0.2,0.01,0.1,1.0,2.0,0.175,0.0175,0.9,0.5,5.0,traj,APE,mean,0.06432593022019936
correlation_search_space_dimension,0.2,0.01,0.1,1.0,2.0,0.175,0.0175,0.9,0.5,5.0,traj,APE,std_dev,0.049201597822216295
correlation_search_space_dimension,0.2,0.01,0.1,1.0,2.0,0.175,0.0175,0.9,0.5,5.0,traj,APE,median,0.04871131338740216
correlation_search_space_dimension,0.2,0.01,0.1,1.0,2.0,0.175,0.0175,0.9,0.5,5.0,traj,APE,min,5.421010862427522e-20
correlation_search_space_dimension,0.2,0.01,0.1,1.0,2.0,0.175,0.0175,0.9,0.5,5.0,traj,APE,max,0.22141220576502815
correlation_search_space_dimension,0.2,0.01,0.1,1.0,2.0,0.175,0.0175,0.9,0.5,5.0,traj,APE,rmse,0.08098532291071683
correlation_search_space_dimension,0.2,0.01,0.1,1.0,2.0,0.175,0.0175,0.9,0.5,5.0,traj,RPE,mean,0.04533399626896608
correlation_search_space_dimension,0.2,0.01,0.1,1.0,2.0,0.175,0.0175,0.9,0.5,5.0,traj,RPE,std_dev,0.027307513272555706
correlation_search_space_dimension,0.2,0.01,0.1,1.0,2.0,0.175,0.0175,0.9,0.5,5.0,traj,RPE,median,0.03705389884891161
correlation_search_space_dimension,0.2,0.01,0.1,1.0,2.0,0.175,0.0175,0.9,0.5,5.0,traj,RPE,min,0.016927344071949096
correlation_search_space_dimension,0.2,0.01,0.1,1.0,2.0,0.175,0.0175,0.9,0.5,5.0,traj,RPE,max,0.16876264026869256
correlation_search_space_dimension,0.2,0.01,0.1,1.0,2.0,0.175,0.0175,0.9,0.5,5.0,traj,RPE,rmse,0.052923260470661065
correlation_search_space_dimension,0.2,0.01,0.1,1.0,2.0,0.175,0.0175,0.9,0.5,5.0,traj,num associated poses,mean,28.2
correlation_search_space_dimension,0.2,0.01,0.1,1.0,2.0,0.175,0.0175,0.9,0.5,5.0,traj,num associated poses,std_dev,0.7483314773547883
correlation_search_space_dimension,0.2,0.01,0.1,1.0,2.0,0.175,0.0175,0.9,0.5,5.0,traj,num associated poses,median,28.0
correlation_search_space_dimension,0.2,0.01,0.1,1.0,2.0,0.175,0.0175,0.9,0.5,5.0,traj,num associated poses,min,27.0
correlation_search_space_dimension,0.2,0.01,0.1,1.0,2.0,0.175,0.0175,0.9,0.5,5.0,traj,num associated poses,max,29.0
correlation_search_space_dimension,0.2,0.01,0.1,1.0,2.0,0.175,0.0175,0.9,0.5,5.0,traj,num gt poses,mean,177.8
correlation_search_space_dimension,0.2,0.01,0.1,1.0,2.0,0.175,0.0175,0.9,0.5,5.0,traj,num gt poses,std_dev,7.166589146867567
correlation_search_space_dimension,0.2,0.01,0.1,1.0,2.0,0.175,0.0175,0.9,0.5,5.0,traj,num gt poses,median,174.0
correlation_search_space_dimension,0.2,0.01,0.1,1.0,2.0,0.175,0.0175,0.9,0.5,5.0,traj,num gt poses,min,173.0
correlation_search_space_dimension,0.2,0.01,0.1,1.0,2.0,0.175,0.0175,0.9,0.5,5.0,traj,num gt poses,max,192.0
correlation_search_space_dimension,0.2,0.01,0.1,1.0,2.0,0.175,0.0175,0.9,0.5,5.0,traj,odom accum path length (m),mean,11.5984596
correlation_search_space_dimension,0.2,0.01,0.1,1.0,2.0,0.175,0.0175,0.9,0.5,5.0,traj,odom accum path length (m),std_dev,0.061757114445544097
correlation_search_space_dimension,0.2,0.01,0.1,1.0,2.0,0.175,0.0175,0.9,0.5,5.0,traj,odom accum path length (m),median,11.605412
correlation_search_space_dimension,0.2,0.01,0.1,1.0,2.0,0.175,0.0175,0.9,0.5,5.0,traj,odom accum path length (m),min,11.501655
correlation_search_space_dimension,0.2,0.01,0.1,1.0,2.0,0.175,0.0175,0.9,0.5,5.0,traj,odom accum path length (m),max,11.673657
correlation_search_space_dimension,0.2,0.01,0.1,1.0,2.0,0.175,0.0175,0.9,0.5,5.0,traj,total rotation (rad),mean,9.8675696
correlation_search_space_dimension,0.2,0.01,0.1,1.0,2.0,0.175,0.0175,0.9,0.5,5.0,traj,total rotation (rad),std_dev,0.6435648403238324
correlation_search_space_dimension,0.2,0.01,0.1,1.0,2.0,0.175,0.0175,0.9,0.5,5.0,traj,total rotation (rad),median,9.611283
correlation_search_space_dimension,0.2,0.01,0.1,1.0,2.0,0.175,0.0175,0.9,0.5,5.0,traj,total rotation (rad),min,9.365816
correlation_search_space_dimension,0.2,0.01,0.1,1.0,2.0,0.175,0.0175,0.9,0.5,5.0,traj,total rotation (rad),max,11.121195
correlation_search_space_dimension,0.2,0.01,0.1,1.0,2.0,0.175,0.0175,0.9,0.5,5.0,traj,duration (s),mean,24.360599999999998
correlation_search_space_dimension,0.2,0.01,0.1,1.0,2.0,0.175,0.0175,0.9,0.5,5.0,traj,duration (s),std_dev,0.9404953163094443
correlation_search_space_dimension,0.2,0.01,0.1,1.0,2.0,0.175,0.0175,0.9,0.5,5.0,traj,duration (s),median,23.911
correlation_search_space_dimension,0.2,0.01,0.1,1.0,2.0,0.175,0.0175,0.9,0.5,5.0,traj,duration (s),min,23.704
correlation_search_space_dimension,0.2,0.01,0.1,1.0,2.0,0.175,0.0175,0.9,0.5,5.0,traj,duration (s),max,26.212000000000003
correlation_search_space_dimension,0.2,0.01,0.1,1.0,2.0,0.175,0.0175,0.9,0.5,5.0,completion,successes,count,5.0
correlation_search_space_dimension,0.2,0.01,0.1,1.0,2.0,0.175,0.0175,0.9,0.5,5.0,completion,failures,count,0.0
correlation_search_space_dimension,0.2,0.01,0.1,1.0,2.0,0.175,0.0175,0.9,0.5,5.0,completion,errors,count,0.0
correlation_search_space_dimension,0.2,0.01,0.1,1.0,2.0,0.175,0.0175,0.9,0.5,5.0,completion,data or metrics missing,count,0.0
correlation_search_space_dimension,0.2,0.01,0.1,1.0,2.0,0.175,0.0175,0.9,0.5,5.0,latency,latency,mean,0.005390070921985816
correlation_search_space_dimension,0.2,0.01,0.1,1.0,2.0,0.175,0.0175,0.9,0.5,5.0,latency,latency,std_dev,0.003582409842362822
correlation_search_space_dimension,0.2,0.01,0.1,1.0,2.0,0.175,0.0175,0.9,0.5,5.0,latency,latency,median,0.004
correlation_search_space_dimension,0.2,0.01,0.1,1.0,2.0,0.175,0.0175,0.9,0.5,5.0,latency,latency,min,0.0
correlation_search_space_dimension,0.2,0.01,0.1,1.0,2.0,0.175,0.0175,0.9,0.5,5.0,latency,latency,max,0.016
correlation_search_space_dimension,0.2,0.01,0.1,1.0,2.0,0.175,0.0175,0.9,0.5,5.0,cov,trace,mean,0.0056032137931034485
correlation_search_space_dimension,0.2,0.01,0.1,1.0,2.0,0.175,0.0175,0.9,0.5,5.0,cov,trace,std_dev,0.001967658304322265
correlation_search_space_dimension,0.2,0.01,0.1,1.0,2.0,0.175,0.0175,0.9,0.5,5.0,cov,trace,median,0.005052999999999999
correlation_search_space_dimension,0.2,0.01,0.1,1.0,2.0,0.175,0.0175,0.9,0.5,5.0,cov,trace,min,0.0030459999999999997
correlation_search_space_dimension,0.2,0.01,0.1,1.0,2.0,0.175,0.0175,0.9,0.5,5.0,cov,trace,max,0.020301
correlation_search_space_dimension,0.2,0.01,0.1,1.0,2.0,0.175,0.0175,0.9,0.5,5.0,cov,trace,rmse,0.005938660119403459
correlation_search_space_dimension,0.2,0.01,0.1,1.0,2.0,0.175,0.0175,0.9,0.5,5.0,cov,det,mean,3.537199225379309e-10
correlation_search_space_dimension,0.2,0.01,0.1,1.0,2.0,0.175,0.0175,0.9,0.5,5.0,cov,det,std_dev,3.006075512875238e-10
correlation_search_space_dimension,0.2,0.01,0.1,1.0,2.0,0.175,0.0175,0.9,0.5,5.0,cov,det,median,2.438746879999998e-10
correlation_search_space_dimension,0.2,0.01,0.1,1.0,2.0,0.175,0.0175,0.9,0.5,5.0,cov,det,min,8.501135599999981e-11
correlation_search_space_dimension,0.2,0.01,0.1,1.0,2.0,0.175,0.0175,0.9,0.5,5.0,cov,det,max,1.900254473999998e-09
correlation_search_space_dimension,0.2,0.01,0.1,1.0,2.0,0.175,0.0175,0.9,0.5,5.0,cov,det,rmse,4.6420112396602517e-10
correlation_search_space_dimension,0.28284271247461906,0.01,0.1,1.0,2.0,0.175,0.0175,0.9,0.5,5.0,traj,APE,mean,0.08393221626536694
correlation_search_space_dimension,0.28284271247461906,0.01,0.1,1.0,2.0,0.175,0.0175,0.9,0.5,5.0,traj,APE,std_dev,0.052907983050475
correlation_search_space_dimension,0.28284271247461906,0.01,0.1,1.0,2.0,0.175,0.0175,0.9,0.5,5.0,traj,APE,median,0.0688250775017604
correlation_search_space_dimension,0.28284271247461906,0.01,0.1,1.0,2.0,0.175,0.0175,0.9,0.5,5.0,traj,APE,min,1.0842021724855044e-19
correlation_search_space_dimension,0.28284271247461906,0.01,0.1,1.0,2.0,0.175,0.0175,0.9,0.5,5.0,traj,APE,max,0.22748531621161483
correlation_search_space_dimension,0.28284271247461906,0.01,0.1,1.0,2.0,0.175,0.0175,0.9,0.5,5.0,traj,APE,rmse,0.09921628695776555
correlation_search_space_dimension,0.28284271247461906,0.01,0.1,1.0,2.0,0.175,0.0175,0.9,0.5,5.0,traj,RPE,mean,0.05433773324845669
correlation_search_space_dimension,0.28284271247461906,0.01,0.1,1.0,2.0,0.175,0.0175,0.9,0.5,5.0,traj,RPE,std_dev,0.03261561541944884
correlation_search_space_dimension,0.28284271247461906,0.01,0.1,1.0,2.0,0.175,0.0175,0.9,0.5,5.0,traj,RPE,median,0.04210417791057114
correlation_search_space_dimension,0.28284271247461906,0.01,0.1,1.0,2.0,0.175,0.0175,0.9,0.5,5.0,traj,RPE,min,0.008451759351732379
correlation_search_space_dimension,0.28284271247461906,0.01,0.1,1.0,2.0,0.175,0.0175,0.9,0.5,5.0,traj,RPE,max,0.16076162840612196
correlation_search_space_dimension,0.28284271247461906,0.01,0.1,1.0,2.0,0.175,0.0175,0.9,0.5,5.0,traj,RPE,rmse,0.0633748185304686
correlation_search_space_dimension,0.28284271247461906,0.01,0.1,1.0,2.0,0.175,0.0175,0.9,0.5,5.0,traj,num associated poses,mean,28.0
correlation_search_space_dimension,0.28284271247461906,0.01,0.1,1.0,2.0,0.175,0.0175,0.9,0.5,5.0,traj,num associated poses,std_dev,0.8944271909999159
correlation_search_space_dimension,0.28284271247461906,0.01,0.1,1.0,2.0,0.175,0.0175,0.9,0.5,5.0,traj,num associated poses,median,28.0
correlation_search_space_dimension,0.28284271247461906,0.01,0.1,1.0,2.0,0.175,0.0175,0.9,0.5,5.0,traj,num associated poses,min,27.0
correlation_search_space_dimension,0.28284271247461906,0.01,0.1,1.0,2.0,0.175,0.0175,0.9,0.5,5.0,traj,num associated poses,max,29.0
correlation_search_space_dimension,0.28284271247461906,0.01,0.1,1.0,2.0,0.175,0.0175,0.9,0.5,5.0,traj,num gt poses,mean,175.2
correlation_search_space_dimension,0.28284271247461906,0.01,0.1,1.0,2.0,0.175,0.0175,0.9,0.5,5.0,traj,num gt poses,std_dev,2.4
correlation_search_space_dimension,0.28284271247461906,0.01,0.1,1.0,2.0,0.175,0.0175,0.9,0.5,5.0,traj,num gt poses,median,174.0
correlation_search_space_dimension,0.28284271247461906,0.01,0.1,1.0,2.0,0.175,0.0175,0.9,0.5,5.0,traj,num gt poses,min,172.0
correlation_search_space_dimension,0.28284271247461906,0.01,0.1,1.0,2.0,0.175,0.0175,0.9,0.5,5.0,traj,num gt poses,max,178.0
correlation_search_space_dimension,0.28284271247461906,0.01,0.1,1.0,2.0,0.175,0.0175,0.9,0.5,5.0,traj,odom accum path length (m),mean,11.577627799999998
correlation_search_space_dimension,0.28284271247461906,0.01,0.1,1.0,2.0,0.175,0.0175,0.9,0.5,5.0,traj,odom accum path length (m),std_dev,0.05687102560495983
correlation_search_space_dimension,0.28284271247461906,0.01,0.1,1.0,2.0,0.175,0.0175,0.9,0.5,5.0,traj,odom accum path length (m),median,11.588178
correlation_search_space_dimension,0.28284271247461906,0.01,0.1,1.0,2.0,0.175,0.0175,0.9,0.5,5.0,traj,odom accum path length (m),min,11.490003
correlation_search_space_dimension,0.28284271247461906,0.01,0.1,1.0,2.0,0.175,0.0175,0.9,0.5,5.0,traj,odom accum path length (m),max,11.654881
correlation_search_space_dimension,0.28284271247461906,0.01,0.1,1.0,2.0,0.175,0.0175,0.9,0.5,5.0,traj,total rotation (rad),mean,9.687120000000002
correlation_search_space_dimension,0.28284271247461906,0.01,0.1,1.0,2.0,0.175,0.0175,0.9,0.5,5.0,traj,total rotation (rad),std_dev,0.5619626684480031
correlation_search_space_dimension,0.28284271247461906,0.01,0.1,1.0,2.0,0.175,0.0175,0.9,0.5,5.0,traj,total rotation (rad),median,9.901664
correlation_search_space_dimension,0.28284271247461906,0.01,0.1,1.0,2.0,0.175,0.0175,0.9,0.5,5.0,traj,total rotation (rad),min,8.629532
correlation_search_space_dimension,0.28284271247461906,0.01,0.1,1.0,2.0,0.175,0.0175,0.9,0.5,5.0,traj,total rotation (rad),max,10.272665
correlation_search_space_dimension,0.28284271247461906,0.01,0.1,1.0,2.0,0.175,0.0175,0.9,0.5,5.0,traj,duration (s),mean,24.026400000000002
correlation_search_space_dimension,0.28284271247461906,0.01,0.1,1.0,2.0,0.175,0.0175,0.9,0.5,5.0,traj,duration (s),std_dev,0.290018344247394
correlation_search_space_dimension,0.28284271247461906,0.01,0.1,1.0,2.0,0.175,0.0175,0.9,0.5,5.0,traj,duration (s),median,23.905
correlation_search_space_dimension,0.28284271247461906,0.01,0.1,1.0,2.0,0.175,0.0175,0.9,0.5,5.0,traj,duration (s),min,23.711999999999996
correlation_search_space_dimension,0.28284271247461906,0.01,0.1,1.0,2.0,0.175,0.0175,0.9,0.5,5.0,traj,duration (s),max,24.387999999999998
correlation_search_space_dimension,0.28284271247461906,0.01,0.1,1.0,2.0,0.175,0.0175,0.9,0.5,5.0,completion,successes,count,5.0
correlation_search_space_dimension,0.28284271247461906,0.01,0.1,1.0,2.0,0.175,0.0175,0.9,0.5,5.0,completion,failures,count,0.0
correlation_search_space_dimension,0.28284271247461906,0.01,0.1,1.0,2.0,0.175,0.0175,0.9,0.5,5.0,completion,errors,count,0.0
correlation_search_space_dimension,0.28284271247461906,0.01,0.1,1.0,2.0,0.175,0.0175,0.9,0.5,5.0,completion,data or metrics missing,count,0.0
correlation_search_space_dimension,0.28284271247461906,0.01,0.1,1.0,2.0,0.175,0.0175,0.9,0.5,5.0,latency,latency,mean,0.007550000000000001
correlation_search_space_dimension,0.28284271247461906,0.01,0.1,1.0,2.0,0.175,0.0175,0.9,0.5,5.0,latency,latency,std_dev,0.005363001558296037
correlation_search_space_dimension,0.28284271247461906,0.01,0.1,1.0,2.0,0.175,0.0175,0.9,0.5,5.0,latency,latency,median,0.0085
correlation_search_space_dimension,0.28284271247461906,0.01,0.1,1.0,2.0,0.175,0.0175,0.9,0.5,5.0,latency,latency,min,0.0
correlation_search_space_dimension,0.28284271247461906,0.01,0.1,1.0,2.0,0.175,0.0175,0.9,0.5,5.0,latency,latency,max,0.016
correlation_search_space_dimension,0.28284271247461906,0.01,0.1,1.0,2.0,0.175,0.0175,0.9,0.5,5.0,cov,trace,mean,0.005676586206896552
correlation_search_space_dimension,0.28284271247461906,0.01,0.1,1.0,2.0,0.175,0.0175,0.9,0.5,5.0,cov,trace,std_dev,0.0021794754085241413
correlation_search_space_dimension,0.28284271247461906,0.01,0.1,1.0,2.0,0.175,0.0175,0.9,0.5,5.0,cov,trace,median,0.005058
correlation_search_space_dimension,0.28284271247461906,0.01,0.1,1.0,2.0,0.175,0.0175,0.9,0.5,5.0,cov,trace,min,0.0026920000000000004
correlation_search_space_dimension,0.28284271247461906,0.01,0.1,1.0,2.0,0.175,0.0175,0.9,0.5,5.0,cov,trace,max,0.021216
correlation_search_space_dimension,0.28284271247461906,0.01,0.1,1.0,2.0,0.175,0.0175,0.9,0.5,5.0,cov,trace,rmse,0.006080603919076596
correlation_search_space_dimension,0.28284271247461906,0.01,0.1,1.0,2.0,0.175,0.0175,0.9,0.5,5.0,cov,det,mean,3.7563737764827575e-10
correlation_search_space_dimension,0.28284271247461906,0.01,0.1,1.0,2.0,0.175,0.0175,0.9,0.5,5.0,cov,det,std_dev,3.7913041082901135e-10
correlation_search_space_dimension,0.28284271247461906,0.01,0.1,1.0,2.0,0.175,0.0175,0.9,0.5,5.0,cov,det,median,2.660302090000008e-10
correlation_search_space_dimension,0.28284271247461906,0.01,0.1,1.0,2.0,0.175,0.0175,0.9,0.5,5.0,cov,det,min,5.470030599999995e-11
correlation_search_space_dimension,0.28284271247461906,0.01,0.1,1.0,2.0,0.175,0.0175,0.9,0.5,5.0,cov,det,max,3.3162529939999996e-09
correlation_search_space_dimension,0.28284271247461906,0.01,0.1,1.0,2.0,0.175,0.0175,0.9,0.5,5.0,cov,det,rmse,5.337071368286621e-10
correlation_search_space_dimension,0.4000000000000001,0.01,0.1,1.0,2.0,0.175,0.0175,0.9,0.5,5.0,traj,APE,mean,0.07589404400787396
correlation_search_space_dimension,0.4000000000000001,0.01,0.1,1.0,2.0,0.175,0.0175,0.9,0.5,5.0,traj,APE,std_dev,0.04418764332539427
correlation_search_space_dimension,0.4000000000000001,0.01,0.1,1.0,2.0,0.175,0.0175,0.9,0.5,5.0,traj,APE,median,0.06849731639299825
correlation_search_space_dimension,0.4000000000000001,0.01,0.1,1.0,2.0,0.175,0.0175,0.9,0.5,5.0,traj,APE,min,1.6263032587282567e-19
correlation_search_space_dimension,0.4000000000000001,0.01,0.1,1.0,2.0,0.175,0.0175,0.9,0.5,5.0,traj,APE,max,0.1924572106947406
correlation_search_space_dimension,0.4000000000000001,0.01,0.1,1.0,2.0,0.175,0.0175,0.9,0.5,5.0,traj,APE,rmse,0.08782057696531816
correlation_search_space_dimension,0.4000000000000001,0.01,0.1,1.0,2.0,0.175,0.0175,0.9,0.5,5.0,traj,RPE,mean,0.05574958501892227
correlation_search_space_dimension,0.4000000000000001,0.01,0.1,1.0,2.0,0.175,0.0175,0.9,0.5,5.0,traj,RPE,std_dev,0.032823141482293816
correlation_search_space_dimension,0.4000000000000001,0.01,0.1,1.0,2.0,0.175,0.0175,0.9,0.5,5.0,traj,RPE,median,0.04389450960941742
correlation_search_space_dimension,0.4000000000000001,0.01,0.1,1.0,2.0,0.175,0.0175,0.9,0.5,5.0,traj,RPE,min,0.01520308431610247
correlation_search_space_dimension,0.4000000000000001,0.01,0.1,1.0,2.0,0.175,0.0175,0.9,0.5,5.0,traj,RPE,max,0.16850059571153345
correlation_search_space_dimension,0.4000000000000001,0.01,0.1,1.0,2.0,0.175,0.0175,0.9,0.5,5.0,traj,RPE,rmse,0.0646944730757483
correlation_search_space_dimension,0.4000000000000001,0.01,0.1,1.0,2.0,0.175,0.0175,0.9,0.5,5.0,traj,num associated poses,mean,27.6
correlation_search_space_dimension,0.4000000000000001,0.01,0.1,1.0,2.0,0.175,0.0175,0.9,0.5,5.0,traj,num associated poses,std_dev,0.8
correlation_search_space_dimension,0.4000000000000001,0.01,0.1,1.0,2.0,0.175,0.0175,0.9,0.5,5.0,traj,num associated poses,median,27.0
correlation_search_space_dimension,0.4000000000000001,0.01,0.1,1.0,2.0,0.175,0.0175,0.9,0.5,5.0,traj,num associated poses,min,27.0
correlation_search_space_dimension,0.4000000000000001,0.01,0.1,1.0,2.0,0.175,0.0175,0.9,0.5,5.0,traj,num associated poses,max,29.0
correlation_search_space_dimension,0.4000000000000001,0.01,0.1,1.0,2.0,0.175,0.0175,0.9,0.5,5.0,traj,num gt poses,mean,175.8
correlation_search_space_dimension,0.4000000000000001,0.01,0.1,1.0,2.0,0.175,0.0175,0.9,0.5,5.0,traj,num gt poses,std_dev,4.955804677345546
correlation_search_space_dimension,0.4000000000000001,0.01,0.1,1.0,2.0,0.175,0.0175,0.9,0.5,5.0,traj,num gt poses,median,173.0
correlation_search_space_dimension,0.4000000000000001,0.01,0.1,1.0,2.0,0.175,0.0175,0.9,0.5,5.0,traj,num gt poses,min,172.0
correlation_search_space_dimension,0.4000000000000001,0.01,0.1,1.0,2.0,0.175,0.0175,0.9,0.5,5.0,traj,num gt poses,max,185.0
correlation_search_space_dimension,0.4000000000000001,0.01,0.1,1.0,2.0,0.175,0.0175,0.9,0.5,5.0,traj,odom accum path length (m),mean,11.5415796
correlation_search_space_dimension,0.4000000000000001,0.01,0.1,1.0,2.0,0.175,0.0175,0.9,0.5,5.0,traj,odom accum path length (m),std_dev,0.05847452546058005
correlation_search_space_dimension,0.4000000000000001,0.01,0.1,1.0,2.0,0.175,0.0175,0.9,0.5,5.0,traj,odom accum path length (m),median,11.558035
correlation_search_space_dimension,0.4000000000000001,0.01,0.1,1.0,2.0,0.175,0.0175,0.9,0.5,5.0,traj,odom accum path length (m),min,11.444275
correlation_search_space_dimension,0.4000000000000001,0.01,0.1,1.0,2.0,0.175,0.0175,0.9,0.5,5.0,traj,odom accum path length (m),max,11.610561
correlation_search_space_dimension,0.4000000000000001,0.01,0.1,1.0,2.0,0.175,0.0175,0.9,0.5,5.0,traj,total rotation (rad),mean,9.8711418
correlation_search_space_dimension,0.4000000000000001,0.01,0.1,1.0,2.0,0.175,0.0175,0.9,0.5,5.0,traj,total rotation (rad),std_dev,0.516366073506151
correlation_search_space_dimension,0.4000000000000001,0.01,0.1,1.0,2.0,0.175,0.0175,0.9,0.5,5.0,traj,total rotation (rad),median,9.784123
correlation_search_space_dimension,0.4000000000000001,0.01,0.1,1.0,2.0,0.175,0.0175,0.9,0.5,5.0,traj,total rotation (rad),min,9.422582
correlation_search_space_dimension,0.4000000000000001,0.01,0.1,1.0,2.0,0.175,0.0175,0.9,0.5,5.0,traj,total rotation (rad),max,10.852974
correlation_search_space_dimension,0.4000000000000001,0.01,0.1,1.0,2.0,0.175,0.0175,0.9,0.5,5.0,traj,duration (s),mean,24.1584
correlation_search_space_dimension,0.4000000000000001,0.01,0.1,1.0,2.0,0.175,0.0175,0.9,0.5,5.0,traj,duration (s),std_dev,0.7223538191219049
correlation_search_space_dimension,0.4000000000000001,0.01,0.1,1.0,2.0,0.175,0.0175,0.9,0.5,5.0,traj,duration (s),median,23.869
correlation_search_space_dimension,0.4000000000000001,0.01,0.1,1.0,2.0,0.175,0.0175,0.9,0.5,5.0,traj,duration (s),min,23.498999999999995
correlation_search_space_dimension,0.4000000000000001,0.01,0.1,1.0,2.0,0.175,0.0175,0.9,0.5,5.0,traj,duration (s),max,25.465000000000003
correlation_search_space_dimension,0.4000000000000001,0.01,0.1,1.0,2.0,0.175,0.0175,0.9,0.5,5.0,completion,successes,count,5.0
correlation_search_space_dimension,0.4000000000000001,0.01,0.1,1.0,2.0,0.175,0.0175,0.9,0.5,5.0,completion,failures,count,0.0
correlation_search_space_dimension,0.4000000000000001,0.01,0.1,1.0,2.0,0.175,0.0175,0.9,0.5,5.0,completion,errors,count,0.0
correlation_search_space_dimension,0.4000000000000001,0.01,0.1,1.0,2.0,0.175,0.0175,0.9,0.5,5.0,completion,data or metrics missing,count,0.0
correlation_search_space_dimension,0.4000000000000001,0.01,0.1,1.0,2.0,0.175,0.0175,0.9,0.5,5.0,latency,latency,mean,0.0053478260869565235
correlation_search_space_dimension,0.4000000000000001,0.01,0.1,1.0,2.0,0.175,0.0175,0.9,0.5,5.0,latency,latency,std_dev,0.002690973031045132
correlation_search_space_dimension,0.4000000000000001,0.01,0.1,1.0,2.0,0.175,0.0175,0.9,0.5,5.0,latency,latency,median,0.005
correlation_search_space_dimension,0.4000000000000001,0.01,0.1,1.0,2.0,0.175,0.0175,0.9,0.5,5.0,latency,latency,min,0.001
correlation_search_space_dimension,0.4000000000000001,0.01,0.1,1.0,2.0,0.175,0.0175,0.9,0.5,5.0,latency,latency,max,0.011000000000000001
correlation_search_space_dimension,0.4000000000000001,0.01,0.1,1.0,2.0,0.175,0.0175,0.9,0.5,5.0,cov,trace,mean,0.005751557142857143
correlation_search_space_dimension,0.4000000000000001,0.01,0.1,1.0,2.0,0.175,0.0175,0.9,0.5,5.0,cov,trace,std_dev,0.0025827631252246896
correlation_search_space_dimension,0.4000000000000001,0.01,0.1,1.0,2.0,0.175,0.0175,0.9,0.5,5.0,cov,trace,median,0.0049960000000000004
correlation_search_space_dimension,0.4000000000000001,0.01,0.1,1.0,2.0,0.175,0.0175,0.9,0.5,5.0,cov,trace,min,0.0025700000000000002
correlation_search_space_dimension,0.4000000000000001,0.01,0.1,1.0,2.0,0.175,0.0175,0.9,0.5,5.0,cov,trace,max,0.022239
correlation_search_space_dimension,0.4000000000000001,0.01,0.1,1.0,2.0,0.175,0.0175,0.9,0.5,5.0,cov,trace,rmse,0.006304845353263744
correlation_search_space_dimension,0.4000000000000001,0.01,0.1,1.0,2.0,0.175,0.0175,0.9,0.5,5.0,cov,det,mean,3.8719476553571423e-10
correlation_search_space_dimension,0.4000000000000001,0.01,0.1,1.0,2.0,0.175,0.0175,0.9,0.5,5.0,cov,det,std_dev,4.815028235964341e-10
correlation_search_space_dimension,0.4000000000000001,0.01,0.1,1.0,2.0,0.175,0.0175,0.9,0.5,5.0,cov,det,median,2.2359260250000027e-10
correlation_search_space_dimension,0.4000000000000001,0.01,0.1,1.0,2.0,0.175,0.0175,0.9,0.5,5.0,cov,det,min,5.4583022e-11
correlation_search_space_dimension,0.4000000000000001,0.01,0.1,1.0,2.0,0.175,0.0175,0.9,0.5,5.0,cov,det,max,4.672737686000004e-09
correlation_search_space_dimension,0.4000000000000001,0.01,0.1,1.0,2.0,0.175,0.0175,0.9,0.5,5.0,cov,det,rmse,6.178711480475482e-10
correlation_search_space_dimension,0.5656854249492381,0.01,0.1,1.0,2.0,0.175,0.0175,0.9,0.5,5.0,traj,APE,mean,0.0560532874869639
correlation_search_space_dimension,0.5656854249492381,0.01,0.1,1.0,2.0,0.175,0.0175,0.9,0.5,5.0,traj,APE,std_dev,0.02791163601735469
correlation_search_space_dimension,0.5656854249492381,0.01,0.1,1.0,2.0,0.175,0.0175,0.9,0.5,5.0,traj,APE,median,0.05228289981550164
correlation_search_space_dimension,0.5656854249492381,0.01,0.1,1.0,2.0,0.175,0.0175,0.9,0.5,5.0,traj,APE,min,7.589415207398531e-19
correlation_search_space_dimension,0.5656854249492381,0.01,0.1,1.0,2.0,0.175,0.0175,0.9,0.5,5.0,traj,APE,max,0.15452693838427004
correlation_search_space_dimension,0.5656854249492381,0.01,0.1,1.0,2.0,0.175,0.0175,0.9,0.5,5.0,traj,APE,rmse,0.0626181320646146
correlation_search_space_dimension,0.5656854249492381,0.01,0.1,1.0,2.0,0.175,0.0175,0.9,0.5,5.0,traj,RPE,mean,0.047055832309204806
correlation_search_space_dimension,0.5656854249492381,0.01,0.1,1.0,2.0,0.175,0.0175,0.9,0.5,5.0,traj,RPE,std_dev,0.025807413285957464
correlation_search_space_dimension,0.5656854249492381,0.01,0.1,1.0,2.0,0.175,0.0175,0.9,0.5,5.0,traj,RPE,median,0.040364782158847465
correlation_search_space_dimension,0.5656854249492381,0.01,0.1,1.0,2.0,0.175,0.0175,0.9,0.5,5.0,traj,RPE,min,0.014682811541505712
correlation_search_space_dimension,0.5656854249492381,0.01,0.1,1.0,2.0,0.175,0.0175,0.9,0.5,5.0,traj,RPE,max,0.16831190167002008
correlation_search_space_dimension,0.5656854249492381,0.01,0.1,1.0,2.0,0.175,0.0175,0.9,0.5,5.0,traj,RPE,rmse,0.053668183636342834
correlation_search_space_dimension,0.5656854249492381,0.01,0.1,1.0,2.0,0.175,0.0175,0.9,0.5,5.0,traj,num associated poses,mean,28.2
correlation_search_space_dimension,0.5656854249492381,0.01,0.1,1.0,2.0,0.175,0.0175,0.9,0.5,5.0,traj,num associated poses,std_dev,0.9797958971132712
correlation_search_space_dimension,0.5656854249492381,0.01,0.1,1.0,2.0,0.175,0.0175,0.9,0.5,5.0,traj,num associated poses,median,28.0
correlation_search_space_dimension,0.5656854249492381,0.01,0.1,1.0,2.0,0.175,0.0175,0.9,0.5,5.0,traj,num associated poses,min,27.0
correlation_search_space_dimension,0.5656854249492381,0.01,0.1,1.0,2.0,0.175,0.0175,0.9,0.5,5.0,traj,num associated poses,max,30.0
correlation_search_space_dimension,0.5656854249492381,0.01,0.1,1.0,2.0,0.175,0.0175,0.9,0.5,5.0,traj,num gt poses,mean,175.2
correlation_search_space_dimension,0.5656854249492381,0.01,0.1,1.0,2.0,0.175,0.0175,0.9,0.5,5.0,traj,num gt poses,std_dev,5.979966555090422
correlation_search_space_dimension,0.5656854249492381,0.01,0.1,1.0,2.0,0.175,0.0175,0.9,0.5,5.0,traj,num gt poses,median,172.0
correlation_search_space_dimension,0.5656854249492381,0.01,0.1,1.0,2.0,0.175,0.0175,0.9,0.5,5.0,traj,num gt poses,min,171.0
correlation_search_space_dimension,0.5656854249492381,0.01,0.1,1.0,2.0,0.175,0.0175,0.9,0.5,5.0,traj,num gt poses,max,187.0
correlation_search_space_dimension,0.5656854249492381,0.01,0.1,1.0,2.0,0.175,0.0175,0.9,0.5,5.0,traj,odom accum path length (m),mean,11.567401799999999
correlation_search_space_dimension,0.5656854249492381,0.01,0.1,1.0,2.0,0.175,0.0175,0.9,0.5,5.0,traj,odom accum path length (m),std_dev,0.1043653760562379
correlation_search_space_dimension,0.5656854249492381,0.01,0.1,1.0,2.0,0.175,0.0175,0.9,0.5,5.0,traj,odom accum path length (m),median,11.518861
correlation_search_space_dimension,0.5656854249492381,0.01,0.1,1.0,2.0,0.175,0.0175,0.9,0.5,5.0,traj,odom accum path length (m),min,11.468071
correlation_search_space_dimension,0.5656854249492381,0.01,0.1,1.0,2.0,0.175,0.0175,0.9,0.5,5.0,traj,odom accum path length (m),max,11.748679
correlation_search_space_dimension,0.5656854249492381,0.01,0.1,1.0,2.0,0.175,0.0175,0.9,0.5,5.0,traj,total rotation (rad),mean,10.0090904
correlation_search_space_dimension,0.5656854249492381,0.01,0.1,1.0,2.0,0.175,0.0175,0.9,0.5,5.0,traj,total rotation (rad),std_dev,0.8663278600471302
correlation_search_space_dimension,0.5656854249492381,0.01,0.1,1.0,2.0,0.175,0.0175,0.9,0.5,5.0,traj,total rotation (rad),median,9.532701
correlation_search_space_dimension,0.5656854249492381,0.01,0.1,1.0,2.0,0.175,0.0175,0.9,0.5,5.0,traj,total rotation (rad),min,9.27999
correlation_search_space_dimension,0.5656854249492381,0.01,0.1,1.0,2.0,0.175,0.0175,0.9,0.5,5.0,traj,total rotation (rad),max,11.615746
correlation_search_space_dimension,0.5656854249492381,0.01,0.1,1.0,2.0,0.175,0.0175,0.9,0.5,5.0,traj,duration (s),mean,24.0338
correlation_search_space_dimension,0.5656854249492381,0.01,0.1,1.0,2.0,0.175,0.0175,0.9,0.5,5.0,traj,duration (s),std_dev,0.8703568003985478
correlation_search_space_dimension,0.5656854249492381,0.01,0.1,1.0,2.0,0.175,0.0175,0.9,0.5,5.0,traj,duration (s),median,23.673000000000002
correlation_search_space_dimension,0.5656854249492381,0.01,0.1,1.0,2.0,0.175,0.0175,0.9,0.5,5.0,traj,duration (s),min,23.467
correlation_search_space_dimension,0.5656854249492381,0.01,0.1,1.0,2.0,0.175,0.0175,0.9,0.5,5.0,traj,duration (s),max,25.766999999999996
correlation_search_space_dimension,0.5656854249492381,0.01,0.1,1.0,2.0,0.175,0.0175,0.9,0.5,5.0,completion,successes,count,5.0
correlation_search_space_dimension,0.5656854249492381,0.01,0.1,1.0,2.0,0.175,0.0175,0.9,0.5,5.0,completion,failures,count,0.0
correlation_search_space_dimension,0.5656854249492381,0.01,0.1,1.0,2.0,0.175,0.0175,0.9,0.5,5.0,completion,errors,count,0.0
correlation_search_space_dimension,0.5656854249492381,0.01,0.1,1.0,2.0,0.175,0.0175,0.9,0.5,5.0,completion,data or metrics missing,count,0.0
correlation_search_space_dimension,0.5656854249492381,0.01,0.1,1.0,2.0,0.175,0.0175,0.9,0.5,5.0,latency,latency,mean,0.0030283687943262415
correlation_search_space_dimension,0.5656854249492381,0.01,0.1,1.0,2.0,0.175,0.0175,0.9,0.5,5.0,latency,latency,std_dev,0.002890294991966476
correlation_search_space_dimension,0.5656854249492381,0.01,0.1,1.0,2.0,0.175,0.0175,0.9,0.5,5.0,latency,latency,median,0.003
correlation_search_space_dimension,0.5656854249492381,0.01,0.1,1.0,2.0,0.175,0.0175,0.9,0.5,5.0,latency,latency,min,0.0
correlation_search_space_dimension,0.5656854249492381,0.01,0.1,1.0,2.0,0.175,0.0175,0.9,0.5,5.0,latency,latency,max,0.016
correlation_search_space_dimension,0.5656854249492381,0.01,0.1,1.0,2.0,0.175,0.0175,0.9,0.5,5.0,cov,trace,mean,0.0054258356164383565
correlation_search_space_dimension,0.5656854249492381,0.01,0.1,1.0,2.0,0.175,0.0175,0.9,0.5,5.0,cov,trace,std_dev,0.001460849246473862
correlation_search_space_dimension,0.5656854249492381,0.01,0.1,1.0,2.0,0.175,0.0175,0.9,0.5,5.0,cov,trace,median,0.004959999999999999
correlation_search_space_dimension,0.5656854249492381,0.01,0.1,1.0,2.0,0.175,0.0175,0.9,0.5,5.0,cov,trace,min,0.0027749999999999997
correlation_search_space_dimension,0.5656854249492381,0.01,0.1,1.0,2.0,0.175,0.0175,0.9,0.5,5.0,cov,trace,max,0.010601
correlation_search_space_dimension,0.5656854249492381,0.01,0.1,1.0,2.0,0.175,0.0175,0.9,0.5,5.0,cov,trace,rmse,0.0056190544273511224
correlation_search_space_dimension,0.5656854249492381,0.01,0.1,1.0,2.0,0.175,0.0175,0.9,0.5,5.0,cov,det,mean,3.284966941849313e-10
correlation_search_space_dimension,0.5656854249492381,0.01,0.1,1.0,2.0,0.175,0.0175,0.9,0.5,5.0,cov,det,std_dev,2.410981593694335e-10
correlation_search_space_dimension,0.5656854249492381,0.01,0.1,1.0,2.0,0.175,0.0175,0.9,0.5,5.0,cov,det,median,2.5243146400000035e-10
correlation_search_space_dimension,0.5656854249492381,0.01,0.1,1.0,2.0,0.175,0.0175,0.9,0.5,5.0,cov,det,min,5.832587999999988e-11
correlation_search_space_dimension,0.5656854249492381,0.01,0.1,1.0,2.0,0.175,0.0175,0.9,0.5,5.0,cov,det,max,1.2503416559999986e-09
correlation_search_space_dimension,0.5656854249492381,0.01,0.1,1.0,2.0,0.175,0.0175,0.9,0.5,5.0,cov,det,rmse,4.074780982356684e-10
correlation_search_space_dimension,0.8000000000000002,0.01,0.1,1.0,2.0,0.175,0.0175,0.9,0.5,5.0,traj,APE,mean,0.09061619501439606
correlation_search_space_dimension,0.8000000000000002,0.01,0.1,1.0,2.0,0.175,0.0175,0.9,0.5,5.0,traj,APE,std_dev,0.07168154515821644
correlation_search_space_dimension,0.8000000000000002,0.01,0.1,1.0,2.0,0.175,0.0175,0.9,0.5,5.0,traj,APE,median,0.05899322752088286
correlation_search_space_dimension,0.8000000000000002,0.01,0.1,1.0,2.0,0.175,0.0175,0.9,0.5,5.0,traj,APE,min,9.215718466126788e-19
correlation_search_space_dimension,0.8000000000000002,0.01,0.1,1.0,2.0,0.175,0.0175,0.9,0.5,5.0,traj,APE,max,0.28381838429940975
correlation_search_space_dimension,0.8000000000000002,0.01,0.1,1.0,2.0,0.175,0.0175,0.9,0.5,5.0,traj,APE,rmse,0.11554020389092483
correlation_search_space_dimension,0.8000000000000002,0.01,0.1,1.0,2.0,0.175,0.0175,0.9,0.5,5.0,traj,RPE,mean,0.047346814808208224
correlation_search_space_dimension,0.8000000000000002,0.01,0.1,1.0,2.0,0.175,0.0175,0.9,0.5,5.0,traj,RPE,std_dev,0.02658131540573855
correlation_search_space_dimension,0.8000000000000002,0.01,0.1,1.0,2.0,0.175,0.0175,0.9,0.5,5.0,traj,RPE,median,0.04177167282644875
correlation_search_space_dimension,0.8000000000000002,0.01,0.1,1.0,2.0,0.175,0.0175,0.9,0.5,5.0,traj,RPE,min,0.006577365319753772
correlation_search_space_dimension,0.8000000000000002,0.01,0.1,1.0,2.0,0.175,0.0175,0.9,0.5,5.0,traj,RPE,max,0.12962957514250706
correlation_search_space_dimension,0.8000000000000002,0.01,0.1,1.0,2.0,0.175,0.0175,0.9,0.5,5.0,traj,RPE,rmse,0.05429813257545898
correlation_search_space_dimension,0.8000000000000002,0.01,0.1,1.0,2.0,0.175,0.0175,0.9,0.5,5.0,traj,num associated poses,mean,28.0
correlation_search_space_dimension,0.8000000000000002,0.01,0.1,1.0,2.0,0.175,0.0175,0.9,0.5,5.0,traj,num associated poses,std_dev,0.7071067811865476
correlation_search_space_dimension,0.8000000000000002,0.01,0.1,1.0,2.0,0.175,0.0175,0.9,0.5,5.0,traj,num associated poses,median,28.0
correlation_search_space_dimension,0.8000000000000002,0.01,0.1,1.0,2.0,0.175,0.0175,0.9,0.5,5.0,traj,num associated poses,min,27.0
correlation_search_space_dimension,0.8000000000000002,0.01,0.1,1.0,2.0,0.175,0.0175,0.9,0.5,5.0,traj,num associated poses,max,29.0
correlation_search_space_dimension,0.8000000000000002,0.01,0.1,1.0,2.0,0.175,0.0175,0.9,0.5,5.0,traj,num gt poses,mean,177.25
correlation_search_space_dimension,0.8000000000000002,0.01,0.1,1.0,2.0,0.175,0.0175,0.9,0.5,5.0,traj,num gt poses,std_dev,3.832427429188973
correlation_search_space_dimension,0.8000000000000002,0.01,0.1,1.0,2.0,0.175,0.0175,0.9,0.5,5.0,traj,num gt poses,median,177.0
correlation_search_space_dimension,0.8000000000000002,0.01,0.1,1.0,2.0,0.175,0.0175,0.9,0.5,5.0,traj,num gt poses,min,173.0
correlation_search_space_dimension,0.8000000000000002,0.01,0.1,1.0,2.0,0.175,0.0175,0.9,0.5,5.0,traj,num gt poses,max,182.0
correlation_search_space_dimension,0.8000000000000002,0.01,0.1,1.0,2.0,0.175,0.0175,0.9,0.5,5.0,traj,odom accum path length (m),mean,11.571655499999999
correlation_search_space_dimension,0.8000000000000002,0.01,0.1,1.0,2.0,0.175,0.0175,0.9,0.5,5.0,traj,odom accum path length (m),std_dev,0.07757607414177409
correlation_search_space_dimension,0.8000000000000002,0.01,0.1,1.0,2.0,0.175,0.0175,0.9,0.5,5.0,traj,odom accum path length (m),median,11.584261999999999
correlation_search_space_dimension,0.8000000000000002,0.01,0.1,1.0,2.0,0.175,0.0175,0.9,0.5,5.0,traj,odom accum path length (m),min,11.451006
correlation_search_space_dimension,0.8000000000000002,0.01,0.1,1.0,2.0,0.175,0.0175,0.9,0.5,5.0,traj,odom accum path length (m),max,11.667092
correlation_search_space_dimension,0.8000000000000002,0.01,0.1,1.0,2.0,0.175,0.0175,0.9,0.5,5.0,traj,total rotation (rad),mean,9.93081725
correlation_search_space_dimension,0.8000000000000002,0.01,0.1,1.0,2.0,0.175,0.0175,0.9,0.5,5.0,traj,total rotation (rad),std_dev,0.4207089190071768
correlation_search_space_dimension,0.8000000000000002,0.01,0.1,1.0,2.0,0.175,0.0175,0.9,0.5,5.0,traj,total rotation (rad),median,9.9562725
correlation_search_space_dimension,0.8000000000000002,0.01,0.1,1.0,2.0,0.175,0.0175,0.9,0.5,5.0,traj,total rotation (rad),min,9.318535
correlation_search_space_dimension,0.8000000000000002,0.01,0.1,1.0,2.0,0.175,0.0175,0.9,0.5,5.0,traj,total rotation (rad),max,10.492189
correlation_search_space_dimension,0.8000000000000002,0.01,0.1,1.0,2.0,0.175,0.0175,0.9,0.5,5.0,traj,duration (s),mean,24.35
correlation_search_space_dimension,0.8000000000000002,0.01,0.1,1.0,2.0,0.175,0.0175,0.9,0.5,5.0,traj,duration (s),std_dev,0.5771433963929609
correlation_search_space_dimension,0.8000000000000002,0.01,0.1,1.0,2.0,0.175,0.0175,0.9,0.5,5.0,traj,duration (s),median,24.3895
correlation_search_space_dimension,0.8000000000000002,0.01,0.1,1.0,2.0,0.175,0.0175,0.9,0.5,5.0,traj,duration (s),min,23.589
correlation_search_space_dimension,0.8000000000000002,0.01,0.1,1.0,2.0,0.175,0.0175,0.9,0.5,5.0,traj,duration (s),max,25.032000000000004
correlation_search_space_dimension,0.8000000000000002,0.01,0.1,1.0,2.0,0.175,0.0175,0.9,0.5,5.0,completion,successes,count,4.0
correlation_search_space_dimension,0.8000000000000002,0.01,0.1,1.0,2.0,0.175,0.0175,0.9,0.5,5.0,completion,failures,count,0.0
correlation_search_space_dimension,0.8000000000000002,0.01,0.1,1.0,2.0,0.175,0.0175,0.9,0.5,5.0,completion,errors,count,1.0
correlation_search_space_dimension,0.8000000000000002,0.01,0.1,1.0,2.0,0.175,0.0175,0.9,0.5,5.0,completion,data or metrics missing,count,1.0
correlation_search_space_dimension,0.8000000000000002,0.01,0.1,1.0,2.0,0.175,0.0175,0.9,0.5,5.0,latency,latency,mean,0.0038660714285714292
correlation_search_space_dimension,0.8000000000000002,0.01,0.1,1.0,2.0,0.175,0.0175,0.9,0.5,5.0,latency,latency,std_dev,0.0028078192342173344
correlation_search_space_dimension,0.8000000000000002,0.01,0.1,1.0,2.0,0.175,0.0175,0.9,0.5,5.0,latency,latency,median,0.003
correlation_search_space_dimension,0.8000000000000002,0.01,0.1,1.0,2.0,0.175,0.0175,0.9,0.5,5.0,latency,latency,min,0.0
correlation_search_space_dimension,0.8000000000000002,0.01,0.1,1.0,2.0,0.175,0.0175,0.9,0.5,5.0,latency,latency,max,0.016
correlation_search_space_dimension,0.8000000000000002,0.01,0.1,1.0,2.0,0.175,0.0175,0.9,0.5,5.0,cov,trace,mean,0.0056204482758620685
correlation_search_space_dimension,0.8000000000000002,0.01,0.1,1.0,2.0,0.175,0.0175,0.9,0.5,5.0,cov,trace,std_dev,0.0018147413862720913
correlation_search_space_dimension,0.8000000000000002,0.01,0.1,1.0,2.0,0.175,0.0175,0.9,0.5,5.0,cov,trace,median,0.005049
correlation_search_space_dimension,0.8000000000000002,0.01,0.1,1.0,2.0,0.175,0.0175,0.9,0.5,5.0,cov,trace,min,0.002597
correlation_search_space_dimension,0.8000000000000002,0.01,0.1,1.0,2.0,0.175,0.0175,0.9,0.5,5.0,cov,trace,max,0.015795
correlation_search_space_dimension,0.8000000000000002,0.01,0.1,1.0,2.0,0.175,0.0175,0.9,0.5,5.0,cov,trace,rmse,0.005906159930165255
correlation_search_space_dimension,0.8000000000000002,0.01,0.1,1.0,2.0,0.175,0.0175,0.9,0.5,5.0,cov,det,mean,3.740899719741378e-10
correlation_search_space_dimension,0.8000000000000002,0.01,0.1,1.0,2.0,0.175,0.0175,0.9,0.5,5.0,cov,det,std_dev,3.8899667944095763e-10
correlation_search_space_dimension,0.8000000000000002,0.01,0.1,1.0,2.0,0.175,0.0175,0.9,0.5,5.0,cov,det,median,2.773738019999994e-10
correlation_search_space_dimension,0.8000000000000002,0.01,0.1,1.0,2.0,0.175,0.0175,0.9,0.5,5.0,cov,det,min,7.022519899999997e-11
correlation_search_space_dimension,0.8000000000000002,0.01,0.1,1.0,2.0,0.175,0.0175,0.9,0.5,5.0,cov,det,max,3.3906899919999967e-09
correlation_search_space_dimension,0.8000000000000002,0.01,0.1,1.0,2.0,0.175,0.0175,0.9,0.5,5.0,cov,det,rmse,5.396866903562679e-10
correlation_search_space_dimension,1.1313708498984762,0.01,0.1,1.0,2.0,0.175,0.0175,0.9,0.5,5.0,traj,APE,mean,0.07646601554974025
correlation_search_space_dimension,1.1313708498984762,0.01,0.1,1.0,2.0,0.175,0.0175,0.9,0.5,5.0,traj,APE,std_dev,0.06839947966069661
correlation_search_space_dimension,1.1313708498984762,0.01,0.1,1.0,2.0,0.175,0.0175,0.9,0.5,5.0,traj,APE,median,0.05113429234495631
correlation_search_space_dimension,1.1313708498984762,0.01,0.1,1.0,2.0,0.175,0.0175,0.9,0.5,5.0,traj,APE,min,5.421010862427522e-20
correlation_search_space_dimension,1.1313708498984762,0.01,0.1,1.0,2.0,0.175,0.0175,0.9,0.5,5.0,traj,APE,max,0.3473481151807948
correlation_search_space_dimension,1.1313708498984762,0.01,0.1,1.0,2.0,0.175,0.0175,0.9,0.5,5.0,traj,APE,rmse,0.10259405612367205
correlation_search_space_dimension,1.1313708498984762,0.01,0.1,1.0,2.0,0.175,0.0175,0.9,0.5,5.0,traj,RPE,mean,0.052101012688135856
correlation_search_space_dimension,1.1313708498984762,0.01,0.1,1.0,2.0,0.175,0.0175,0.9,0.5,5.0,traj,RPE,std_dev,0.030951195512962482
correlation_search_space_dimension,1.1313708498984762,0.01,0.1,1.0,2.0,0.175,0.0175,0.9,0.5,5.0,traj,RPE,median,0.04437460473994094
correlation_search_space_dimension,1.1313708498984762,0.01,0.1,1.0,2.0,0.175,0.0175,0.9,0.5,5.0,traj,RPE,min,0.01272804654109421
correlation_search_space_dimension,1.1313708498984762,0.01,0.1,1.0,2.0,0.175,0.0175,0.9,0.5,5.0,traj,RPE,max,0.17814395241324055
correlation_search_space_dimension,1.1313708498984762,0.01,0.1,1.0,2.0,0.175,0.0175,0.9,0.5,5.0,traj,RPE,rmse,0.060601089320332535
correlation_search_space_dimension,1.1313708498984762,0.01,0.1,1.0,2.0,0.175,0.0175,0.9,0.5,5.0,traj,num associated poses,mean,27.6
correlation_search_space_dimension,1.1313708498984762,0.01,0.1,1.0,2.0,0.175,0.0175,0.9,0.5,5.0,traj,num associated poses,std_dev,0.7999999999999999
correlation_search_space_dimension,1.1313708498984762,0.01,0.1,1.0,2.0,0.175,0.0175,0.9,0.5,5.0,traj,num associated poses,median,27.0
correlation_search_space_dimension,1.1313708498984762,0.01,0.1,1.0,2.0,0.175,0.0175,0.9,0.5,5.0,traj,num associated poses,min,27.0
correlation_search_space_dimension,1.1313708498984762,0.01,0.1,1.0,2.0,0.175,0.0175,0.9,0.5,5.0,traj,num associated poses,max,29.0
correlation_search_space_dimension,1.1313708498984762,0.01,0.1,1.0,2.0,0.175,0.0175,0.9,0.5,5.0,traj,num gt poses,mean,172.6
correlation_search_space_dimension,1.1313708498984762,0.01,0.1,1.0,2.0,0.175,0.0175,0.9,0.5,5.0,traj,num gt poses,std_dev,1.624807680927192
correlation_search_space_dimension,1.1313708498984762,0.01,0.1,1.0,2.0,0.175,0.0175,0.9,0.5,5.0,traj,num gt poses,median,173.0
correlation_search_space_dimension,1.1313708498984762,0.01,0.1,1.0,2.0,0.175,0.0175,0.9,0.5,5.0,traj,num gt poses,min,170.0
correlation_search_space_dimension,1.1313708498984762,0.01,0.1,1.0,2.0,0.175,0.0175,0.9,0.5,5.0,traj,num gt poses,max,175.0
correlation_search_space_dimension,1.1313708498984762,0.01,0.1,1.0,2.0,0.175,0.0175,0.9,0.5,5.0,traj,odom accum path length (m),mean,11.5075302
correlation_search_space_dimension,1.1313708498984762,0.01,0.1,1.0,2.0,0.175,0.0175,0.9,0.5,5.0,traj,odom accum path length (m),std_dev,0.09805410922424415
correlation_search_space_dimension,1.1313708498984762,0.01,0.1,1.0,2.0,0.175,0.0175,0.9,0.5,5.0,traj,odom accum path length (m),median,11.499223
correlation_search_space_dimension,1.1313708498984762,0.01,0.1,1.0,2.0,0.175,0.0175,0.9,0.5,5.0,traj,odom accum path length (m),min,11.401373
correlation_search_space_dimension,1.1313708498984762,0.01,0.1,1.0,2.0,0.175,0.0175,0.9,0.5,5.0,traj,odom accum path length (m),max,11.680266
correlation_search_space_dimension,1.1313708498984762,0.01,0.1,1.0,2.0,0.175,0.0175,0.9,0.5,5.0,traj,total rotation (rad),mean,9.5598896
correlation_search_space_dimension,1.1313708498984762,0.01,0.1,1.0,2.0,0.175,0.0175,0.9,0.5,5.0,traj,total rotation (rad),std_dev,0.21391989350838825
correlation_search_space_dimension,1.1313708498984762,0.01,0.1,1.0,2.0,0.175,0.0175,0.9,0.5,5.0,traj,total rotation (rad),median,9.608447
correlation_search_space_dimension,1.1313708498984762,0.01,0.1,1.0,2.0,0.175,0.0175,0.9,0.5,5.0,traj,total rotation (rad),min,9.179412
correlation_search_space_dimension,1.1313708498984762,0.01,0.1,1.0,2.0,0.175,0.0175,0.9,0.5,5.0,traj,total rotation (rad),max,9.787286
correlation_search_space_dimension,1.1313708498984762,0.01,0.1,1.0,2.0,0.175,0.0175,0.9,0.5,5.0,traj,duration (s),mean,23.6218
correlation_search_space_dimension,1.1313708498984762,0.01,0.1,1.0,2.0,0.175,0.0175,0.9,0.5,5.0,traj,duration (s),std_dev,0.23035746135083052
correlation_search_space_dimension,1.1313708498984762,0.01,0.1,1.0,2.0,0.175,0.0175,0.9,0.5,5.0,traj,duration (s),median,23.664
correlation_search_space_dimension,1.1313708498984762,0.01,0.1,1.0,2.0,0.175,0.0175,0.9,0.5,5.0,traj,duration (s),min,23.305000000000003
correlation_search_space_dimension,1.1313708498984762,0.01,0.1,1.0,2.0,0.175,0.0175,0.9,0.5,5.0,traj,duration (s),max,23.927
correlation_search_space_dimension,1.1313708498984762,0.01,0.1,1.0,2.0,0.175,0.0175,0.9,0.5,5.0,completion,successes,count,5.0
correlation_search_space_dimension,1.1313708498984762,0.01,0.1,1.0,2.0,0.175,0.0175,0.9,0.5,5.0,completion,failures,count,0.0
correlation_search_space_dimension,1.1313708498984762,0.01,0.1,1.0,2.0,0.175,0.0175,0.9,0.5,5.0,completion,errors,count,0.0
correlation_search_space_dimension,1.1313708498984762,0.01,0.1,1.0,2.0,0.175,0.0175,0.9,0.5,5.0,completion,data or metrics missing,count,0.0
correlation_search_space_dimension,1.1313708498984762,0.01,0.1,1.0,2.0,0.175,0.0175,0.9,0.5,5.0,latency,latency,mean,0.005318840579710145
correlation_search_space_dimension,1.1313708498984762,0.01,0.1,1.0,2.0,0.175,0.0175,0.9,0.5,5.0,latency,latency,std_dev,0.004342218606180548
correlation_search_space_dimension,1.1313708498984762,0.01,0.1,1.0,2.0,0.175,0.0175,0.9,0.5,5.0,latency,latency,median,0.003
correlation_search_space_dimension,1.1313708498984762,0.01,0.1,1.0,2.0,0.175,0.0175,0.9,0.5,5.0,latency,latency,min,0.0
correlation_search_space_dimension,1.1313708498984762,0.01,0.1,1.0,2.0,0.175,0.0175,0.9,0.5,5.0,latency,latency,max,0.016
correlation_search_space_dimension,1.1313708498984762,0.01,0.1,1.0,2.0,0.175,0.0175,0.9,0.5,5.0,cov,trace,mean,0.005387146853146853
correlation_search_space_dimension,1.1313708498984762,0.01,0.1,1.0,2.0,0.175,0.0175,0.9,0.5,5.0,cov,trace,std_dev,0.0014306942955241496
correlation_search_space_dimension,1.1313708498984762,0.01,0.1,1.0,2.0,0.175,0.0175,0.9,0.5,5.0,cov,trace,median,0.004953
correlation_search_space_dimension,1.1313708498984762,0.01,0.1,1.0,2.0,0.175,0.0175,0.9,0.5,5.0,cov,trace,min,0.0026060000000000002
correlation_search_space_dimension,1.1313708498984762,0.01,0.1,1.0,2.0,0.175,0.0175,0.9,0.5,5.0,cov,trace,max,0.009845000000000001
correlation_search_space_dimension,1.1313708498984762,0.01,0.1,1.0,2.0,0.175,0.0175,0.9,0.5,5.0,cov,trace,rmse,0.005573888892381636
correlation_search_space_dimension,1.1313708498984762,0.01,0.1,1.0,2.0,0.175,0.0175,0.9,0.5,5.0,cov,det,mean,3.3946818839160827e-10
correlation_search_space_dimension,1.1313708498984762,0.01,0.1,1.0,2.0,0.175,0.0175,0.9,0.5,5.0,cov,det,std_dev,2.8295104375782204e-10
correlation_search_space_dimension,1.1313708498984762,0.01,0.1,1.0,2.0,0.175,0.0175,0.9,0.5,5.0,cov,det,median,2.388195019999996e-10
correlation_search_space_dimension,1.1313708498984762,0.01,0.1,1.0,2.0,0.175,0.0175,0.9,0.5,5.0,cov,det,min,5.6228723999999983e-11
correlation_search_space_dimension,1.1313708498984762,0.01,0.1,1.0,2.0,0.175,0.0175,0.9,0.5,5.0,cov,det,max,1.7643671680000022e-09
correlation_search_space_dimension,1.1313708498984762,0.01,0.1,1.0,2.0,0.175,0.0175,0.9,0.5,5.0,cov,det,rmse,4.4192753262669813e-10
correlation_search_space_resolution,0.2,0.0017677669529663682,0.1,1.0,2.0,0.175,0.0175,0.9,0.5,5.0,traj,APE,mean,0.051018221505621374
correlation_search_space_resolution,0.2,0.0017677669529663682,0.1,1.0,2.0,0.175,0.0175,0.9,0.5,5.0,traj,APE,std_dev,0.028098256642550015
correlation_search_space_resolution,0.2,0.0017677669529663682,0.1,1.0,2.0,0.175,0.0175,0.9,0.5,5.0,traj,APE,median,0.04850713200286806
correlation_search_space_resolution,0.2,0.0017677669529663682,0.1,1.0,2.0,0.175,0.0175,0.9,0.5,5.0,traj,APE,min,7.589415207398531e-19
correlation_search_space_resolution,0.2,0.0017677669529663682,0.1,1.0,2.0,0.175,0.0175,0.9,0.5,5.0,traj,APE,max,0.15417070577409733
correlation_search_space_resolution,0.2,0.0017677669529663682,0.1,1.0,2.0,0.175,0.0175,0.9,0.5,5.0,traj,APE,rmse,0.05824406366272235
correlation_search_space_resolution,0.2,0.0017677669529663682,0.1,1.0,2.0,0.175,0.0175,0.9,0.5,5.0,traj,RPE,mean,0.04828846984326911
correlation_search_space_resolution,0.2,0.0017677669529663682,0.1,1.0,2.0,0.175,0.0175,0.9,0.5,5.0,traj,RPE,std_dev,0.028142247153289703
correlation_search_space_resolution,0.2,0.0017677669529663682,0.1,1.0,2.0,0.175,0.0175,0.9,0.5,5.0,traj,RPE,median,0.040446458129331855
correlation_search_space_resolution,0.2,0.0017677669529663682,0.1,1.0,2.0,0.175,0.0175,0.9,0.5,5.0,traj,RPE,min,0.013286432105195848
correlation_search_space_resolution,0.2,0.0017677669529663682,0.1,1.0,2.0,0.175,0.0175,0.9,0.5,5.0,traj,RPE,max,0.20486822128966828
correlation_search_space_resolution,0.2,0.0017677669529663682,0.1,1.0,2.0,0.175,0.0175,0.9,0.5,5.0,traj,RPE,rmse,0.05589062886245915
correlation_search_space_resolution,0.2,0.0017677669529663682,0.1,1.0,2.0,0.175,0.0175,0.9,0.5,5.0,traj,num associated poses,mean,28.0
correlation_search_space_resolution,0.2,0.0017677669529663682,0.1,1.0,2.0,0.175,0.0175,0.9,0.5,5.0,traj,num associated poses,std_dev,1.2649110640673518
correlation_search_space_resolution,0.2,0.0017677669529663682,0.1,1.0,2.0,0.175,0.0175,0.9,0.5,5.0,traj,num associated poses,median,28.0
correlation_search_space_resolution,0.2,0.0017677669529663682,0.1,1.0,2.0,0.175,0.0175,0.9,0.5,5.0,traj,num associated poses,min,26.0
correlation_search_space_resolution,0.2,0.0017677669529663682,0.1,1.0,2.0,0.175,0.0175,0.9,0.5,5.0,traj,num associated poses,max,30.0
correlation_search_space_resolution,0.2,0.0017677669529663682,0.1,1.0,2.0,0.175,0.0175,0.9,0.5,5.0,traj,num gt poses,mean,174.4
correlation_search_space_resolution,0.2,0.0017677669529663682,0.1,1.0,2.0,0.175,0.0175,0.9,0.5,5.0,traj,num gt poses,std_dev,4.923413450036469
correlation_search_space_resolution,0.2,0.0017677669529663682,0.1,1.0,2.0,0.175,0.0175,0.9,0.5,5.0,traj,num gt poses,median,172.0
correlation_search_space_resolution,0.2,0.0017677669529663682,0.1,1.0,2.0,0.175,0.0175,0.9,0.5,5.0,traj,num gt poses,min,171.0
correlation_search_space_resolution,0.2,0.0017677669529663682,0.1,1.0,2.0,0.175,0.0175,0.9,0.5,5.0,traj,num gt poses,max,184.0
correlation_search_space_resolution,0.2,0.0017677669529663682,0.1,1.0,2.0,0.175,0.0175,0.9,0.5,5.0,traj,odom accum path length (m),mean,11.628395999999999
correlation_search_space_resolution,0.2,0.0017677669529663682,0.1,1.0,2.0,0.175,0.0175,0.9,0.5,5.0,traj,odom accum path length (m),std_dev,0.23293922602086573
correlation_search_space_resolution,0.2,0.0017677669529663682,0.1,1.0,2.0,0.175,0.0175,0.9,0.5,5.0,traj,odom accum path length (m),median,11.538429
correlation_search_space_resolution,0.2,0.0017677669529663682,0.1,1.0,2.0,0.175,0.0175,0.9,0.5,5.0,traj,odom accum path length (m),min,11.438282
correlation_search_space_resolution,0.2,0.0017677669529663682,0.1,1.0,2.0,0.175,0.0175,0.9,0.5,5.0,traj,odom accum path length (m),max,12.087525
correlation_search_space_resolution,0.2,0.0017677669529663682,0.1,1.0,2.0,0.175,0.0175,0.9,0.5,5.0,traj,total rotation (rad),mean,9.534124199999999
correlation_search_space_resolution,0.2,0.0017677669529663682,0.1,1.0,2.0,0.175,0.0175,0.9,0.5,5.0,traj,total rotation (rad),std_dev,0.692884558713037
correlation_search_space_resolution,0.2,0.0017677669529663682,0.1,1.0,2.0,0.175,0.0175,0.9,0.5,5.0,traj,total rotation (rad),median,9.458089
correlation_search_space_resolution,0.2,0.0017677669529663682,0.1,1.0,2.0,0.175,0.0175,0.9,0.5,5.0,traj,total rotation (rad),min,8.639734
correlation_search_space_resolution,0.2,0.0017677669529663682,0.1,1.0,2.0,0.175,0.0175,0.9,0.5,5.0,traj,total rotation (rad),max,10.693481
correlation_search_space_resolution,0.2,0.0017677669529663682,0.1,1.0,2.0,0.175,0.0175,0.9,0.5,5.0,traj,duration (s),mean,23.882399999999997
correlation_search_space_resolution,0.2,0.0017677669529663682,0.1,1.0,2.0,0.175,0.0175,0.9,0.5,5.0,traj,duration (s),std_dev,0.6897525933260408
correlation_search_space_resolution,0.2,0.0017677669529663682,0.1,1.0,2.0,0.175,0.0175,0.9,0.5,5.0,traj,duration (s),median,23.598
correlation_search_space_resolution,0.2,0.0017677669529663682,0.1,1.0,2.0,0.175,0.0175,0.9,0.5,5.0,traj,duration (s),min,23.433
correlation_search_space_resolution,0.2,0.0017677669529663682,0.1,1.0,2.0,0.175,0.0175,0.9,0.5,5.0,traj,duration (s),max,25.247999999999998
correlation_search_space_resolution,0.2,0.0017677669529663682,0.1,1.0,2.0,0.175,0.0175,0.9,0.5,5.0,completion,successes,count,5.0
correlation_search_space_resolution,0.2,0.0017677669529663682,0.1,1.0,2.0,0.175,0.0175,0.9,0.5,5.0,completion,failures,count,0.0
correlation_search_space_resolution,0.2,0.0017677669529663682,0.1,1.0,2.0,0.175,0.0175,0.9,0.5,5.0,completion,errors,count,0.0
correlation_search_space_resolution,0.2,0.0017677669529663682,0.1,1.0,2.0,0.175,0.0175,0.9,0.5,5.0,completion,data or metrics missing,count,0.0
correlation_search_space_resolution,0.2,0.0017677669529663682,0.1,1.0,2.0,0.175,0.0175,0.9,0.5,5.0,latency,latency,mean,0.0032285714285714287
correlation_search_space_resolution,0.2,0.0017677669529663682,0.1,1.0,2.0,0.175,0.0175,0.9,0.5,5.0,latency,latency,std_dev,0.002373493077250301
correlation_search_space_resolution,0.2,0.0017677669529663682,0.1,1.0,2.0,0.175,0.0175,0.9,0.5,5.0,latency,latency,median,0.003
correlation_search_space_resolution,0.2,0.0017677669529663682,0.1,1.0,2.0,0.175,0.0175,0.9,0.5,5.0,latency,latency,min,0.0
correlation_search_space_resolution,0.2,0.0017677669529663682,0.1,1.0,2.0,0.175,0.0175,0.9,0.5,5.0,latency,latency,max,0.018000000000000002
correlation_search_space_resolution,0.2,0.0017677669529663682,0.1,1.0,2.0,0.175,0.0175,0.9,0.5,5.0,cov,trace,mean,0.00563125
correlation_search_space_resolution,0.2,0.0017677669529663682,0.1,1.0,2.0,0.175,0.0175,0.9,0.5,5.0,cov,trace,std_dev,0.0021867288720191676
correlation_search_space_resolution,0.2,0.0017677669529663682,0.1,1.0,2.0,0.175,0.0175,0.9,0.5,5.0,cov,trace,median,0.004992
correlation_search_space_resolution,0.2,0.0017677669529663682,0.1,1.0,2.0,0.175,0.0175,0.9,0.5,5.0,cov,trace,min,0.0026100000000000003
correlation_search_space_resolution,0.2,0.0017677669529663682,0.1,1.0,2.0,0.175,0.0175,0.9,0.5,5.0,cov,trace,max,0.020825999999999997
correlation_search_space_resolution,0.2,0.0017677669529663682,0.1,1.0,2.0,0.175,0.0175,0.9,0.5,5.0,cov,trace,rmse,0.006040923747426565
correlation_search_space_resolution,0.2,0.0017677669529663682,0.1,1.0,2.0,0.175,0.0175,0.9,0.5,5.0,cov,det,mean,3.8998589876388864e-10
correlation_search_space_resolution,0.2,0.0017677669529663682,0.1,1.0,2.0,0.175,0.0175,0.9,0.5,5.0,cov,det,std_dev,4.546037045722416e-10
correlation_search_space_resolution,0.2,0.0017677669529663682,0.1,1.0,2.0,0.175,0.0175,0.9,0.5,5.0,cov,det,median,2.702426349999999e-10
correlation_search_space_resolution,0.2,0.0017677669529663682,0.1,1.0,2.0,0.175,0.0175,0.9,0.5,5.0,cov,det,min,5.6404027999999844e-11
correlation_search_space_resolution,0.2,0.0017677669529663682,0.1,1.0,2.0,0.175,0.0175,0.9,0.5,5.0,cov,det,max,4.497509894999984e-09
correlation_search_space_resolution,0.2,0.0017677669529663682,0.1,1.0,2.0,0.175,0.0175,0.9,0.5,5.0,cov,det,rmse,5.989603738524644e-10
correlation_search_space_resolution,0.2,0.002499999999999999,0.1,1.0,2.0,0.175,0.0175,0.9,0.5,5.0,traj,APE,mean,0.06453423348649436
correlation_search_space_resolution,0.2,0.002499999999999999,0.1,1.0,2.0,0.175,0.0175,0.9,0.5,5.0,traj,APE,std_dev,0.046140960036941674
correlation_search_space_resolution,0.2,0.002499999999999999,0.1,1.0,2.0,0.175,0.0175,0.9,0.5,5.0,traj,APE,median,0.05659767873683496
correlation_search_space_resolution,0.2,0.002499999999999999,0.1,1.0,2.0,0.175,0.0175,0.9,0.5,5.0,traj,APE,min,5.421010862427522e-20
correlation_search_space_resolution,0.2,0.002499999999999999,0.1,1.0,2.0,0.175,0.0175,0.9,0.5,5.0,traj,APE,max,0.2808149976748564
correlation_search_space_resolution,0.2,0.002499999999999999,0.1,1.0,2.0,0.175,0.0175,0.9,0.5,5.0,traj,APE,rmse,0.07933256257565376
correlation_search_space_resolution,0.2,0.002499999999999999,0.1,1.0,2.0,0.175,0.0175,0.9,0.5,5.0,traj,RPE,mean,0.04948078523619857
correlation_search_space_resolution,0.2,0.002499999999999999,0.1,1.0,2.0,0.175,0.0175,0.9,0.5,5.0,traj,RPE,std_dev,0.03213683293121373
correlation_search_space_resolution,0.2,0.002499999999999999,0.1,1.0,2.0,0.175,0.0175,0.9,0.5,5.0,traj,RPE,median,0.0410608458154312
correlation_search_space_resolution,0.2,0.002499999999999999,0.1,1.0,2.0,0.175,0.0175,0.9,0.5,5.0,traj,RPE,min,0.0032358404989309896
correlation_search_space_resolution,0.2,0.002499999999999999,0.1,1.0,2.0,0.175,0.0175,0.9,0.5,5.0,traj,RPE,max,0.21752693335159576
correlation_search_space_resolution,0.2,0.002499999999999999,0.1,1.0,2.0,0.175,0.0175,0.9,0.5,5.0,traj,RPE,rmse,0.0590010520112951
correlation_search_space_resolution,0.2,0.002499999999999999,0.1,1.0,2.0,0.175,0.0175,0.9,0.5,5.0,traj,num associated poses,mean,27.4
correlation_search_space_resolution,0.2,0.002499999999999999,0.1,1.0,2.0,0.175,0.0175,0.9,0.5,5.0,traj,num associated poses,std_dev,0.7999999999999999
correlation_search_space_resolution,0.2,0.002499999999999999,0.1,1.0,2.0,0.175,0.0175,0.9,0.5,5.0,traj,num associated poses,median,28.0
correlation_search_space_resolution,0.2,0.002499999999999999,0.1,1.0,2.0,0.175,0.0175,0.9,0.5,5.0,traj,num associated poses,min,26.0
correlation_search_space_resolution,0.2,0.002499999999999999,0.1,1.0,2.0,0.175,0.0175,0.9,0.5,5.0,traj,num associated poses,max,28.0
correlation_search_space_resolution,0.2,0.002499999999999999,0.1,1.0,2.0,0.175,0.0175,0.9,0.5,5.0,traj,num gt poses,mean,172.0
correlation_search_space_resolution,0.2,0.002499999999999999,0.1,1.0,2.0,0.175,0.0175,0.9,0.5,5.0,traj,num gt poses,std_dev,1.4142135623730951
correlation_search_space_resolution,0.2,0.002499999999999999,0.1,1.0,2.0,0.175,0.0175,0.9,0.5,5.0,traj,num gt poses,median,172.0
correlation_search_space_resolution,0.2,0.002499999999999999,0.1,1.0,2.0,0.175,0.0175,0.9,0.5,5.0,traj,num gt poses,min,170.0
correlation_search_space_resolution,0.2,0.002499999999999999,0.1,1.0,2.0,0.175,0.0175,0.9,0.5,5.0,traj,num gt poses,max,174.0
correlation_search_space_resolution,0.2,0.002499999999999999,0.1,1.0,2.0,0.175,0.0175,0.9,0.5,5.0,traj,odom accum path length (m),mean,11.5348828
correlation_search_space_resolution,0.2,0.002499999999999999,0.1,1.0,2.0,0.175,0.0175,0.9,0.5,5.0,traj,odom accum path length (m),std_dev,0.06257434202418763
correlation_search_space_resolution,0.2,0.002499999999999999,0.1,1.0,2.0,0.175,0.0175,0.9,0.5,5.0,traj,odom accum path length (m),median,11.546933
correlation_search_space_resolution,0.2,0.002499999999999999,0.1,1.0,2.0,0.175,0.0175,0.9,0.5,5.0,traj,odom accum path length (m),min,11.419666
correlation_search_space_resolution,0.2,0.002499999999999999,0.1,1.0,2.0,0.175,0.0175,0.9,0.5,5.0,traj,odom accum path length (m),max,11.600047
correlation_search_space_resolution,0.2,0.002499999999999999,0.1,1.0,2.0,0.175,0.0175,0.9,0.5,5.0,traj,total rotation (rad),mean,9.145960200000001
correlation_search_space_resolution,0.2,0.002499999999999999,0.1,1.0,2.0,0.175,0.0175,0.9,0.5,5.0,traj,total rotation (rad),std_dev,0.17481141950959633
correlation_search_space_resolution,0.2,0.002499999999999999,0.1,1.0,2.0,0.175,0.0175,0.9,0.5,5.0,traj,total rotation (rad),median,9.130613
correlation_search_space_resolution,0.2,0.002499999999999999,0.1,1.0,2.0,0.175,0.0175,0.9,0.5,5.0,traj,total rotation (rad),min,8.90888
correlation_search_space_resolution,0.2,0.002499999999999999,0.1,1.0,2.0,0.175,0.0175,0.9,0.5,5.0,traj,total rotation (rad),max,9.437568
correlation_search_space_resolution,0.2,0.002499999999999999,0.1,1.0,2.0,0.175,0.0175,0.9,0.5,5.0,traj,duration (s),mean,23.5718
correlation_search_space_resolution,0.2,0.002499999999999999,0.1,1.0,2.0,0.175,0.0175,0.9,0.5,5.0,traj,duration (s),std_dev,0.18305343482164052
correlation_search_space_resolution,0.2,0.002499999999999999,0.1,1.0,2.0,0.175,0.0175,0.9,0.5,5.0,traj,duration (s),median,23.53
correlation_search_space_resolution,0.2,0.002499999999999999,0.1,1.0,2.0,0.175,0.0175,0.9,0.5,5.0,traj,duration (s),min,23.326999999999998
correlation_search_space_resolution,0.2,0.002499999999999999,0.1,1.0,2.0,0.175,0.0175,0.9,0.5,5.0,traj,duration (s),max,23.869000000000003
correlation_search_space_resolution,0.2,0.002499999999999999,0.1,1.0,2.0,0.175,0.0175,0.9,0.5,5.0,completion,successes,count,5.0
correlation_search_space_resolution,0.2,0.002499999999999999,0.1,1.0,2.0,0.175,0.0175,0.9,0.5,5.0,completion,failures,count,0.0
correlation_search_space_resolution,0.2,0.002499999999999999,0.1,1.0,2.0,0.175,0.0175,0.9,0.5,5.0,completion,errors,count,0.0
correlation_search_space_resolution,0.2,0.002499999999999999,0.1,1.0,2.0,0.175,0.0175,0.9,0.5,5.0,completion,data or metrics missing,count,0.0
correlation_search_space_resolution,0.2,0.002499999999999999,0.1,1.0,2.0,0.175,0.0175,0.9,0.5,5.0,latency,latency,mean,0.00632116788321168
correlation_search_space_resolution,0.2,0.002499999999999999,0.1,1.0,2.0,0.175,0.0175,0.9,0.5,5.0,latency,latency,std_dev,0.00490334952784861
correlation_search_space_resolution,0.2,0.002499999999999999,0.1,1.0,2.0,0.175,0.0175,0.9,0.5,5.0,latency,latency,median,0.004
correlation_search_space_resolution,0.2,0.002499999999999999,0.1,1.0,2.0,0.175,0.0175,0.9,0.5,5.0,latency,latency,min,0.0
correlation_search_space_resolution,0.2,0.002499999999999999,0.1,1.0,2.0,0.175,0.0175,0.9,0.5,5.0,latency,latency,max,0.017
correlation_search_space_resolution,0.2,0.002499999999999999,0.1,1.0,2.0,0.175,0.0175,0.9,0.5,5.0,cov,trace,mean,0.005638661971830985
correlation_search_space_resolution,0.2,0.002499999999999999,0.1,1.0,2.0,0.175,0.0175,0.9,0.5,5.0,cov,trace,std_dev,0.001660211860260077
correlation_search_space_resolution,0.2,0.002499999999999999,0.1,1.0,2.0,0.175,0.0175,0.9,0.5,5.0,cov,trace,median,0.005093500000000001
correlation_search_space_resolution,0.2,0.002499999999999999,0.1,1.0,2.0,0.175,0.0175,0.9,0.5,5.0,cov,trace,min,0.002886
correlation_search_space_resolution,0.2,0.002499999999999999,0.1,1.0,2.0,0.175,0.0175,0.9,0.5,5.0,cov,trace,max,0.011835
correlation_search_space_resolution,0.2,0.002499999999999999,0.1,1.0,2.0,0.175,0.0175,0.9,0.5,5.0,cov,trace,rmse,0.005877993897029932
correlation_search_space_resolution,0.2,0.002499999999999999,0.1,1.0,2.0,0.175,0.0175,0.9,0.5,5.0,cov,det,mean,4.0884179947887307e-10
correlation_search_space_resolution,0.2,0.002499999999999999,0.1,1.0,2.0,0.175,0.0175,0.9,0.5,5.0,cov,det,std_dev,3.5858910909163524e-10
correlation_search_space_resolution,0.2,0.002499999999999999,0.1,1.0,2.0,0.175,0.0175,0.9,0.5,5.0,cov,det,median,2.9185449399999964e-10
correlation_search_space_resolution,0.2,0.002499999999999999,0.1,1.0,2.0,0.175,0.0175,0.9,0.5,5.0,cov,det,min,6.222258000000001e-11
correlation_search_space_resolution,0.2,0.002499999999999999,0.1,1.0,2.0,0.175,0.0175,0.9,0.5,5.0,cov,det,max,1.9637794720000006e-09
correlation_search_space_resolution,0.2,0.002499999999999999,0.1,1.0,2.0,0.175,0.0175,0.9,0.5,5.0,cov,det,rmse,5.43817769257548e-10
correlation_search_space_resolution,0.2,0.003535533905932737,0.1,1.0,2.0,0.175,0.0175,0.9,0.5,5.0,traj,APE,mean,0.07635605401799328
correlation_search_space_resolution,0.2,0.003535533905932737,0.1,1.0,2.0,0.175,0.0175,0.9,0.5,5.0,traj,APE,std_dev,0.05416397209050547
correlation_search_space_resolution,0.2,0.003535533905932737,0.1,1.0,2.0,0.175,0.0175,0.9,0.5,5.0,traj,APE,median,0.05641124039062991
correlation_search_space_resolution,0.2,0.003535533905932737,0.1,1.0,2.0,0.175,0.0175,0.9,0.5,5.0,traj,APE,min,1.0842021724855044e-19
correlation_search_space_resolution,0.2,0.003535533905932737,0.1,1.0,2.0,0.175,0.0175,0.9,0.5,5.0,traj,APE,max,0.2564972008480221
correlation_search_space_resolution,0.2,0.003535533905932737,0.1,1.0,2.0,0.175,0.0175,0.9,0.5,5.0,traj,APE,rmse,0.09361614635211045
correlation_search_space_resolution,0.2,0.003535533905932737,0.1,1.0,2.0,0.175,0.0175,0.9,0.5,5.0,traj,RPE,mean,0.05243493497076175
correlation_search_space_resolution,0.2,0.003535533905932737,0.1,1.0,2.0,0.175,0.0175,0.9,0.5,5.0,traj,RPE,std_dev,0.03180113268478402
correlation_search_space_resolution,0.2,0.003535533905932737,0.1,1.0,2.0,0.175,0.0175,0.9,0.5,5.0,traj,RPE,median,0.044559054989332464
correlation_search_space_resolution,0.2,0.003535533905932737,0.1,1.0,2.0,0.175,0.0175,0.9,0.5,5.0,traj,RPE,min,0.010827169678124818
correlation_search_space_resolution,0.2,0.003535533905932737,0.1,1.0,2.0,0.175,0.0175,0.9,0.5,5.0,traj,RPE,max,0.1862954866281104
correlation_search_space_resolution,0.2,0.003535533905932737,0.1,1.0,2.0,0.175,0.0175,0.9,0.5,5.0,traj,RPE,rmse,0.06132482731670144
correlation_search_space_resolution,0.2,0.003535533905932737,0.1,1.0,2.0,0.175,0.0175,0.9,0.5,5.0,traj,num associated poses,mean,27.8
correlation_search_space_resolution,0.2,0.003535533905932737,0.1,1.0,2.0,0.175,0.0175,0.9,0.5,5.0,traj,num associated poses,std_dev,0.39999999999999997
correlation_search_space_resolution,0.2,0.003535533905932737,0.1,1.0,2.0,0.175,0.0175,0.9,0.5,5.0,traj,num associated poses,median,28.0
correlation_search_space_resolution,0.2,0.003535533905932737,0.1,1.0,2.0,0.175,0.0175,0.9,0.5,5.0,traj,num associated poses,min,27.0
correlation_search_space_resolution,0.2,0.003535533905932737,0.1,1.0,2.0,0.175,0.0175,0.9,0.5,5.0,traj,num associated poses,max,28.0
correlation_search_space_resolution,0.2,0.003535533905932737,0.1,1.0,2.0,0.175,0.0175,0.9,0.5,5.0,traj,num gt poses,mean,172.8
correlation_search_space_resolution,0.2,0.003535533905932737,0.1,1.0,2.0,0.175,0.0175,0.9,0.5,5.0,traj,num gt poses,std_dev,1.7204650534085253
correlation_search_space_resolution,0.2,0.003535533905932737,0.1,1.0,2.0,0.175,0.0175,0.9,0.5,5.0,traj,num gt poses,median,172.0
correlation_search_space_resolution,0.2,0.003535533905932737,0.1,1.0,2.0,0.175,0.0175,0.9,0.5,5.0,traj,num gt poses,min,171.0
correlation_search_space_resolution,0.2,0.003535533905932737,0.1,1.0,2.0,0.175,0.0175,0.9,0.5,5.0,traj,num gt poses,max,176.0
correlation_search_space_resolution,0.2,0.003535533905932737,0.1,1.0,2.0,0.175,0.0175,0.9,0.5,5.0,traj,odom accum path length (m),mean,11.504216199999998
correlation_search_space_resolution,0.2,0.003535533905932737,0.1,1.0,2.0,0.175,0.0175,0.9,0.5,5.0,traj,odom accum path length (m),std_dev,0.055785760474873894
correlation_search_space_resolution,0.2,0.003535533905932737,0.1,1.0,2.0,0.175,0.0175,0.9,0.5,5.0,traj,odom accum path length (m),median,11.512214
correlation_search_space_resolution,0.2,0.003535533905932737,0.1,1.0,2.0,0.175,0.0175,0.9,0.5,5.0,traj,odom accum path length (m),min,11.402699
correlation_search_space_resolution,0.2,0.003535533905932737,0.1,1.0,2.0,0.175,0.0175,0.9,0.5,5.0,traj,odom accum path length (m),max,11.571887
correlation_search_space_resolution,0.2,0.003535533905932737,0.1,1.0,2.0,0.175,0.0175,0.9,0.5,5.0,traj,total rotation (rad),mean,9.6136374
correlation_search_space_resolution,0.2,0.003535533905932737,0.1,1.0,2.0,0.175,0.0175,0.9,0.5,5.0,traj,total rotation (rad),std_dev,0.3738293896732034
correlation_search_space_resolution,0.2,0.003535533905932737,0.1,1.0,2.0,0.175,0.0175,0.9,0.5,5.0,traj,total rotation (rad),median,9.4357
correlation_search_space_resolution,0.2,0.003535533905932737,0.1,1.0,2.0,0.175,0.0175,0.9,0.5,5.0,traj,total rotation (rad),min,9.220351
correlation_search_space_resolution,0.2,0.003535533905932737,0.1,1.0,2.0,0.175,0.0175,0.9,0.5,5.0,traj,total rotation (rad),max,10.282627
correlation_search_space_resolution,0.2,0.003535533905932737,0.1,1.0,2.0,0.175,0.0175,0.9,0.5,5.0,traj,duration (s),mean,23.711199999999998
correlation_search_space_resolution,0.2,0.003535533905932737,0.1,1.0,2.0,0.175,0.0175,0.9,0.5,5.0,traj,duration (s),std_dev,0.2780952354859748
correlation_search_space_resolution,0.2,0.003535533905932737,0.1,1.0,2.0,0.175,0.0175,0.9,0.5,5.0,traj,duration (s),median,23.581
correlation_search_space_resolution,0.2,0.003535533905932737,0.1,1.0,2.0,0.175,0.0175,0.9,0.5,5.0,traj,duration (s),min,23.553
correlation_search_space_resolution,0.2,0.003535533905932737,0.1,1.0,2.0,0.175,0.0175,0.9,0.5,5.0,traj,duration (s),max,24.267
correlation_search_space_resolution,0.2,0.003535533905932737,0.1,1.0,2.0,0.175,0.0175,0.9,0.5,5.0,completion,successes,count,5.0
correlation_search_space_resolution,0.2,0.003535533905932737,0.1,1.0,2.0,0.175,0.0175,0.9,0.5,5.0,completion,failures,count,0.0
correlation_search_space_resolution,0.2,0.003535533905932737,0.1,1.0,2.0,0.175,0.0175,0.9,0.5,5.0,completion,errors,count,0.0
correlation_search_space_resolution,0.2,0.003535533905932737,0.1,1.0,2.0,0.175,0.0175,0.9,0.5,5.0,completion,data or metrics missing,count,0.0
correlation_search_space_resolution,0.2,0.003535533905932737,0.1,1.0,2.0,0.175,0.0175,0.9,0.5,5.0,latency,latency,mean,0.005143884892086332
correlation_search_space_resolution,0.2,0.003535533905932737,0.1,1.0,2.0,0.175,0.0175,0.9,0.5,5.0,latency,latency,std_dev,0.00494801922592581
correlation_search_space_resolution,0.2,0.003535533905932737,0.1,1.0,2.0,0.175,0.0175,0.9,0.5,5.0,latency,latency,median,0.003
correlation_search_space_resolution,0.2,0.003535533905932737,0.1,1.0,2.0,0.175,0.0175,0.9,0.5,5.0,latency,latency,min,-0.0009999999999998899
correlation_search_space_resolution,0.2,0.003535533905932737,0.1,1.0,2.0,0.175,0.0175,0.9,0.5,5.0,latency,latency,max,0.02
correlation_search_space_resolution,0.2,0.003535533905932737,0.1,1.0,2.0,0.175,0.0175,0.9,0.5,5.0,cov,trace,mean,0.005516395833333333
correlation_search_space_resolution,0.2,0.003535533905932737,0.1,1.0,2.0,0.175,0.0175,0.9,0.5,5.0,cov,trace,std_dev,0.0019104105696694784
correlation_search_space_resolution,0.2,0.003535533905932737,0.1,1.0,2.0,0.175,0.0175,0.9,0.5,5.0,cov,trace,median,0.0050215
correlation_search_space_resolution,0.2,0.003535533905932737,0.1,1.0,2.0,0.175,0.0175,0.9,0.5,5.0,cov,trace,min,0.002604
correlation_search_space_resolution,0.2,0.003535533905932737,0.1,1.0,2.0,0.175,0.0175,0.9,0.5,5.0,cov,trace,max,0.020581
correlation_search_space_resolution,0.2,0.003535533905932737,0.1,1.0,2.0,0.175,0.0175,0.9,0.5,5.0,cov,trace,rmse,0.005837832777214693
correlation_search_space_resolution,0.2,0.003535533905932737,0.1,1.0,2.0,0.175,0.0175,0.9,0.5,5.0,cov,det,mean,4.130878729374998e-10
correlation_search_space_resolution,0.2,0.003535533905932737,0.1,1.0,2.0,0.175,0.0175,0.9,0.5,5.0,cov,det,std_dev,4.639163650030732e-10
correlation_search_space_resolution,0.2,0.003535533905932737,0.1,1.0,2.0,0.175,0.0175,0.9,0.5,5.0,cov,det,median,2.9143029900000005e-10
correlation_search_space_resolution,0.2,0.003535533905932737,0.1,1.0,2.0,0.175,0.0175,0.9,0.5,5.0,cov,det,min,5.1307324999999924e-11
correlation_search_space_resolution,0.2,0.003535533905932737,0.1,1.0,2.0,0.175,0.0175,0.9,0.5,5.0,cov,det,max,4.137153844000009e-09
correlation_search_space_resolution,0.2,0.003535533905932737,0.1,1.0,2.0,0.175,0.0175,0.9,0.5,5.0,cov,det,rmse,6.211762909880677e-10
correlation_search_space_resolution,0.2,0.004999999999999999,0.1,1.0,2.0,0.175,0.0175,0.9,0.5,5.0,traj,APE,mean,0.08820916894708121
correlation_search_space_resolution,0.2,0.004999999999999999,0.1,1.0,2.0,0.175,0.0175,0.9,0.5,5.0,traj,APE,std_dev,0.07753817985806788
correlation_search_space_resolution,0.2,0.004999999999999999,0.1,1.0,2.0,0.175,0.0175,0.9,0.5,5.0,traj,APE,median,0.05620190172751578
correlation_search_space_resolution,0.2,0.004999999999999999,0.1,1.0,2.0,0.175,0.0175,0.9,0.5,5.0,traj,APE,min,1.0842021724855044e-19
correlation_search_space_resolution,0.2,0.004999999999999999,0.1,1.0,2.0,0.175,0.0175,0.9,0.5,5.0,traj,APE,max,0.37364683371673196
correlation_search_space_resolution,0.2,0.004999999999999999,0.1,1.0,2.0,0.175,0.0175,0.9,0.5,5.0,traj,APE,rmse,0.11744371767802994
correlation_search_space_resolution,0.2,0.004999999999999999,0.1,1.0,2.0,0.175,0.0175,0.9,0.5,5.0,traj,RPE,mean,0.05662481075059782
correlation_search_space_resolution,0.2,0.004999999999999999,0.1,1.0,2.0,0.175,0.0175,0.9,0.5,5.0,traj,RPE,std_dev,0.037407773206530395
correlation_search_space_resolution,0.2,0.004999999999999999,0.1,1.0,2.0,0.175,0.0175,0.9,0.5,5.0,traj,RPE,median,0.04610659004361511
correlation_search_space_resolution,0.2,0.004999999999999999,0.1,1.0,2.0,0.175,0.0175,0.9,0.5,5.0,traj,RPE,min,0.015436863192551612
correlation_search_space_resolution,0.2,0.004999999999999999,0.1,1.0,2.0,0.175,0.0175,0.9,0.5,5.0,traj,RPE,max,0.20743221335853765
correlation_search_space_resolution,0.2,0.004999999999999999,0.1,1.0,2.0,0.175,0.0175,0.9,0.5,5.0,traj,RPE,rmse,0.0678653865296016
correlation_search_space_resolution,0.2,0.004999999999999999,0.1,1.0,2.0,0.175,0.0175,0.9,0.5,5.0,traj,num associated poses,mean,28.6
correlation_search_space_resolution,0.2,0.004999999999999999,0.1,1.0,2.0,0.175,0.0175,0.9,0.5,5.0,traj,num associated poses,std_dev,1.0198039027185568
correlation_search_space_resolution,0.2,0.004999999999999999,0.1,1.0,2.0,0.175,0.0175,0.9,0.5,5.0,traj,num associated poses,median,29.0
correlation_search_space_resolution,0.2,0.004999999999999999,0.1,1.0,2.0,0.175,0.0175,0.9,0.5,5.0,traj,num associated poses,min,27.0
correlation_search_space_resolution,0.2,0.004999999999999999,0.1,1.0,2.0,0.175,0.0175,0.9,0.5,5.0,traj,num associated poses,max,30.0
correlation_search_space_resolution,0.2,0.004999999999999999,0.1,1.0,2.0,0.175,0.0175,0.9,0.5,5.0,traj,num gt poses,mean,175.6
correlation_search_space_resolution,0.2,0.004999999999999999,0.1,1.0,2.0,0.175,0.0175,0.9,0.5,5.0,traj,num gt poses,std_dev,1.4966629547095764
correlation_search_space_resolution,0.2,0.004999999999999999,0.1,1.0,2.0,0.175,0.0175,0.9,0.5,5.0,traj,num gt poses,median,176.0
correlation_search_space_resolution,0.2,0.004999999999999999,0.1,1.0,2.0,0.175,0.0175,0.9,0.5,5.0,traj,num gt poses,min,174.0
correlation_search_space_resolution,0.2,0.004999999999999999,0.1,1.0,2.0,0.175,0.0175,0.9,0.5,5.0,traj,num gt poses,max,178.0
correlation_search_space_resolution,0.2,0.004999999999999999,0.1,1.0,2.0,0.175,0.0175,0.9,0.5,5.0,traj,odom accum path length (m),mean,11.6313116
correlation_search_space_resolution,0.2,0.004999999999999999,0.1,1.0,2.0,0.175,0.0175,0.9,0.5,5.0,traj,odom accum path length (m),std_dev,0.12039150220941665
correlation_search_space_resolution,0.2,0.004999999999999999,0.1,1.0,2.0,0.175,0.0175,0.9,0.5,5.0,traj,odom accum path length (m),median,11.629513
correlation_search_space_resolution,0.2,0.004999999999999999,0.1,1.0,2.0,0.175,0.0175,0.9,0.5,5.0,traj,odom accum path length (m),min,11.448584
correlation_search_space_resolution,0.2,0.004999999999999999,0.1,1.0,2.0,0.175,0.0175,0.9,0.5,5.0,traj,odom accum path length (m),max,11.827171
correlation_search_space_resolution,0.2,0.004999999999999999,0.1,1.0,2.0,0.175,0.0175,0.9,0.5,5.0,traj,total rotation (rad),mean,10.026248800000001
correlation_search_space_resolution,0.2,0.004999999999999999,0.1,1.0,2.0,0.175,0.0175,0.9,0.5,5.0,traj,total rotation (rad),std_dev,0.748449183232743
correlation_search_space_resolution,0.2,0.004999999999999999,0.1,1.0,2.0,0.175,0.0175,0.9,0.5,5.0,traj,total rotation (rad),median,10.151241
correlation_search_space_resolution,0.2,0.004999999999999999,0.1,1.0,2.0,0.175,0.0175,0.9,0.5,5.0,traj,total rotation (rad),min,8.767993
correlation_search_space_resolution,0.2,0.004999999999999999,0.1,1.0,2.0,0.175,0.0175,0.9,0.5,5.0,traj,total rotation (rad),max,11.058939
correlation_search_space_resolution,0.2,0.004999999999999999,0.1,1.0,2.0,0.175,0.0175,0.9,0.5,5.0,traj,duration (s),mean,24.0884
correlation_search_space_resolution,0.2,0.004999999999999999,0.1,1.0,2.0,0.175,0.0175,0.9,0.5,5.0,traj,duration (s),std_dev,0.2777917205389707
correlation_search_space_resolution,0.2,0.004999999999999999,0.1,1.0,2.0,0.175,0.0175,0.9,0.5,5.0,traj,duration (s),median,24.040000000000003
correlation_search_space_resolution,0.2,0.004999999999999999,0.1,1.0,2.0,0.175,0.0175,0.9,0.5,5.0,traj,duration (s),min,23.657999999999994
correlation_search_space_resolution,0.2,0.004999999999999999,0.1,1.0,2.0,0.175,0.0175,0.9,0.5,5.0,traj,duration (s),max,24.391000000000002
correlation_search_space_resolution,0.2,0.004999999999999999,0.1,1.0,2.0,0.175,0.0175,0.9,0.5,5.0,completion,successes,count,5.0
correlation_search_space_resolution,0.2,0.004999999999999999,0.1,1.0,2.0,0.175,0.0175,0.9,0.5,5.0,completion,failures,count,0.0
correlation_search_space_resolution,0.2,0.004999999999999999,0.1,1.0,2.0,0.175,0.0175,0.9,0.5,5.0,completion,errors,count,0.0
correlation_search_space_resolution,0.2,0.004999999999999999,0.1,1.0,2.0,0.175,0.0175,0.9,0.5,5.0,completion,data or metrics missing,count,0.0
correlation_search_space_resolution,0.2,0.004999999999999999,0.1,1.0,2.0,0.175,0.0175,0.9,0.5,5.0,latency,latency,mean,0.0034755244755244755
correlation_search_space_resolution,0.2,0.004999999999999999,0.1,1.0,2.0,0.175,0.0175,0.9,0.5,5.0,latency,latency,std_dev,0.003283423439060241
correlation_search_space_resolution,0.2,0.004999999999999999,0.1,1.0,2.0,0.175,0.0175,0.9,0.5,5.0,latency,latency,median,0.003
correlation_search_space_resolution,0.2,0.004999999999999999,0.1,1.0,2.0,0.175,0.0175,0.9,0.5,5.0,latency,latency,min,0.0
correlation_search_space_resolution,0.2,0.004999999999999999,0.1,1.0,2.0,0.175,0.0175,0.9,0.5,5.0,latency,latency,max,0.022000000000000002
correlation_search_space_resolution,0.2,0.004999999999999999,0.1,1.0,2.0,0.175,0.0175,0.9,0.5,5.0,cov,trace,mean,0.005899236486486486
correlation_search_space_resolution,0.2,0.004999999999999999,0.1,1.0,2.0,0.175,0.0175,0.9,0.5,5.0,cov,trace,std_dev,0.002855288474945259
correlation_search_space_resolution,0.2,0.004999999999999999,0.1,1.0,2.0,0.175,0.0175,0.9,0.5,5.0,cov,trace,median,0.005053
correlation_search_space_resolution,0.2,0.004999999999999999,0.1,1.0,2.0,0.175,0.0175,0.9,0.5,5.0,cov,trace,min,0.002655
correlation_search_space_resolution,0.2,0.004999999999999999,0.1,1.0,2.0,0.175,0.0175,0.9,0.5,5.0,cov,trace,max,0.021868
correlation_search_space_resolution,0.2,0.004999999999999999,0.1,1.0,2.0,0.175,0.0175,0.9,0.5,5.0,cov,trace,rmse,0.006553904439236862
correlation_search_space_resolution,0.2,0.004999999999999999,0.1,1.0,2.0,0.175,0.0175,0.9,0.5,5.0,cov,det,mean,4.162928937297295e-10
correlation_search_space_resolution,0.2,0.004999999999999999,0.1,1.0,2.0,0.175,0.0175,0.9,0.5,5.0,cov,det,std_dev,5.030011082206258e-10
correlation_search_space_resolution,0.2,0.004999999999999999,0.1,1.0,2.0,0.175,0.0175,0.9,0.5,5.0,cov,det,median,2.6719861600000005e-10
correlation_search_space_resolution,0.2,0.004999999999999999,0.1,1.0,2.0,0.175,0.0175,0.9,0.5,5.0,cov,det,min,7.22960360000002e-11
correlation_search_space_resolution,0.2,0.004999999999999999,0.1,1.0,2.0,0.175,0.0175,0.9,0.5,5.0,cov,det,max,3.741214139000001e-09
correlation_search_space_resolution,0.2,0.004999999999999999,0.1,1.0,2.0,0.175,0.0175,0.9,0.5,5.0,cov,det,rmse,6.529241060345755e-10
correlation_search_space_resolution,0.2,0.0070710678118654745,0.1,1.0,2.0,0.175,0.0175,0.9,0.5,5.0,traj,APE,mean,0.08182761813632179
correlation_search_space_resolution,0.2,0.0070710678118654745,0.1,1.0,2.0,0.175,0.0175,0.9,0.5,5.0,traj,APE,std_dev,0.06258379461511696
correlation_search_space_resolution,0.2,0.0070710678118654745,0.1,1.0,2.0,0.175,0.0175,0.9,0.5,5.0,traj,APE,median,0.05907876795780327
correlation_search_space_resolution,0.2,0.0070710678118654745,0.1,1.0,2.0,0.175,0.0175,0.9,0.5,5.0,traj,APE,min,7.047314121155779e-19
correlation_search_space_resolution,0.2,0.0070710678118654745,0.1,1.0,2.0,0.175,0.0175,0.9,0.5,5.0,traj,APE,max,0.2993342887050827
correlation_search_space_resolution,0.2,0.0070710678118654745,0.1,1.0,2.0,0.175,0.0175,0.9,0.5,5.0,traj,APE,rmse,0.10301694248176288
correlation_search_space_resolution,0.2,0.0070710678118654745,0.1,1.0,2.0,0.175,0.0175,0.9,0.5,5.0,traj,RPE,mean,0.04848220124459758
correlation_search_space_resolution,0.2,0.0070710678118654745,0.1,1.0,2.0,0.175,0.0175,0.9,0.5,5.0,traj,RPE,std_dev,0.03030280148996861
correlation_search_space_resolution,0.2,0.0070710678118654745,0.1,1.0,2.0,0.175,0.0175,0.9,0.5,5.0,traj,RPE,median,0.041192189590240354
correlation_search_space_resolution,0.2,0.0070710678118654745,0.1,1.0,2.0,0.175,0.0175,0.9,0.5,5.0,traj,RPE,min,0.009210917150571787
correlation_search_space_resolution,0.2,0.0070710678118654745,0.1,1.0,2.0,0.175,0.0175,0.9,0.5,5.0,traj,RPE,max,0.1943564736453206
correlation_search_space_resolution,0.2,0.0070710678118654745,0.1,1.0,2.0,0.175,0.0175,0.9,0.5,5.0,traj,RPE,rmse,0.057173277111445195
correlation_search_space_resolution,0.2,0.0070710678118654745,0.1,1.0,2.0,0.175,0.0175,0.9,0.5,5.0,traj,num associated poses,mean,28.0
correlation_search_space_resolution,0.2,0.0070710678118654745,0.1,1.0,2.0,0.175,0.0175,0.9,0.5,5.0,traj,num associated poses,std_dev,0.8944271909999159
correlation_search_space_resolution,0.2,0.0070710678118654745,0.1,1.0,2.0,0.175,0.0175,0.9,0.5,5.0,traj,num associated poses,median,28.0
correlation_search_space_resolution,0.2,0.0070710678118654745,0.1,1.0,2.0,0.175,0.0175,0.9,0.5,5.0,traj,num associated poses,min,27.0
correlation_search_space_resolution,0.2,0.0070710678118654745,0.1,1.0,2.0,0.175,0.0175,0.9,0.5,5.0,traj,num associated poses,max,29.0
correlation_search_space_resolution,0.2,0.0070710678118654745,0.1,1.0,2.0,0.175,0.0175,0.9,0.5,5.0,traj,num gt poses,mean,176.6
correlation_search_space_resolution,0.2,0.0070710678118654745,0.1,1.0,2.0,0.175,0.0175,0.9,0.5,5.0,traj,num gt poses,std_dev,3.0066592756745814
correlation_search_space_resolution,0.2,0.0070710678118654745,0.1,1.0,2.0,0.175,0.0175,0.9,0.5,5.0,traj,num gt poses,median,176.0
correlation_search_space_resolution,0.2,0.0070710678118654745,0.1,1.0,2.0,0.175,0.0175,0.9,0.5,5.0,traj,num gt poses,min,173.0
correlation_search_space_resolution,0.2,0.0070710678118654745,0.1,1.0,2.0,0.175,0.0175,0.9,0.5,5.0,traj,num gt poses,max,182.0
correlation_search_space_resolution,0.2,0.0070710678118654745,0.1,1.0,2.0,0.175,0.0175,0.9,0.5,5.0,traj,odom accum path length (m),mean,11.5765958
correlation_search_space_resolution,0.2,0.0070710678118654745,0.1,1.0,2.0,0.175,0.0175,0.9,0.5,5.0,traj,odom accum path length (m),std_dev,0.04023950705165297
correlation_search_space_resolution,0.2,0.0070710678118654745,0.1,1.0,2.0,0.175,0.0175,0.9,0.5,5.0,traj,odom accum path length (m),median,11.602719
correlation_search_space_resolution,0.2,0.0070710678118654745,0.1,1.0,2.0,0.175,0.0175,0.9,0.5,5.0,traj,odom accum path length (m),min,11.507219
correlation_search_space_resolution,0.2,0.0070710678118654745,0.1,1.0,2.0,0.175,0.0175,0.9,0.5,5.0,traj,odom accum path length (m),max,11.614615
correlation_search_space_resolution,0.2,0.0070710678118654745,0.1,1.0,2.0,0.175,0.0175,0.9,0.5,5.0,traj,total rotation (rad),mean,10.1597642
correlation_search_space_resolution,0.2,0.0070710678118654745,0.1,1.0,2.0,0.175,0.0175,0.9,0.5,5.0,traj,total rotation (rad),std_dev,0.7783322797606176
correlation_search_space_resolution,0.2,0.0070710678118654745,0.1,1.0,2.0,0.175,0.0175,0.9,0.5,5.0,traj,total rotation (rad),median,9.850353
correlation_search_space_resolution,0.2,0.0070710678118654745,0.1,1.0,2.0,0.175,0.0175,0.9,0.5,5.0,traj,total rotation (rad),min,9.088433
correlation_search_space_resolution,0.2,0.0070710678118654745,0.1,1.0,2.0,0.175,0.0175,0.9,0.5,5.0,traj,total rotation (rad),max,11.301659
correlation_search_space_resolution,0.2,0.0070710678118654745,0.1,1.0,2.0,0.175,0.0175,0.9,0.5,5.0,traj,duration (s),mean,24.189599999999995
correlation_search_space_resolution,0.2,0.0070710678118654745,0.1,1.0,2.0,0.175,0.0175,0.9,0.5,5.0,traj,duration (s),std_dev,0.47695601474349963
correlation_search_space_resolution,0.2,0.0070710678118654745,0.1,1.0,2.0,0.175,0.0175,0.9,0.5,5.0,traj,duration (s),median,24.020999999999997
correlation_search_space_resolution,0.2,0.0070710678118654745,0.1,1.0,2.0,0.175,0.0175,0.9,0.5,5.0,traj,duration (s),min,23.686999999999998
correlation_search_space_resolution,0.2,0.0070710678118654745,0.1,1.0,2.0,0.175,0.0175,0.9,0.5,5.0,traj,duration (s),max,25.017000000000003
correlation_search_space_resolution,0.2,0.0070710678118654745,0.1,1.0,2.0,0.175,0.0175,0.9,0.5,5.0,completion,successes,count,5.0
correlation_search_space_resolution,0.2,0.0070710678118654745,0.1,1.0,2.0,0.175,0.0175,0.9,0.5,5.0,completion,failures,count,0.0
correlation_search_space_resolution,0.2,0.0070710678118654745,0.1,1.0,2.0,0.175,0.0175,0.9,0.5,5.0,completion,errors,count,0.0
correlation_search_space_resolution,0.2,0.0070710678118654745,0.1,1.0,2.0,0.175,0.0175,0.9,0.5,5.0,completion,data or metrics missing,count,0.0
correlation_search_space_resolution,0.2,0.0070710678118654745,0.1,1.0,2.0,0.175,0.0175,0.9,0.5,5.0,latency,latency,mean,0.004200000000000001
correlation_search_space_resolution,0.2,0.0070710678118654745,0.1,1.0,2.0,0.175,0.0175,0.9,0.5,5.0,latency,latency,std_dev,0.003068736361622298
correlation_search_space_resolution,0.2,0.0070710678118654745,0.1,1.0,2.0,0.175,0.0175,0.9,0.5,5.0,latency,latency,median,0.003
correlation_search_space_resolution,0.2,0.0070710678118654745,0.1,1.0,2.0,0.175,0.0175,0.9,0.5,5.0,latency,latency,min,0.001
correlation_search_space_resolution,0.2,0.0070710678118654745,0.1,1.0,2.0,0.175,0.0175,0.9,0.5,5.0,latency,latency,max,0.014
correlation_search_space_resolution,0.2,0.0070710678118654745,0.1,1.0,2.0,0.175,0.0175,0.9,0.5,5.0,cov,trace,mean,0.005564993103448276
correlation_search_space_resolution,0.2,0.0070710678118654745,0.1,1.0,2.0,0.175,0.0175,0.9,0.5,5.0,cov,trace,std_dev,0.0019992853222970544
correlation_search_space_resolution,0.2,0.0070710678118654745,0.1,1.0,2.0,0.175,0.0175,0.9,0.5,5.0,cov,trace,median,0.004983
correlation_search_space_resolution,0.2,0.0070710678118654745,0.1,1.0,2.0,0.175,0.0175,0.9,0.5,5.0,cov,trace,min,0.0024200000000000003
correlation_search_space_resolution,0.2,0.0070710678118654745,0.1,1.0,2.0,0.175,0.0175,0.9,0.5,5.0,cov,trace,max,0.018577
correlation_search_space_resolution,0.2,0.0070710678118654745,0.1,1.0,2.0,0.175,0.0175,0.9,0.5,5.0,cov,trace,rmse,0.005913230085273133
correlation_search_space_resolution,0.2,0.0070710678118654745,0.1,1.0,2.0,0.175,0.0175,0.9,0.5,5.0,cov,det,mean,3.603145190620689e-10
correlation_search_space_resolution,0.2,0.0070710678118654745,0.1,1.0,2.0,0.175,0.0175,0.9,0.5,5.0,cov,det,std_dev,3.3533907757719175e-10
correlation_search_space_resolution,0.2,0.0070710678118654745,0.1,1.0,2.0,0.175,0.0175,0.9,0.5,5.0,cov,det,median,2.920551830000002e-10
correlation_search_space_resolution,0.2,0.0070710678118654745,0.1,1.0,2.0,0.175,0.0175,0.9,0.5,5.0,cov,det,min,6.997715000000005e-11
correlation_search_space_resolution,0.2,0.0070710678118654745,0.1,1.0,2.0,0.175,0.0175,0.9,0.5,5.0,cov,det,max,3.2733274880000035e-09
correlation_search_space_resolution,0.2,0.0070710678118654745,0.1,1.0,2.0,0.175,0.0175,0.9,0.5,5.0,cov,det,rmse,4.922182946592414e-10
correlation_search_space_resolution,0.2,0.01,0.1,1.0,2.0,0.175,0.0175,0.9,0.5,5.0,traj,APE,mean,0.06937548262092992
correlation_search_space_resolution,0.2,0.01,0.1,1.0,2.0,0.175,0.0175,0.9,0.5,5.0,traj,APE,std_dev,0.05384737167594343
correlation_search_space_resolution,0.2,0.01,0.1,1.0,2.0,0.175,0.0175,0.9,0.5,5.0,traj,APE,median,0.05377848593965974
correlation_search_space_resolution,0.2,0.01,0.1,1.0,2.0,0.175,0.0175,0.9,0.5,5.0,traj,APE,min,7.589415207398531e-19
correlation_search_space_resolution,0.2,0.01,0.1,1.0,2.0,0.175,0.0175,0.9,0.5,5.0,traj,APE,max,0.28289388514998054
correlation_search_space_resolution,0.2,0.01,0.1,1.0,2.0,0.175,0.0175,0.9,0.5,5.0,traj,APE,rmse,0.08782082341503149
correlation_search_space_resolution,0.2,0.01,0.1,1.0,2.0,0.175,0.0175,0.9,0.5,5.0,traj,RPE,mean,0.051137033907468925
correlation_search_space_resolution,0.2,0.01,0.1,1.0,2.0,0.175,0.0175,0.9,0.5,5.0,traj,RPE,std_dev,0.031914161501468634
correlation_search_space_resolution,0.2,0.01,0.1,1.0,2.0,0.175,0.0175,0.9,0.5,5.0,traj,RPE,median,0.04131844853323721
correlation_search_space_resolution,0.2,0.01,0.1,1.0,2.0,0.175,0.0175,0.9,0.5,5.0,traj,RPE,min,0.009964931403839939
correlation_search_space_resolution,0.2,0.01,0.1,1.0,2.0,0.175,0.0175,0.9,0.5,5.0,traj,RPE,max,0.19842574908823402
correlation_search_space_resolution,0.2,0.01,0.1,1.0,2.0,0.175,0.0175,0.9,0.5,5.0,traj,RPE,rmse,0.06027860268117907
correlation_search_space_resolution,0.2,0.01,0.1,1.0,2.0,0.175,0.0175,0.9,0.5,5.0,traj,num associated poses,mean,28.0
correlation_search_space_resolution,0.2,0.01,0.1,1.0,2.0,0.175,0.0175,0.9,0.5,5.0,traj,num associated poses,std_dev,0.6324555320336759
correlation_search_space_resolution,0.2,0.01,0.1,1.0,2.0,0.175,0.0175,0.9,0.5,5.0,traj,num associated poses,median,28.0
correlation_search_space_resolution,0.2,0.01,0.1,1.0,2.0,0.175,0.0175,0.9,0.5,5.0,traj,num associated poses,min,27.0
correlation_search_space_resolution,0.2,0.01,0.1,1.0,2.0,0.175,0.0175,0.9,0.5,5.0,traj,num associated poses,max,29.0
correlation_search_space_resolution,0.2,0.01,0.1,1.0,2.0,0.175,0.0175,0.9,0.5,5.0,traj,num gt poses,mean,175.2
correlation_search_space_resolution,0.2,0.01,0.1,1.0,2.0,0.175,0.0175,0.9,0.5,5.0,traj,num gt poses,std_dev,4.955804677345546
correlation_search_space_resolution,0.2,0.01,0.1,1.0,2.0,0.175,0.0175,0.9,0.5,5.0,traj,num gt poses,median,175.0
correlation_search_space_resolution,0.2,0.01,0.1,1.0,2.0,0.175,0.0175,0.9,0.5,5.0,traj,num gt poses,min,170.0
correlation_search_space_resolution,0.2,0.01,0.1,1.0,2.0,0.175,0.0175,0.9,0.5,5.0,traj,num gt poses,max,184.0
correlation_search_space_resolution,0.2,0.01,0.1,1.0,2.0,0.175,0.0175,0.9,0.5,5.0,traj,odom accum path length (m),mean,11.5771298
correlation_search_space_resolution,0.2,0.01,0.1,1.0,2.0,0.175,0.0175,0.9,0.5,5.0,traj,odom accum path length (m),std_dev,0.07872346256968114
correlation_search_space_resolution,0.2,0.01,0.1,1.0,2.0,0.175,0.0175,0.9,0.5,5.0,traj,odom accum path length (m),median,11.581534
correlation_search_space_resolution,0.2,0.01,0.1,1.0,2.0,0.175,0.0175,0.9,0.5,5.0,traj,odom accum path length (m),min,11.457341
correlation_search_space_resolution,0.2,0.01,0.1,1.0,2.0,0.175,0.0175,0.9,0.5,5.0,traj,odom accum path length (m),max,11.698481
correlation_search_space_resolution,0.2,0.01,0.1,1.0,2.0,0.175,0.0175,0.9,0.5,5.0,traj,total rotation (rad),mean,9.760512
correlation_search_space_resolution,0.2,0.01,0.1,1.0,2.0,0.175,0.0175,0.9,0.5,5.0,traj,total rotation (rad),std_dev,0.619990410923588
correlation_search_space_resolution,0.2,0.01,0.1,1.0,2.0,0.175,0.0175,0.9,0.5,5.0,traj,total rotation (rad),median,9.559941
correlation_search_space_resolution,0.2,0.01,0.1,1.0,2.0,0.175,0.0175,0.9,0.5,5.0,traj,total rotation (rad),min,9.126979
correlation_search_space_resolution,0.2,0.01,0.1,1.0,2.0,0.175,0.0175,0.9,0.5,5.0,traj,total rotation (rad),max,10.912052
correlation_search_space_resolution,0.2,0.01,0.1,1.0,2.0,0.175,0.0175,0.9,0.5,5.0,traj,duration (s),mean,24.052
correlation_search_space_resolution,0.2,0.01,0.1,1.0,2.0,0.175,0.0175,0.9,0.5,5.0,traj,duration (s),std_dev,0.7413023674587863
correlation_search_space_resolution,0.2,0.01,0.1,1.0,2.0,0.175,0.0175,0.9,0.5,5.0,traj,duration (s),median,23.913000000000004
correlation_search_space_resolution,0.2,0.01,0.1,1.0,2.0,0.175,0.0175,0.9,0.5,5.0,traj,duration (s),min,23.262
correlation_search_space_resolution,0.2,0.01,0.1,1.0,2.0,0.175,0.0175,0.9,0.5,5.0,traj,duration (s),max,25.432000000000002
correlation_search_space_resolution,0.2,0.01,0.1,1.0,2.0,0.175,0.0175,0.9,0.5,5.0,completion,successes,count,5.0
correlation_search_space_resolution,0.2,0.01,0.1,1.0,2.0,0.175,0.0175,0.9,0.5,5.0,completion,failures,count,0.0
correlation_search_space_resolution,0.2,0.01,0.1,1.0,2.0,0.175,0.0175,0.9,0.5,5.0,completion,errors,count,0.0
correlation_search_space_resolution,0.2,0.01,0.1,1.0,2.0,0.175,0.0175,0.9,0.5,5.0,completion,data or metrics missing,count,0.0
correlation_search_space_resolution,0.2,0.01,0.1,1.0,2.0,0.175,0.0175,0.9,0.5,5.0,latency,latency,mean,0.004521428571428572
correlation_search_space_resolution,0.2,0.01,0.1,1.0,2.0,0.175,0.0175,0.9,0.5,5.0,latency,latency,std_dev,0.003872001802580117
correlation_search_space_resolution,0.2,0.01,0.1,1.0,2.0,0.175,0.0175,0.9,0.5,5.0,latency,latency,median,0.003
correlation_search_space_resolution,0.2,0.01,0.1,1.0,2.0,0.175,0.0175,0.9,0.5,5.0,latency,latency,min,0.0
correlation_search_space_resolution,0.2,0.01,0.1,1.0,2.0,0.175,0.0175,0.9,0.5,5.0,latency,latency,max,0.015000000000000001
correlation_search_space_resolution,0.2,0.01,0.1,1.0,2.0,0.175,0.0175,0.9,0.5,5.0,cov,trace,mean,0.0055719375000000005
correlation_search_space_resolution,0.2,0.01,0.1,1.0,2.0,0.175,0.0175,0.9,0.5,5.0,cov,trace,std_dev,0.0016367092883908432
correlation_search_space_resolution,0.2,0.01,0.1,1.0,2.0,0.175,0.0175,0.9,0.5,5.0,cov,trace,median,0.0051140000000000005
correlation_search_space_resolution,0.2,0.01,0.1,1.0,2.0,0.175,0.0175,0.9,0.5,5.0,cov,trace,min,0.002835
correlation_search_space_resolution,0.2,0.01,0.1,1.0,2.0,0.175,0.0175,0.9,0.5,5.0,cov,trace,max,0.013122000000000002
correlation_search_space_resolution,0.2,0.01,0.1,1.0,2.0,0.175,0.0175,0.9,0.5,5.0,cov,trace,rmse,0.005807349205843498
correlation_search_space_resolution,0.2,0.01,0.1,1.0,2.0,0.175,0.0175,0.9,0.5,5.0,cov,det,mean,3.5608477831249987e-10
correlation_search_space_resolution,0.2,0.01,0.1,1.0,2.0,0.175,0.0175,0.9,0.5,5.0,cov,det,std_dev,3.076838479708938e-10
correlation_search_space_resolution,0.2,0.01,0.1,1.0,2.0,0.175,0.0175,0.9,0.5,5.0,cov,det,median,2.524421064999999e-10
correlation_search_space_resolution,0.2,0.01,0.1,1.0,2.0,0.175,0.0175,0.9,0.5,5.0,cov,det,min,6.554698899999996e-11
correlation_search_space_resolution,0.2,0.01,0.1,1.0,2.0,0.175,0.0175,0.9,0.5,5.0,cov,det,max,2.0309251259999938e-09
correlation_search_space_resolution,0.2,0.01,0.1,1.0,2.0,0.175,0.0175,0.9,0.5,5.0,cov,det,rmse,4.706014445877087e-10
correlation_search_space_resolution,0.2,0.014142135623730952,0.1,1.0,2.0,0.175,0.0175,0.9,0.5,5.0,traj,APE,mean,0.0692883458550526
correlation_search_space_resolution,0.2,0.014142135623730952,0.1,1.0,2.0,0.175,0.0175,0.9,0.5,5.0,traj,APE,std_dev,0.04373347273884194
correlation_search_space_resolution,0.2,0.014142135623730952,0.1,1.0,2.0,0.175,0.0175,0.9,0.5,5.0,traj,APE,median,0.05603515547524199
correlation_search_space_resolution,0.2,0.014142135623730952,0.1,1.0,2.0,0.175,0.0175,0.9,0.5,5.0,traj,APE,min,9.215718466126788e-19
correlation_search_space_resolution,0.2,0.014142135623730952,0.1,1.0,2.0,0.175,0.0175,0.9,0.5,5.0,traj,APE,max,0.18418877289513325
correlation_search_space_resolution,0.2,0.014142135623730952,0.1,1.0,2.0,0.175,0.0175,0.9,0.5,5.0,traj,APE,rmse,0.08193589878147682
correlation_search_space_resolution,0.2,0.014142135623730952,0.1,1.0,2.0,0.175,0.0175,0.9,0.5,5.0,traj,RPE,mean,0.052590704799789834
correlation_search_space_resolution,0.2,0.014142135623730952,0.1,1.0,2.0,0.175,0.0175,0.9,0.5,5.0,traj,RPE,std_dev,0.03374043452354102
correlation_search_space_resolution,0.2,0.014142135623730952,0.1,1.0,2.0,0.175,0.0175,0.9,0.5,5.0,traj,RPE,median,0.044376575291272466
correlation_search_space_resolution,0.2,0.014142135623730952,0.1,1.0,2.0,0.175,0.0175,0.9,0.5,5.0,traj,RPE,min,0.00476597032605694
correlation_search_space_resolution,0.2,0.014142135623730952,0.1,1.0,2.0,0.175,0.0175,0.9,0.5,5.0,traj,RPE,max,0.21507098855240053
correlation_search_space_resolution,0.2,0.014142135623730952,0.1,1.0,2.0,0.175,0.0175,0.9,0.5,5.0,traj,RPE,rmse,0.062483591071384466
correlation_search_space_resolution,0.2,0.014142135623730952,0.1,1.0,2.0,0.175,0.0175,0.9,0.5,5.0,traj,num associated poses,mean,30.2
correlation_search_space_resolution,0.2,0.014142135623730952,0.1,1.0,2.0,0.175,0.0175,0.9,0.5,5.0,traj,num associated poses,std_dev,3.867815921162743
correlation_search_space_resolution,0.2,0.014142135623730952,0.1,1.0,2.0,0.175,0.0175,0.9,0.5,5.0,traj,num associated poses,median,28.0
correlation_search_space_resolution,0.2,0.014142135623730952,0.1,1.0,2.0,0.175,0.0175,0.9,0.5,5.0,traj,num associated poses,min,27.0
correlation_search_space_resolution,0.2,0.014142135623730952,0.1,1.0,2.0,0.175,0.0175,0.9,0.5,5.0,traj,num associated poses,max,37.0
correlation_search_space_resolution,0.2,0.014142135623730952,0.1,1.0,2.0,0.175,0.0175,0.9,0.5,5.0,traj,num gt poses,mean,183.6
correlation_search_space_resolution,0.2,0.014142135623730952,0.1,1.0,2.0,0.175,0.0175,0.9,0.5,5.0,traj,num gt poses,std_dev,12.240914998479484
correlation_search_space_resolution,0.2,0.014142135623730952,0.1,1.0,2.0,0.175,0.0175,0.9,0.5,5.0,traj,num gt poses,median,186.0
correlation_search_space_resolution,0.2,0.014142135623730952,0.1,1.0,2.0,0.175,0.0175,0.9,0.5,5.0,traj,num gt poses,min,169.0
correlation_search_space_resolution,0.2,0.014142135623730952,0.1,1.0,2.0,0.175,0.0175,0.9,0.5,5.0,traj,num gt poses,max,199.0
correlation_search_space_resolution,0.2,0.014142135623730952,0.1,1.0,2.0,0.175,0.0175,0.9,0.5,5.0,traj,odom accum path length (m),mean,11.6505124
correlation_search_space_resolution,0.2,0.014142135623730952,0.1,1.0,2.0,0.175,0.0175,0.9,0.5,5.0,traj,odom accum path length (m),std_dev,0.1622298056173404
correlation_search_space_resolution,0.2,0.014142135623730952,0.1,1.0,2.0,0.175,0.0175,0.9,0.5,5.0,traj,odom accum path length (m),median,11.66149
correlation_search_space_resolution,0.2,0.014142135623730952,0.1,1.0,2.0,0.175,0.0175,0.9,0.5,5.0,traj,odom accum path length (m),min,11.441034
correlation_search_space_resolution,0.2,0.014142135623730952,0.1,1.0,2.0,0.175,0.0175,0.9,0.5,5.0,traj,odom accum path length (m),max,11.910628
correlation_search_space_resolution,0.2,0.014142135623730952,0.1,1.0,2.0,0.175,0.0175,0.9,0.5,5.0,traj,total rotation (rad),mean,11.159721600000001
correlation_search_space_resolution,0.2,0.014142135623730952,0.1,1.0,2.0,0.175,0.0175,0.9,0.5,5.0,traj,total rotation (rad),std_dev,2.075715399170763
correlation_search_space_resolution,0.2,0.014142135623730952,0.1,1.0,2.0,0.175,0.0175,0.9,0.5,5.0,traj,total rotation (rad),median,10.378632
correlation_search_space_resolution,0.2,0.014142135623730952,0.1,1.0,2.0,0.175,0.0175,0.9,0.5,5.0,traj,total rotation (rad),min,9.130964
correlation_search_space_resolution,0.2,0.014142135623730952,0.1,1.0,2.0,0.175,0.0175,0.9,0.5,5.0,traj,total rotation (rad),max,14.578861
correlation_search_space_resolution,0.2,0.014142135623730952,0.1,1.0,2.0,0.175,0.0175,0.9,0.5,5.0,traj,duration (s),mean,25.1644
correlation_search_space_resolution,0.2,0.014142135623730952,0.1,1.0,2.0,0.175,0.0175,0.9,0.5,5.0,traj,duration (s),std_dev,1.5765071011574947
correlation_search_space_resolution,0.2,0.014142135623730952,0.1,1.0,2.0,0.175,0.0175,0.9,0.5,5.0,traj,duration (s),median,25.468000000000004
correlation_search_space_resolution,0.2,0.014142135623730952,0.1,1.0,2.0,0.175,0.0175,0.9,0.5,5.0,traj,duration (s),min,23.314999999999998
correlation_search_space_resolution,0.2,0.014142135623730952,0.1,1.0,2.0,0.175,0.0175,0.9,0.5,5.0,traj,duration (s),max,27.082
correlation_search_space_resolution,0.2,0.014142135623730952,0.1,1.0,2.0,0.175,0.0175,0.9,0.5,5.0,completion,successes,count,5.0
correlation_search_space_resolution,0.2,0.014142135623730952,0.1,1.0,2.0,0.175,0.0175,0.9,0.5,5.0,completion,failures,count,0.0
correlation_search_space_resolution,0.2,0.014142135623730952,0.1,1.0,2.0,0.175,0.0175,0.9,0.5,5.0,completion,errors,count,0.0
correlation_search_space_resolution,0.2,0.014142135623730952,0.1,1.0,2.0,0.175,0.0175,0.9,0.5,5.0,completion,data or metrics missing,count,0.0
correlation_search_space_resolution,0.2,0.014142135623730952,0.1,1.0,2.0,0.175,0.0175,0.9,0.5,5.0,latency,latency,mean,0.004801324503311259
correlation_search_space_resolution,0.2,0.014142135623730952,0.1,1.0,2.0,0.175,0.0175,0.9,0.5,5.0,latency,latency,std_dev,0.00491789524186205
correlation_search_space_resolution,0.2,0.014142135623730952,0.1,1.0,2.0,0.175,0.0175,0.9,0.5,5.0,latency,latency,median,0.003
correlation_search_space_resolution,0.2,0.014142135623730952,0.1,1.0,2.0,0.175,0.0175,0.9,0.5,5.0,latency,latency,min,0.0
correlation_search_space_resolution,0.2,0.014142135623730952,0.1,1.0,2.0,0.175,0.0175,0.9,0.5,5.0,latency,latency,max,0.024
correlation_search_space_resolution,0.2,0.014142135623730952,0.1,1.0,2.0,0.175,0.0175,0.9,0.5,5.0,cov,trace,mean,0.005615516129032259
correlation_search_space_resolution,0.2,0.014142135623730952,0.1,1.0,2.0,0.175,0.0175,0.9,0.5,5.0,cov,trace,std_dev,0.0020655415921967523
correlation_search_space_resolution,0.2,0.014142135623730952,0.1,1.0,2.0,0.175,0.0175,0.9,0.5,5.0,cov,trace,median,0.004973
correlation_search_space_resolution,0.2,0.014142135623730952,0.1,1.0,2.0,0.175,0.0175,0.9,0.5,5.0,cov,trace,min,0.003037
correlation_search_space_resolution,0.2,0.014142135623730952,0.1,1.0,2.0,0.175,0.0175,0.9,0.5,5.0,cov,trace,max,0.020390000000000002
correlation_search_space_resolution,0.2,0.014142135623730952,0.1,1.0,2.0,0.175,0.0175,0.9,0.5,5.0,cov,trace,rmse,0.0059833505216154706
correlation_search_space_resolution,0.2,0.014142135623730952,0.1,1.0,2.0,0.175,0.0175,0.9,0.5,5.0,cov,det,mean,3.894981918903224e-10
correlation_search_space_resolution,0.2,0.014142135623730952,0.1,1.0,2.0,0.175,0.0175,0.9,0.5,5.0,cov,det,std_dev,3.7235499316531933e-10
correlation_search_space_resolution,0.2,0.014142135623730952,0.1,1.0,2.0,0.175,0.0175,0.9,0.5,5.0,cov,det,median,2.793534559999998e-10
correlation_search_space_resolution,0.2,0.014142135623730952,0.1,1.0,2.0,0.175,0.0175,0.9,0.5,5.0,cov,det,min,8.412125900000012e-11
correlation_search_space_resolution,0.2,0.014142135623730952,0.1,1.0,2.0,0.175,0.0175,0.9,0.5,5.0,cov,det,max,2.700860814e-09
correlation_search_space_resolution,0.2,0.014142135623730952,0.1,1.0,2.0,0.175,0.0175,0.9,0.5,5.0,cov,det,rmse,5.388479214221535e-10
correlation_search_space_resolution,0.2,0.020000000000000004,0.1,1.0,2.0,0.175,0.0175,0.9,0.5,5.0,traj,APE,mean,0.08929722509304579
correlation_search_space_resolution,0.2,0.020000000000000004,0.1,1.0,2.0,0.175,0.0175,0.9,0.5,5.0,traj,APE,std_dev,0.07156489550433591
correlation_search_space_resolution,0.2,0.020000000000000004,0.1,1.0,2.0,0.175,0.0175,0.9,0.5,5.0,traj,APE,median,0.06426447918482554
correlation_search_space_resolution,0.2,0.020000000000000004,0.1,1.0,2.0,0.175,0.0175,0.9,0.5,5.0,traj,APE,min,1.0842021724855044e-19
correlation_search_space_resolution,0.2,0.020000000000000004,0.1,1.0,2.0,0.175,0.0175,0.9,0.5,5.0,traj,APE,max,0.28057797369891874
correlation_search_space_resolution,0.2,0.020000000000000004,0.1,1.0,2.0,0.175,0.0175,0.9,0.5,5.0,traj,APE,rmse,0.11443569669410243
correlation_search_space_resolution,0.2,0.020000000000000004,0.1,1.0,2.0,0.175,0.0175,0.9,0.5,5.0,traj,RPE,mean,0.04709790101922286
correlation_search_space_resolution,0.2,0.020000000000000004,0.1,1.0,2.0,0.175,0.0175,0.9,0.5,5.0,traj,RPE,std_dev,0.0270963359357441
correlation_search_space_resolution,0.2,0.020000000000000004,0.1,1.0,2.0,0.175,0.0175,0.9,0.5,5.0,traj,RPE,median,0.04144210097306941
correlation_search_space_resolution,0.2,0.020000000000000004,0.1,1.0,2.0,0.175,0.0175,0.9,0.5,5.0,traj,RPE,min,0.013412969262313402
correlation_search_space_resolution,0.2,0.020000000000000004,0.1,1.0,2.0,0.175,0.0175,0.9,0.5,5.0,traj,RPE,max,0.18474621528568913
correlation_search_space_resolution,0.2,0.020000000000000004,0.1,1.0,2.0,0.175,0.0175,0.9,0.5,5.0,traj,RPE,rmse,0.054336209856404326
correlation_search_space_resolution,0.2,0.020000000000000004,0.1,1.0,2.0,0.175,0.0175,0.9,0.5,5.0,traj,num associated poses,mean,27.6
correlation_search_space_resolution,0.2,0.020000000000000004,0.1,1.0,2.0,0.175,0.0175,0.9,0.5,5.0,traj,num associated poses,std_dev,0.7999999999999999
correlation_search_space_resolution,0.2,0.020000000000000004,0.1,1.0,2.0,0.175,0.0175,0.9,0.5,5.0,traj,num associated poses,median,27.0
correlation_search_space_resolution,0.2,0.020000000000000004,0.1,1.0,2.0,0.175,0.0175,0.9,0.5,5.0,traj,num associated poses,min,27.0
correlation_search_space_resolution,0.2,0.020000000000000004,0.1,1.0,2.0,0.175,0.0175,0.9,0.5,5.0,traj,num associated poses,max,29.0
correlation_search_space_resolution,0.2,0.020000000000000004,0.1,1.0,2.0,0.175,0.0175,0.9,0.5,5.0,traj,num gt poses,mean,178.0
correlation_search_space_resolution,0.2,0.020000000000000004,0.1,1.0,2.0,0.175,0.0175,0.9,0.5,5.0,traj,num gt poses,std_dev,7.58946638440411
correlation_search_space_resolution,0.2,0.020000000000000004,0.1,1.0,2.0,0.175,0.0175,0.9,0.5,5.0,traj,num gt poses,median,175.0
correlation_search_space_resolution,0.2,0.020000000000000004,0.1,1.0,2.0,0.175,0.0175,0.9,0.5,5.0,traj,num gt poses,min,173.0
correlation_search_space_resolution,0.2,0.020000000000000004,0.1,1.0,2.0,0.175,0.0175,0.9,0.5,5.0,traj,num gt poses,max,193.0
correlation_search_space_resolution,0.2,0.020000000000000004,0.1,1.0,2.0,0.175,0.0175,0.9,0.5,5.0,traj,odom accum path length (m),mean,11.560408599999999
correlation_search_space_resolution,0.2,0.020000000000000004,0.1,1.0,2.0,0.175,0.0175,0.9,0.5,5.0,traj,odom accum path length (m),std_dev,0.09923179045971109
correlation_search_space_resolution,0.2,0.020000000000000004,0.1,1.0,2.0,0.175,0.0175,0.9,0.5,5.0,traj,odom accum path length (m),median,11.53003
correlation_search_space_resolution,0.2,0.020000000000000004,0.1,1.0,2.0,0.175,0.0175,0.9,0.5,5.0,traj,odom accum path length (m),min,11.427144
correlation_search_space_resolution,0.2,0.020000000000000004,0.1,1.0,2.0,0.175,0.0175,0.9,0.5,5.0,traj,odom accum path length (m),max,11.701855
correlation_search_space_resolution,0.2,0.020000000000000004,0.1,1.0,2.0,0.175,0.0175,0.9,0.5,5.0,traj,total rotation (rad),mean,9.986491000000001
correlation_search_space_resolution,0.2,0.020000000000000004,0.1,1.0,2.0,0.175,0.0175,0.9,0.5,5.0,traj,total rotation (rad),std_dev,0.6715178045130299
correlation_search_space_resolution,0.2,0.020000000000000004,0.1,1.0,2.0,0.175,0.0175,0.9,0.5,5.0,traj,total rotation (rad),median,9.551846
correlation_search_space_resolution,0.2,0.020000000000000004,0.1,1.0,2.0,0.175,0.0175,0.9,0.5,5.0,traj,total rotation (rad),min,9.379777
correlation_search_space_resolution,0.2,0.020000000000000004,0.1,1.0,2.0,0.175,0.0175,0.9,0.5,5.0,traj,total rotation (rad),max,10.983319
correlation_search_space_resolution,0.2,0.020000000000000004,0.1,1.0,2.0,0.175,0.0175,0.9,0.5,5.0,traj,duration (s),mean,24.394600000000004
correlation_search_space_resolution,0.2,0.020000000000000004,0.1,1.0,2.0,0.175,0.0175,0.9,0.5,5.0,traj,duration (s),std_dev,1.015380244046537
correlation_search_space_resolution,0.2,0.020000000000000004,0.1,1.0,2.0,0.175,0.0175,0.9,0.5,5.0,traj,duration (s),median,24.009
correlation_search_space_resolution,0.2,0.020000000000000004,0.1,1.0,2.0,0.175,0.0175,0.9,0.5,5.0,traj,duration (s),min,23.616
correlation_search_space_resolution,0.2,0.020000000000000004,0.1,1.0,2.0,0.175,0.0175,0.9,0.5,5.0,traj,duration (s),max,26.400000000000006
correlation_search_space_resolution,0.2,0.020000000000000004,0.1,1.0,2.0,0.175,0.0175,0.9,0.5,5.0,completion,successes,count,5.0
correlation_search_space_resolution,0.2,0.020000000000000004,0.1,1.0,2.0,0.175,0.0175,0.9,0.5,5.0,completion,failures,count,0.0
correlation_search_space_resolution,0.2,0.020000000000000004,0.1,1.0,2.0,0.175,0.0175,0.9,0.5,5.0,completion,errors,count,0.0
correlation_search_space_resolution,0.2,0.020000000000000004,0.1,1.0,2.0,0.175,0.0175,0.9,0.5,5.0,completion,data or metrics missing,count,0.0
correlation_search_space_resolution,0.2,0.020000000000000004,0.1,1.0,2.0,0.175,0.0175,0.9,0.5,5.0,latency,latency,mean,0.004717391304347826
correlation_search_space_resolution,0.2,0.020000000000000004,0.1,1.0,2.0,0.175,0.0175,0.9,0.5,5.0,latency,latency,std_dev,0.0033318601029202343
correlation_search_space_resolution,0.2,0.020000000000000004,0.1,1.0,2.0,0.175,0.0175,0.9,0.5,5.0,latency,latency,median,0.004
correlation_search_space_resolution,0.2,0.020000000000000004,0.1,1.0,2.0,0.175,0.0175,0.9,0.5,5.0,latency,latency,min,0.0
correlation_search_space_resolution,0.2,0.020000000000000004,0.1,1.0,2.0,0.175,0.0175,0.9,0.5,5.0,latency,latency,max,0.016
correlation_search_space_resolution,0.2,0.020000000000000004,0.1,1.0,2.0,0.175,0.0175,0.9,0.5,5.0,cov,trace,mean,0.005714035211267606
correlation_search_space_resolution,0.2,0.020000000000000004,0.1,1.0,2.0,0.175,0.0175,0.9,0.5,5.0,cov,trace,std_dev,0.002300319115681873
correlation_search_space_resolution,0.2,0.020000000000000004,0.1,1.0,2.0,0.175,0.0175,0.9,0.5,5.0,cov,trace,median,0.005131999999999999
correlation_search_space_resolution,0.2,0.020000000000000004,0.1,1.0,2.0,0.175,0.0175,0.9,0.5,5.0,cov,trace,min,0.0023359999999999995
correlation_search_space_resolution,0.2,0.020000000000000004,0.1,1.0,2.0,0.175,0.0175,0.9,0.5,5.0,cov,trace,max,0.022418000000000004
correlation_search_space_resolution,0.2,0.020000000000000004,0.1,1.0,2.0,0.175,0.0175,0.9,0.5,5.0,cov,trace,rmse,0.006159680708411554
correlation_search_space_resolution,0.2,0.020000000000000004,0.1,1.0,2.0,0.175,0.0175,0.9,0.5,5.0,cov,det,mean,3.771967684999997e-10
correlation_search_space_resolution,0.2,0.020000000000000004,0.1,1.0,2.0,0.175,0.0175,0.9,0.5,5.0,cov,det,std_dev,3.2809143226086966e-10
correlation_search_space_resolution,0.2,0.020000000000000004,0.1,1.0,2.0,0.175,0.0175,0.9,0.5,5.0,cov,det,median,2.554095290000004e-10
correlation_search_space_resolution,0.2,0.020000000000000004,0.1,1.0,2.0,0.175,0.0175,0.9,0.5,5.0,cov,det,min,5.016748600000005e-11
correlation_search_space_resolution,0.2,0.020000000000000004,0.1,1.0,2.0,0.175,0.0175,0.9,0.5,5.0,cov,det,max,1.927847767e-09
correlation_search_space_resolution,0.2,0.020000000000000004,0.1,1.0,2.0,0.175,0.0175,0.9,0.5,5.0,cov,det,rmse,4.999213839093415e-10
correlation_search_space_resolution,0.2,0.02828427124746191,0.1,1.0,2.0,0.175,0.0175,0.9,0.5,5.0,traj,APE,mean,0.07509639766544822
correlation_search_space_resolution,0.2,0.02828427124746191,0.1,1.0,2.0,0.175,0.0175,0.9,0.5,5.0,traj,APE,std_dev,0.05835676940036677
correlation_search_space_resolution,0.2,0.02828427124746191,0.1,1.0,2.0,0.175,0.0175,0.9,0.5,5.0,traj,APE,median,0.055247402410321986
correlation_search_space_resolution,0.2,0.02828427124746191,0.1,1.0,2.0,0.175,0.0175,0.9,0.5,5.0,traj,APE,min,8.131516293641283e-19
correlation_search_space_resolution,0.2,0.02828427124746191,0.1,1.0,2.0,0.175,0.0175,0.9,0.5,5.0,traj,APE,max,0.27404465793490623
correlation_search_space_resolution,0.2,0.02828427124746191,0.1,1.0,2.0,0.175,0.0175,0.9,0.5,5.0,traj,APE,rmse,0.09510510752412155
correlation_search_space_resolution,0.2,0.02828427124746191,0.1,1.0,2.0,0.175,0.0175,0.9,0.5,5.0,traj,RPE,mean,0.048541795815381664
correlation_search_space_resolution,0.2,0.02828427124746191,0.1,1.0,2.0,0.175,0.0175,0.9,0.5,5.0,traj,RPE,std_dev,0.027005396751430318
correlation_search_space_resolution,0.2,0.02828427124746191,0.1,1.0,2.0,0.175,0.0175,0.9,0.5,5.0,traj,RPE,median,0.04288622926959294
correlation_search_space_resolution,0.2,0.02828427124746191,0.1,1.0,2.0,0.175,0.0175,0.9,0.5,5.0,traj,RPE,min,0.011017253467199053
correlation_search_space_resolution,0.2,0.02828427124746191,0.1,1.0,2.0,0.175,0.0175,0.9,0.5,5.0,traj,RPE,max,0.156018171667969
correlation_search_space_resolution,0.2,0.02828427124746191,0.1,1.0,2.0,0.175,0.0175,0.9,0.5,5.0,traj,RPE,rmse,0.05554815383686814
correlation_search_space_resolution,0.2,0.02828427124746191,0.1,1.0,2.0,0.175,0.0175,0.9,0.5,5.0,traj,num associated poses,mean,27.2
correlation_search_space_resolution,0.2,0.02828427124746191,0.1,1.0,2.0,0.175,0.0175,0.9,0.5,5.0,traj,num associated poses,std_dev,0.7483314773547882
correlation_search_space_resolution,0.2,0.02828427124746191,0.1,1.0,2.0,0.175,0.0175,0.9,0.5,5.0,traj,num associated poses,median,27.0
correlation_search_space_resolution,0.2,0.02828427124746191,0.1,1.0,2.0,0.175,0.0175,0.9,0.5,5.0,traj,num associated poses,min,26.0
correlation_search_space_resolution,0.2,0.02828427124746191,0.1,1.0,2.0,0.175,0.0175,0.9,0.5,5.0,traj,num associated poses,max,28.0
correlation_search_space_resolution,0.2,0.02828427124746191,0.1,1.0,2.0,0.175,0.0175,0.9,0.5,5.0,traj,num gt poses,mean,171.2
correlation_search_space_resolution,0.2,0.02828427124746191,0.1,1.0,2.0,0.175,0.0175,0.9,0.5,5.0,traj,num gt poses,std_dev,1.469693845669907
correlation_search_space_resolution,0.2,0.02828427124746191,0.1,1.0,2.0,0.175,0.0175,0.9,0.5,5.0,traj,num gt poses,median,171.0
correlation_search_space_resolution,0.2,0.02828427124746191,0.1,1.0,2.0,0.175,0.0175,0.9,0.5,5.0,traj,num gt poses,min,170.0
correlation_search_space_resolution,0.2,0.02828427124746191,0.1,1.0,2.0,0.175,0.0175,0.9,0.5,5.0,traj,num gt poses,max,174.0
correlation_search_space_resolution,0.2,0.02828427124746191,0.1,1.0,2.0,0.175,0.0175,0.9,0.5,5.0,traj,odom accum path length (m),mean,11.495018
correlation_search_space_resolution,0.2,0.02828427124746191,0.1,1.0,2.0,0.175,0.0175,0.9,0.5,5.0,traj,odom accum path length (m),std_dev,0.04510315522444063
correlation_search_space_resolution,0.2,0.02828427124746191,0.1,1.0,2.0,0.175,0.0175,0.9,0.5,5.0,traj,odom accum path length (m),median,11.497679
correlation_search_space_resolution,0.2,0.02828427124746191,0.1,1.0,2.0,0.175,0.0175,0.9,0.5,5.0,traj,odom accum path length (m),min,11.450441
correlation_search_space_resolution,0.2,0.02828427124746191,0.1,1.0,2.0,0.175,0.0175,0.9,0.5,5.0,traj,odom accum path length (m),max,11.574207
correlation_search_space_resolution,0.2,0.02828427124746191,0.1,1.0,2.0,0.175,0.0175,0.9,0.5,5.0,traj,total rotation (rad),mean,9.438354
correlation_search_space_resolution,0.2,0.02828427124746191,0.1,1.0,2.0,0.175,0.0175,0.9,0.5,5.0,traj,total rotation (rad),std_dev,0.2155304464515401
correlation_search_space_resolution,0.2,0.02828427124746191,0.1,1.0,2.0,0.175,0.0175,0.9,0.5,5.0,traj,total rotation (rad),median,9.423154
correlation_search_space_resolution,0.2,0.02828427124746191,0.1,1.0,2.0,0.175,0.0175,0.9,0.5,5.0,traj,total rotation (rad),min,9.120916
correlation_search_space_resolution,0.2,0.02828427124746191,0.1,1.0,2.0,0.175,0.0175,0.9,0.5,5.0,traj,total rotation (rad),max,9.698479
correlation_search_space_resolution,0.2,0.02828427124746191,0.1,1.0,2.0,0.175,0.0175,0.9,0.5,5.0,traj,duration (s),mean,23.5242
correlation_search_space_resolution,0.2,0.02828427124746191,0.1,1.0,2.0,0.175,0.0175,0.9,0.5,5.0,traj,duration (s),std_dev,0.25027936391160854
correlation_search_space_resolution,0.2,0.02828427124746191,0.1,1.0,2.0,0.175,0.0175,0.9,0.5,5.0,traj,duration (s),median,23.489000000000004
correlation_search_space_resolution,0.2,0.02828427124746191,0.1,1.0,2.0,0.175,0.0175,0.9,0.5,5.0,traj,duration (s),min,23.258000000000003
correlation_search_space_resolution,0.2,0.02828427124746191,0.1,1.0,2.0,0.175,0.0175,0.9,0.5,5.0,traj,duration (s),max,23.988
correlation_search_space_resolution,0.2,0.02828427124746191,0.1,1.0,2.0,0.175,0.0175,0.9,0.5,5.0,completion,successes,count,5.0
correlation_search_space_resolution,0.2,0.02828427124746191,0.1,1.0,2.0,0.175,0.0175,0.9,0.5,5.0,completion,failures,count,0.0
correlation_search_space_resolution,0.2,0.02828427124746191,0.1,1.0,2.0,0.175,0.0175,0.9,0.5,5.0,completion,errors,count,0.0
correlation_search_space_resolution,0.2,0.02828427124746191,0.1,1.0,2.0,0.175,0.0175,0.9,0.5,5.0,completion,data or metrics missing,count,0.0
correlation_search_space_resolution,0.2,0.02828427124746191,0.1,1.0,2.0,0.175,0.0175,0.9,0.5,5.0,latency,latency,mean,0.005169117647058824
correlation_search_space_resolution,0.2,0.02828427124746191,0.1,1.0,2.0,0.175,0.0175,0.9,0.5,5.0,latency,latency,std_dev,0.004617032321388644
correlation_search_space_resolution,0.2,0.02828427124746191,0.1,1.0,2.0,0.175,0.0175,0.9,0.5,5.0,latency,latency,median,0.003
correlation_search_space_resolution,0.2,0.02828427124746191,0.1,1.0,2.0,0.175,0.0175,0.9,0.5,5.0,latency,latency,min,0.0
correlation_search_space_resolution,0.2,0.02828427124746191,0.1,1.0,2.0,0.175,0.0175,0.9,0.5,5.0,latency,latency,max,0.016
correlation_search_space_resolution,0.2,0.02828427124746191,0.1,1.0,2.0,0.175,0.0175,0.9,0.5,5.0,cov,trace,mean,0.005504798561151079
correlation_search_space_resolution,0.2,0.02828427124746191,0.1,1.0,2.0,0.175,0.0175,0.9,0.5,5.0,cov,trace,std_dev,0.0016100279687452062
correlation_search_space_resolution,0.2,0.02828427124746191,0.1,1.0,2.0,0.175,0.0175,0.9,0.5,5.0,cov,trace,median,0.00499
correlation_search_space_resolution,0.2,0.02828427124746191,0.1,1.0,2.0,0.175,0.0175,0.9,0.5,5.0,cov,trace,min,0.002551
correlation_search_space_resolution,0.2,0.02828427124746191,0.1,1.0,2.0,0.175,0.0175,0.9,0.5,5.0,cov,trace,max,0.014041000000000001
correlation_search_space_resolution,0.2,0.02828427124746191,0.1,1.0,2.0,0.175,0.0175,0.9,0.5,5.0,cov,trace,rmse,0.005735416049337031
correlation_search_space_resolution,0.2,0.02828427124746191,0.1,1.0,2.0,0.175,0.0175,0.9,0.5,5.0,cov,det,mean,3.7227458710791346e-10
correlation_search_space_resolution,0.2,0.02828427124746191,0.1,1.0,2.0,0.175,0.0175,0.9,0.5,5.0,cov,det,std_dev,4.100771197134595e-10
correlation_search_space_resolution,0.2,0.02828427124746191,0.1,1.0,2.0,0.175,0.0175,0.9,0.5,5.0,cov,det,median,2.430245819999993e-10
correlation_search_space_resolution,0.2,0.02828427124746191,0.1,1.0,2.0,0.175,0.0175,0.9,0.5,5.0,cov,det,min,6.743943699999995e-11
correlation_search_space_resolution,0.2,0.02828427124746191,0.1,1.0,2.0,0.175,0.0175,0.9,0.5,5.0,cov,det,max,3.845635267999992e-09
correlation_search_space_resolution,0.2,0.02828427124746191,0.1,1.0,2.0,0.175,0.0175,0.9,0.5,5.0,cov,det,rmse,5.538516157951103e-10
correlation_search_space_resolution,0.2,0.040000000000000015,0.1,1.0,2.0,0.175,0.0175,0.9,0.5,5.0,traj,APE,mean,0.08068064189815248
correlation_search_space_resolution,0.2,0.040000000000000015,0.1,1.0,2.0,0.175,0.0175,0.9,0.5,5.0,traj,APE,std_dev,0.05723771244869104
correlation_search_space_resolution,0.2,0.040000000000000015,0.1,1.0,2.0,0.175,0.0175,0.9,0.5,5.0,traj,APE,median,0.06154325057154639
correlation_search_space_resolution,0.2,0.040000000000000015,0.1,1.0,2.0,0.175,0.0175,0.9,0.5,5.0,traj,APE,min,5.421010862427522e-20
correlation_search_space_resolution,0.2,0.040000000000000015,0.1,1.0,2.0,0.175,0.0175,0.9,0.5,5.0,traj,APE,max,0.234262961359153
correlation_search_space_resolution,0.2,0.040000000000000015,0.1,1.0,2.0,0.175,0.0175,0.9,0.5,5.0,traj,APE,rmse,0.0989217958968445
correlation_search_space_resolution,0.2,0.040000000000000015,0.1,1.0,2.0,0.175,0.0175,0.9,0.5,5.0,traj,RPE,mean,0.046719047686277757
correlation_search_space_resolution,0.2,0.040000000000000015,0.1,1.0,2.0,0.175,0.0175,0.9,0.5,5.0,traj,RPE,std_dev,0.028242610205326407
correlation_search_space_resolution,0.2,0.040000000000000015,0.1,1.0,2.0,0.175,0.0175,0.9,0.5,5.0,traj,RPE,median,0.04072361102038603
correlation_search_space_resolution,0.2,0.040000000000000015,0.1,1.0,2.0,0.175,0.0175,0.9,0.5,5.0,traj,RPE,min,0.009214016424384778
correlation_search_space_resolution,0.2,0.040000000000000015,0.1,1.0,2.0,0.175,0.0175,0.9,0.5,5.0,traj,RPE,max,0.14963140425114305
correlation_search_space_resolution,0.2,0.040000000000000015,0.1,1.0,2.0,0.175,0.0175,0.9,0.5,5.0,traj,RPE,rmse,0.05459225629997998
correlation_search_space_resolution,0.2,0.040000000000000015,0.1,1.0,2.0,0.175,0.0175,0.9,0.5,5.0,traj,num associated poses,mean,27.8
correlation_search_space_resolution,0.2,0.040000000000000015,0.1,1.0,2.0,0.175,0.0175,0.9,0.5,5.0,traj,num associated poses,std_dev,0.7483314773547882
correlation_search_space_resolution,0.2,0.040000000000000015,0.1,1.0,2.0,0.175,0.0175,0.9,0.5,5.0,traj,num associated poses,median,28.0
correlation_search_space_resolution,0.2,0.040000000000000015,0.1,1.0,2.0,0.175,0.0175,0.9,0.5,5.0,traj,num associated poses,min,27.0
correlation_search_space_resolution,0.2,0.040000000000000015,0.1,1.0,2.0,0.175,0.0175,0.9,0.5,5.0,traj,num associated poses,max,29.0
correlation_search_space_resolution,0.2,0.040000000000000015,0.1,1.0,2.0,0.175,0.0175,0.9,0.5,5.0,traj,num gt poses,mean,174.8
correlation_search_space_resolution,0.2,0.040000000000000015,0.1,1.0,2.0,0.175,0.0175,0.9,0.5,5.0,traj,num gt poses,std_dev,6.305553108173778
correlation_search_space_resolution,0.2,0.040000000000000015,0.1,1.0,2.0,0.175,0.0175,0.9,0.5,5.0,traj,num gt poses,median,173.0
correlation_search_space_resolution,0.2,0.040000000000000015,0.1,1.0,2.0,0.175,0.0175,0.9,0.5,5.0,traj,num gt poses,min,170.0
correlation_search_space_resolution,0.2,0.040000000000000015,0.1,1.0,2.0,0.175,0.0175,0.9,0.5,5.0,traj,num gt poses,max,187.0
correlation_search_space_resolution,0.2,0.040000000000000015,0.1,1.0,2.0,0.175,0.0175,0.9,0.5,5.0,traj,odom accum path length (m),mean,11.529636200000002
correlation_search_space_resolution,0.2,0.040000000000000015,0.1,1.0,2.0,0.175,0.0175,0.9,0.5,5.0,traj,odom accum path length (m),std_dev,0.08043494200507637
correlation_search_space_resolution,0.2,0.040000000000000015,0.1,1.0,2.0,0.175,0.0175,0.9,0.5,5.0,traj,odom accum path length (m),median,11.539255
correlation_search_space_resolution,0.2,0.040000000000000015,0.1,1.0,2.0,0.175,0.0175,0.9,0.5,5.0,traj,odom accum path length (m),min,11.429917
correlation_search_space_resolution,0.2,0.040000000000000015,0.1,1.0,2.0,0.175,0.0175,0.9,0.5,5.0,traj,odom accum path length (m),max,11.658793
correlation_search_space_resolution,0.2,0.040000000000000015,0.1,1.0,2.0,0.175,0.0175,0.9,0.5,5.0,traj,total rotation (rad),mean,9.8130122
correlation_search_space_resolution,0.2,0.040000000000000015,0.1,1.0,2.0,0.175,0.0175,0.9,0.5,5.0,traj,total rotation (rad),std_dev,0.7648214819397795
correlation_search_space_resolution,0.2,0.040000000000000015,0.1,1.0,2.0,0.175,0.0175,0.9,0.5,5.0,traj,total rotation (rad),median,9.648961
correlation_search_space_resolution,0.2,0.040000000000000015,0.1,1.0,2.0,0.175,0.0175,0.9,0.5,5.0,traj,total rotation (rad),min,8.981511
correlation_search_space_resolution,0.2,0.040000000000000015,0.1,1.0,2.0,0.175,0.0175,0.9,0.5,5.0,traj,total rotation (rad),max,11.25589
correlation_search_space_resolution,0.2,0.040000000000000015,0.1,1.0,2.0,0.175,0.0175,0.9,0.5,5.0,traj,duration (s),mean,24.012800000000002
correlation_search_space_resolution,0.2,0.040000000000000015,0.1,1.0,2.0,0.175,0.0175,0.9,0.5,5.0,traj,duration (s),std_dev,0.7687570227321492
correlation_search_space_resolution,0.2,0.040000000000000015,0.1,1.0,2.0,0.175,0.0175,0.9,0.5,5.0,traj,duration (s),median,23.776999999999997
correlation_search_space_resolution,0.2,0.040000000000000015,0.1,1.0,2.0,0.175,0.0175,0.9,0.5,5.0,traj,duration (s),min,23.307000000000002
correlation_search_space_resolution,0.2,0.040000000000000015,0.1,1.0,2.0,0.175,0.0175,0.9,0.5,5.0,traj,duration (s),max,25.494999999999997
correlation_search_space_resolution,0.2,0.040000000000000015,0.1,1.0,2.0,0.175,0.0175,0.9,0.5,5.0,completion,successes,count,5.0
correlation_search_space_resolution,0.2,0.040000000000000015,0.1,1.0,2.0,0.175,0.0175,0.9,0.5,5.0,completion,failures,count,0.0
correlation_search_space_resolution,0.2,0.040000000000000015,0.1,1.0,2.0,0.175,0.0175,0.9,0.5,5.0,completion,errors,count,0.0
correlation_search_space_resolution,0.2,0.040000000000000015,0.1,1.0,2.0,0.175,0.0175,0.9,0.5,5.0,completion,data or metrics missing,count,0.0
correlation_search_space_resolution,0.2,0.040000000000000015,0.1,1.0,2.0,0.175,0.0175,0.9,0.5,5.0,latency,latency,mean,0.004805755395683453
correlation_search_space_resolution,0.2,0.040000000000000015,0.1,1.0,2.0,0.175,0.0175,0.9,0.5,5.0,latency,latency,std_dev,0.0038307309027809885
correlation_search_space_resolution,0.2,0.040000000000000015,0.1,1.0,2.0,0.175,0.0175,0.9,0.5,5.0,latency,latency,median,0.003
correlation_search_space_resolution,0.2,0.040000000000000015,0.1,1.0,2.0,0.175,0.0175,0.9,0.5,5.0,latency,latency,min,0.001
correlation_search_space_resolution,0.2,0.040000000000000015,0.1,1.0,2.0,0.175,0.0175,0.9,0.5,5.0,latency,latency,max,0.017
correlation_search_space_resolution,0.2,0.040000000000000015,0.1,1.0,2.0,0.175,0.0175,0.9,0.5,5.0,cov,trace,mean,0.005465258741258742
correlation_search_space_resolution,0.2,0.040000000000000015,0.1,1.0,2.0,0.175,0.0175,0.9,0.5,5.0,cov,trace,std_dev,0.002005859816732374
correlation_search_space_resolution,0.2,0.040000000000000015,0.1,1.0,2.0,0.175,0.0175,0.9,0.5,5.0,cov,trace,median,0.004915999999999999
correlation_search_space_resolution,0.2,0.040000000000000015,0.1,1.0,2.0,0.175,0.0175,0.9,0.5,5.0,cov,trace,min,0.002517
correlation_search_space_resolution,0.2,0.040000000000000015,0.1,1.0,2.0,0.175,0.0175,0.9,0.5,5.0,cov,trace,max,0.021825
correlation_search_space_resolution,0.2,0.040000000000000015,0.1,1.0,2.0,0.175,0.0175,0.9,0.5,5.0,cov,trace,rmse,0.005821728842301633
correlation_search_space_resolution,0.2,0.040000000000000015,0.1,1.0,2.0,0.175,0.0175,0.9,0.5,5.0,cov,det,mean,3.4494466813986004e-10
correlation_search_space_resolution,0.2,0.040000000000000015,0.1,1.0,2.0,0.175,0.0175,0.9,0.5,5.0,cov,det,std_dev,3.2863549044717935e-10
correlation_search_space_resolution,0.2,0.040000000000000015,0.1,1.0,2.0,0.175,0.0175,0.9,0.5,5.0,cov,det,median,2.315410880000006e-10
correlation_search_space_resolution,0.2,0.040000000000000015,0.1,1.0,2.0,0.175,0.0175,0.9,0.5,5.0,cov,det,min,5.1307541999999946e-11
correlation_search_space_resolution,0.2,0.040000000000000015,0.1,1.0,2.0,0.175,0.0175,0.9,0.5,5.0,cov,det,max,2.834276197999995e-09
correlation_search_space_resolution,0.2,0.040000000000000015,0.1,1.0,2.0,0.175,0.0175,0.9,0.5,5.0,cov,det,rmse,4.764326916360551e-10
correlation_search_space_resolution,0.2,0.056568542494923824,0.1,1.0,2.0,0.175,0.0175,0.9,0.5,5.0,traj,APE,mean,0.06539009304808133
correlation_search_space_resolution,0.2,0.056568542494923824,0.1,1.0,2.0,0.175,0.0175,0.9,0.5,5.0,traj,APE,std_dev,0.043347402485754215
correlation_search_space_resolution,0.2,0.056568542494923824,0.1,1.0,2.0,0.175,0.0175,0.9,0.5,5.0,traj,APE,median,0.05119574754877876
correlation_search_space_resolution,0.2,0.056568542494923824,0.1,1.0,2.0,0.175,0.0175,0.9,0.5,5.0,traj,APE,min,5.421010862427522e-20
correlation_search_space_resolution,0.2,0.056568542494923824,0.1,1.0,2.0,0.175,0.0175,0.9,0.5,5.0,traj,APE,max,0.22435467935921402
correlation_search_space_resolution,0.2,0.056568542494923824,0.1,1.0,2.0,0.175,0.0175,0.9,0.5,5.0,traj,APE,rmse,0.07845292582879689
correlation_search_space_resolution,0.2,0.056568542494923824,0.1,1.0,2.0,0.175,0.0175,0.9,0.5,5.0,traj,RPE,mean,0.04818370967584831
correlation_search_space_resolution,0.2,0.056568542494923824,0.1,1.0,2.0,0.175,0.0175,0.9,0.5,5.0,traj,RPE,std_dev,0.03066029164112729
correlation_search_space_resolution,0.2,0.056568542494923824,0.1,1.0,2.0,0.175,0.0175,0.9,0.5,5.0,traj,RPE,median,0.04219840186906646
correlation_search_space_resolution,0.2,0.056568542494923824,0.1,1.0,2.0,0.175,0.0175,0.9,0.5,5.0,traj,RPE,min,0.011058931637089653
correlation_search_space_resolution,0.2,0.056568542494923824,0.1,1.0,2.0,0.175,0.0175,0.9,0.5,5.0,traj,RPE,max,0.18043573298224228
correlation_search_space_resolution,0.2,0.056568542494923824,0.1,1.0,2.0,0.175,0.0175,0.9,0.5,5.0,traj,RPE,rmse,0.057111499381870705
correlation_search_space_resolution,0.2,0.056568542494923824,0.1,1.0,2.0,0.175,0.0175,0.9,0.5,5.0,traj,num associated poses,mean,27.8
correlation_search_space_resolution,0.2,0.056568542494923824,0.1,1.0,2.0,0.175,0.0175,0.9,0.5,5.0,traj,num associated poses,std_dev,0.4
correlation_search_space_resolution,0.2,0.056568542494923824,0.1,1.0,2.0,0.175,0.0175,0.9,0.5,5.0,traj,num associated poses,median,28.0
correlation_search_space_resolution,0.2,0.056568542494923824,0.1,1.0,2.0,0.175,0.0175,0.9,0.5,5.0,traj,num associated poses,min,27.0
correlation_search_space_resolution,0.2,0.056568542494923824,0.1,1.0,2.0,0.175,0.0175,0.9,0.5,5.0,traj,num associated poses,max,28.0
correlation_search_space_resolution,0.2,0.056568542494923824,0.1,1.0,2.0,0.175,0.0175,0.9,0.5,5.0,traj,num gt poses,mean,174.8
correlation_search_space_resolution,0.2,0.056568542494923824,0.1,1.0,2.0,0.175,0.0175,0.9,0.5,5.0,traj,num gt poses,std_dev,4.261455150532503
correlation_search_space_resolution,0.2,0.056568542494923824,0.1,1.0,2.0,0.175,0.0175,0.9,0.5,5.0,traj,num gt poses,median,175.0
correlation_search_space_resolution,0.2,0.056568542494923824,0.1,1.0,2.0,0.175,0.0175,0.9,0.5,5.0,traj,num gt poses,min,170.0
correlation_search_space_resolution,0.2,0.056568542494923824,0.1,1.0,2.0,0.175,0.0175,0.9,0.5,5.0,traj,num gt poses,max,182.0
correlation_search_space_resolution,0.2,0.056568542494923824,0.1,1.0,2.0,0.175,0.0175,0.9,0.5,5.0,traj,odom accum path length (m),mean,11.589912000000002
correlation_search_space_resolution,0.2,0.056568542494923824,0.1,1.0,2.0,0.175,0.0175,0.9,0.5,5.0,traj,odom accum path length (m),std_dev,0.12227365019823386
correlation_search_space_resolution,0.2,0.056568542494923824,0.1,1.0,2.0,0.175,0.0175,0.9,0.5,5.0,traj,odom accum path length (m),median,11.558547
correlation_search_space_resolution,0.2,0.056568542494923824,0.1,1.0,2.0,0.175,0.0175,0.9,0.5,5.0,traj,odom accum path length (m),min,11.460503
correlation_search_space_resolution,0.2,0.056568542494923824,0.1,1.0,2.0,0.175,0.0175,0.9,0.5,5.0,traj,odom accum path length (m),max,11.807399
correlation_search_space_resolution,0.2,0.056568542494923824,0.1,1.0,2.0,0.175,0.0175,0.9,0.5,5.0,traj,total rotation (rad),mean,9.5970596
correlation_search_space_resolution,0.2,0.056568542494923824,0.1,1.0,2.0,0.175,0.0175,0.9,0.5,5.0,traj,total rotation (rad),std_dev,0.5797661431789889
correlation_search_space_resolution,0.2,0.056568542494923824,0.1,1.0,2.0,0.175,0.0175,0.9,0.5,5.0,traj,total rotation (rad),median,9.352969
correlation_search_space_resolution,0.2,0.056568542494923824,0.1,1.0,2.0,0.175,0.0175,0.9,0.5,5.0,traj,total rotation (rad),min,8.849257
correlation_search_space_resolution,0.2,0.056568542494923824,0.1,1.0,2.0,0.175,0.0175,0.9,0.5,5.0,traj,total rotation (rad),max,10.503563
correlation_search_space_resolution,0.2,0.056568542494923824,0.1,1.0,2.0,0.175,0.0175,0.9,0.5,5.0,traj,duration (s),mean,23.9304
correlation_search_space_resolution,0.2,0.056568542494923824,0.1,1.0,2.0,0.175,0.0175,0.9,0.5,5.0,traj,duration (s),std_dev,0.5506427517002288
correlation_search_space_resolution,0.2,0.056568542494923824,0.1,1.0,2.0,0.175,0.0175,0.9,0.5,5.0,traj,duration (s),median,23.881999999999998
correlation_search_space_resolution,0.2,0.056568542494923824,0.1,1.0,2.0,0.175,0.0175,0.9,0.5,5.0,traj,duration (s),min,23.302
correlation_search_space_resolution,0.2,0.056568542494923824,0.1,1.0,2.0,0.175,0.0175,0.9,0.5,5.0,traj,duration (s),max,24.896
correlation_search_space_resolution,0.2,0.056568542494923824,0.1,1.0,2.0,0.175,0.0175,0.9,0.5,5.0,completion,successes,count,5.0
correlation_search_space_resolution,0.2,0.056568542494923824,0.1,1.0,2.0,0.175,0.0175,0.9,0.5,5.0,completion,failures,count,0.0
correlation_search_space_resolution,0.2,0.056568542494923824,0.1,1.0,2.0,0.175,0.0175,0.9,0.5,5.0,completion,errors,count,0.0
correlation_search_space_resolution,0.2,0.056568542494923824,0.1,1.0,2.0,0.175,0.0175,0.9,0.5,5.0,completion,data or metrics missing,count,0.0
correlation_search_space_resolution,0.2,0.056568542494923824,0.1,1.0,2.0,0.175,0.0175,0.9,0.5,5.0,latency,latency,mean,0.002848920863309353
correlation_search_space_resolution,0.2,0.056568542494923824,0.1,1.0,2.0,0.175,0.0175,0.9,0.5,5.0,latency,latency,std_dev,0.0021454776566145702
correlation_search_space_resolution,0.2,0.056568542494923824,0.1,1.0,2.0,0.175,0.0175,0.9,0.5,5.0,latency,latency,median,0.003
correlation_search_space_resolution,0.2,0.056568542494923824,0.1,1.0,2.0,0.175,0.0175,0.9,0.5,5.0,latency,latency,min,0.0
correlation_search_space_resolution,0.2,0.056568542494923824,0.1,1.0,2.0,0.175,0.0175,0.9,0.5,5.0,latency,latency,max,0.016
correlation_search_space_resolution,0.2,0.056568542494923824,0.1,1.0,2.0,0.175,0.0175,0.9,0.5,5.0,cov,trace,mean,0.005566321678321678
correlation_search_space_resolution,0.2,0.056568542494923824,0.1,1.0,2.0,0.175,0.0175,0.9,0.5,5.0,cov,trace,std_dev,0.0016760939298136074
correlation_search_space_resolution,0.2,0.056568542494923824,0.1,1.0,2.0,0.175,0.0175,0.9,0.5,5.0,cov,trace,median,0.0049700000000000005
correlation_search_space_resolution,0.2,0.056568542494923824,0.1,1.0,2.0,0.175,0.0175,0.9,0.5,5.0,cov,trace,min,0.002477
correlation_search_space_resolution,0.2,0.056568542494923824,0.1,1.0,2.0,0.175,0.0175,0.9,0.5,5.0,cov,trace,max,0.011019
correlation_search_space_resolution,0.2,0.056568542494923824,0.1,1.0,2.0,0.175,0.0175,0.9,0.5,5.0,cov,trace,rmse,0.005813194292995194
correlation_search_space_resolution,0.2,0.056568542494923824,0.1,1.0,2.0,0.175,0.0175,0.9,0.5,5.0,cov,det,mean,3.571738959720279e-10
correlation_search_space_resolution,0.2,0.056568542494923824,0.1,1.0,2.0,0.175,0.0175,0.9,0.5,5.0,cov,det,std_dev,3.015657815644488e-10
correlation_search_space_resolution,0.2,0.056568542494923824,0.1,1.0,2.0,0.175,0.0175,0.9,0.5,5.0,cov,det,median,2.599305440000004e-10
correlation_search_space_resolution,0.2,0.056568542494923824,0.1,1.0,2.0,0.175,0.0175,0.9,0.5,5.0,cov,det,min,4.5928607999999904e-11
correlation_search_space_resolution,0.2,0.056568542494923824,0.1,1.0,2.0,0.175,0.0175,0.9,0.5,5.0,cov,det,max,1.4903740029999969e-09
correlation_search_space_resolution,0.2,0.056568542494923824,0.1,1.0,2.0,0.175,0.0175,0.9,0.5,5.0,cov,det,rmse,4.674560006828599e-10
correlation_search_space_smear_deviation,0.2,0.01,0.01767766952966368,1.0,2.0,0.175,0.0175,0.9,0.5,5.0,traj,APE,mean,0.05974659685906925
correlation_search_space_smear_deviation,0.2,0.01,0.01767766952966368,1.0,2.0,0.175,0.0175,0.9,0.5,5.0,traj,APE,std_dev,0.032769374297469095
correlation_search_space_smear_deviation,0.2,0.01,0.01767766952966368,1.0,2.0,0.175,0.0175,0.9,0.5,5.0,traj,APE,median,0.052921812194943144
correlation_search_space_smear_deviation,0.2,0.01,0.01767766952966368,1.0,2.0,0.175,0.0175,0.9,0.5,5.0,traj,APE,min,7.589415207398531e-19
correlation_search_space_smear_deviation,0.2,0.01,0.01767766952966368,1.0,2.0,0.175,0.0175,0.9,0.5,5.0,traj,APE,max,0.1544432346598067
correlation_search_space_smear_deviation,0.2,0.01,0.01767766952966368,1.0,2.0,0.175,0.0175,0.9,0.5,5.0,traj,APE,rmse,0.06814314146036834
correlation_search_space_smear_deviation,0.2,0.01,0.01767766952966368,1.0,2.0,0.175,0.0175,0.9,0.5,5.0,traj,RPE,mean,0.046096868529398455
correlation_search_space_smear_deviation,0.2,0.01,0.01767766952966368,1.0,2.0,0.175,0.0175,0.9,0.5,5.0,traj,RPE,std_dev,0.025229429990078146
correlation_search_space_smear_deviation,0.2,0.01,0.01767766952966368,1.0,2.0,0.175,0.0175,0.9,0.5,5.0,traj,RPE,median,0.04031003824103104
correlation_search_space_smear_deviation,0.2,0.01,0.01767766952966368,1.0,2.0,0.175,0.0175,0.9,0.5,5.0,traj,RPE,min,0.012225491376346589
correlation_search_space_smear_deviation,0.2,0.01,0.01767766952966368,1.0,2.0,0.175,0.0175,0.9,0.5,5.0,traj,RPE,max,0.1594397390761834
correlation_search_space_smear_deviation,0.2,0.01,0.01767766952966368,1.0,2.0,0.175,0.0175,0.9,0.5,5.0,traj,RPE,rmse,0.052549456950960964
correlation_search_space_smear_deviation,0.2,0.01,0.01767766952966368,1.0,2.0,0.175,0.0175,0.9,0.5,5.0,traj,num associated poses,mean,27.6
correlation_search_space_smear_deviation,0.2,0.01,0.01767766952966368,1.0,2.0,0.175,0.0175,0.9,0.5,5.0,traj,num associated poses,std_dev,0.4898979485566356
correlation_search_space_smear_deviation,0.2,0.01,0.01767766952966368,1.0,2.0,0.175,0.0175,0.9,0.5,5.0,traj,num associated poses,median,28.0
correlation_search_space_smear_deviation,0.2,0.01,0.01767766952966368,1.0,2.0,0.175,0.0175,0.9,0.5,5.0,traj,num associated poses,min,27.0
correlation_search_space_smear_deviation,0.2,0.01,0.01767766952966368,1.0,2.0,0.175,0.0175,0.9,0.5,5.0,traj,num associated poses,max,28.0
correlation_search_space_smear_deviation,0.2,0.01,0.01767766952966368,1.0,2.0,0.175,0.0175,0.9,0.5,5.0,traj,num gt poses,mean,173.0
correlation_search_space_smear_deviation,0.2,0.01,0.01767766952966368,1.0,2.0,0.175,0.0175,0.9,0.5,5.0,traj,num gt poses,std_dev,1.6733200530681511
correlation_search_space_smear_deviation,0.2,0.01,0.01767766952966368,1.0,2.0,0.175,0.0175,0.9,0.5,5.0,traj,num gt poses,median,172.0
correlation_search_space_smear_deviation,0.2,0.01,0.01767766952966368,1.0,2.0,0.175,0.0175,0.9,0.5,5.0,traj,num gt poses,min,171.0
correlation_search_space_smear_deviation,0.2,0.01,0.01767766952966368,1.0,2.0,0.175,0.0175,0.9,0.5,5.0,traj,num gt poses,max,175.0
correlation_search_space_smear_deviation,0.2,0.01,0.01767766952966368,1.0,2.0,0.175,0.0175,0.9,0.5,5.0,traj,odom accum path length (m),mean,11.5525664
correlation_search_space_smear_deviation,0.2,0.01,0.01767766952966368,1.0,2.0,0.175,0.0175,0.9,0.5,5.0,traj,odom accum path length (m),std_dev,0.0693682240066736
correlation_search_space_smear_deviation,0.2,0.01,0.01767766952966368,1.0,2.0,0.175,0.0175,0.9,0.5,5.0,traj,odom accum path length (m),median,11.56069
correlation_search_space_smear_deviation,0.2,0.01,0.01767766952966368,1.0,2.0,0.175,0.0175,0.9,0.5,5.0,traj,odom accum path length (m),min,11.435298
correlation_search_space_smear_deviation,0.2,0.01,0.01767766952966368,1.0,2.0,0.175,0.0175,0.9,0.5,5.0,traj,odom accum path length (m),max,11.653021
correlation_search_space_smear_deviation,0.2,0.01,0.01767766952966368,1.0,2.0,0.175,0.0175,0.9,0.5,5.0,traj,total rotation (rad),mean,9.552023599999998
correlation_search_space_smear_deviation,0.2,0.01,0.01767766952966368,1.0,2.0,0.175,0.0175,0.9,0.5,5.0,traj,total rotation (rad),std_dev,0.2525910715774413
correlation_search_space_smear_deviation,0.2,0.01,0.01767766952966368,1.0,2.0,0.175,0.0175,0.9,0.5,5.0,traj,total rotation (rad),median,9.587759
correlation_search_space_smear_deviation,0.2,0.01,0.01767766952966368,1.0,2.0,0.175,0.0175,0.9,0.5,5.0,traj,total rotation (rad),min,9.156728
correlation_search_space_smear_deviation,0.2,0.01,0.01767766952966368,1.0,2.0,0.175,0.0175,0.9,0.5,5.0,traj,total rotation (rad),max,9.825281
correlation_search_space_smear_deviation,0.2,0.01,0.01767766952966368,1.0,2.0,0.175,0.0175,0.9,0.5,5.0,traj,duration (s),mean,23.7514
correlation_search_space_smear_deviation,0.2,0.01,0.01767766952966368,1.0,2.0,0.175,0.0175,0.9,0.5,5.0,traj,duration (s),std_dev,0.20049598499720764
correlation_search_space_smear_deviation,0.2,0.01,0.01767766952966368,1.0,2.0,0.175,0.0175,0.9,0.5,5.0,traj,duration (s),median,23.78
correlation_search_space_smear_deviation,0.2,0.01,0.01767766952966368,1.0,2.0,0.175,0.0175,0.9,0.5,5.0,traj,duration (s),min,23.423999999999996
correlation_search_space_smear_deviation,0.2,0.01,0.01767766952966368,1.0,2.0,0.175,0.0175,0.9,0.5,5.0,traj,duration (s),max,23.973
correlation_search_space_smear_deviation,0.2,0.01,0.01767766952966368,1.0,2.0,0.175,0.0175,0.9,0.5,5.0,completion,successes,count,5.0
correlation_search_space_smear_deviation,0.2,0.01,0.01767766952966368,1.0,2.0,0.175,0.0175,0.9,0.5,5.0,completion,failures,count,0.0
correlation_search_space_smear_deviation,0.2,0.01,0.01767766952966368,1.0,2.0,0.175,0.0175,0.9,0.5,5.0,completion,errors,count,0.0
correlation_search_space_smear_deviation,0.2,0.01,0.01767766952966368,1.0,2.0,0.175,0.0175,0.9,0.5,5.0,completion,data or metrics missing,count,0.0
correlation_search_space_smear_deviation,0.2,0.01,0.01767766952966368,1.0,2.0,0.175,0.0175,0.9,0.5,5.0,latency,latency,mean,0.0053623188405797105
correlation_search_space_smear_deviation,0.2,0.01,0.01767766952966368,1.0,2.0,0.175,0.0175,0.9,0.5,5.0,latency,latency,std_dev,0.0030382633029974026
correlation_search_space_smear_deviation,0.2,0.01,0.01767766952966368,1.0,2.0,0.175,0.0175,0.9,0.5,5.0,latency,latency,median,0.004
correlation_search_space_smear_deviation,0.2,0.01,0.01767766952966368,1.0,2.0,0.175,0.0175,0.9,0.5,5.0,latency,latency,min,0.0
correlation_search_space_smear_deviation,0.2,0.01,0.01767766952966368,1.0,2.0,0.175,0.0175,0.9,0.5,5.0,latency,latency,max,0.013000000000000001
correlation_search_space_smear_deviation,0.2,0.01,0.01767766952966368,1.0,2.0,0.175,0.0175,0.9,0.5,5.0,cov,trace,mean,0.0056079154929577464
correlation_search_space_smear_deviation,0.2,0.01,0.01767766952966368,1.0,2.0,0.175,0.0175,0.9,0.5,5.0,cov,trace,std_dev,0.0015325037807225738
correlation_search_space_smear_deviation,0.2,0.01,0.01767766952966368,1.0,2.0,0.175,0.0175,0.9,0.5,5.0,cov,trace,median,0.0051185
correlation_search_space_smear_deviation,0.2,0.01,0.01767766952966368,1.0,2.0,0.175,0.0175,0.9,0.5,5.0,cov,trace,min,0.002569
correlation_search_space_smear_deviation,0.2,0.01,0.01767766952966368,1.0,2.0,0.175,0.0175,0.9,0.5,5.0,cov,trace,max,0.010417
correlation_search_space_smear_deviation,0.2,0.01,0.01767766952966368,1.0,2.0,0.175,0.0175,0.9,0.5,5.0,cov,trace,rmse,0.005813543154917189
correlation_search_space_smear_deviation,0.2,0.01,0.01767766952966368,1.0,2.0,0.175,0.0175,0.9,0.5,5.0,cov,det,mean,3.735575859647886e-10
correlation_search_space_smear_deviation,0.2,0.01,0.01767766952966368,1.0,2.0,0.175,0.0175,0.9,0.5,5.0,cov,det,std_dev,2.8437974344338015e-10
correlation_search_space_smear_deviation,0.2,0.01,0.01767766952966368,1.0,2.0,0.175,0.0175,0.9,0.5,5.0,cov,det,median,2.9673682450000016e-10
correlation_search_space_smear_deviation,0.2,0.01,0.01767766952966368,1.0,2.0,0.175,0.0175,0.9,0.5,5.0,cov,det,min,5.5275355999999906e-11
correlation_search_space_smear_deviation,0.2,0.01,0.01767766952966368,1.0,2.0,0.175,0.0175,0.9,0.5,5.0,cov,det,max,1.593828931999999e-09
correlation_search_space_smear_deviation,0.2,0.01,0.01767766952966368,1.0,2.0,0.175,0.0175,0.9,0.5,5.0,cov,det,rmse,4.694860045973289e-10
correlation_search_space_smear_deviation,0.2,0.01,0.02499999999999999,1.0,2.0,0.175,0.0175,0.9,0.5,5.0,traj,APE,mean,0.07348164686399641
correlation_search_space_smear_deviation,0.2,0.01,0.02499999999999999,1.0,2.0,0.175,0.0175,0.9,0.5,5.0,traj,APE,std_dev,0.060710593532307185
correlation_search_space_smear_deviation,0.2,0.01,0.02499999999999999,1.0,2.0,0.175,0.0175,0.9,0.5,5.0,traj,APE,median,0.059526761434241786
correlation_search_space_smear_deviation,0.2,0.01,0.02499999999999999,1.0,2.0,0.175,0.0175,0.9,0.5,5.0,traj,APE,min,5.421010862427522e-20
correlation_search_space_smear_deviation,0.2,0.01,0.02499999999999999,1.0,2.0,0.175,0.0175,0.9,0.5,5.0,traj,APE,max,0.3445410602254853
correlation_search_space_smear_deviation,0.2,0.01,0.02499999999999999,1.0,2.0,0.175,0.0175,0.9,0.5,5.0,traj,APE,rmse,0.09531699005366302
correlation_search_space_smear_deviation,0.2,0.01,0.02499999999999999,1.0,2.0,0.175,0.0175,0.9,0.5,5.0,traj,RPE,mean,0.056503817699388975
correlation_search_space_smear_deviation,0.2,0.01,0.02499999999999999,1.0,2.0,0.175,0.0175,0.9,0.5,5.0,traj,RPE,std_dev,0.035768355636958245
correlation_search_space_smear_deviation,0.2,0.01,0.02499999999999999,1.0,2.0,0.175,0.0175,0.9,0.5,5.0,traj,RPE,median,0.04302105582549858
correlation_search_space_smear_deviation,0.2,0.01,0.02499999999999999,1.0,2.0,0.175,0.0175,0.9,0.5,5.0,traj,RPE,min,0.006512084923146538
correlation_search_space_smear_deviation,0.2,0.01,0.02499999999999999,1.0,2.0,0.175,0.0175,0.9,0.5,5.0,traj,RPE,max,0.19644624977188882
correlation_search_space_smear_deviation,0.2,0.01,0.02499999999999999,1.0,2.0,0.175,0.0175,0.9,0.5,5.0,traj,RPE,rmse,0.06687343777298806
correlation_search_space_smear_deviation,0.2,0.01,0.02499999999999999,1.0,2.0,0.175,0.0175,0.9,0.5,5.0,traj,num associated poses,mean,27.4
correlation_search_space_smear_deviation,0.2,0.01,0.02499999999999999,1.0,2.0,0.175,0.0175,0.9,0.5,5.0,traj,num associated poses,std_dev,0.4898979485566356
correlation_search_space_smear_deviation,0.2,0.01,0.02499999999999999,1.0,2.0,0.175,0.0175,0.9,0.5,5.0,traj,num associated poses,median,27.0
correlation_search_space_smear_deviation,0.2,0.01,0.02499999999999999,1.0,2.0,0.175,0.0175,0.9,0.5,5.0,traj,num associated poses,min,27.0
correlation_search_space_smear_deviation,0.2,0.01,0.02499999999999999,1.0,2.0,0.175,0.0175,0.9,0.5,5.0,traj,num associated poses,max,28.0
correlation_search_space_smear_deviation,0.2,0.01,0.02499999999999999,1.0,2.0,0.175,0.0175,0.9,0.5,5.0,traj,num gt poses,mean,179.0
correlation_search_space_smear_deviation,0.2,0.01,0.02499999999999999,1.0,2.0,0.175,0.0175,0.9,0.5,5.0,traj,num gt poses,std_dev,10.256705123966467
correlation_search_space_smear_deviation,0.2,0.01,0.02499999999999999,1.0,2.0,0.175,0.0175,0.9,0.5,5.0,traj,num gt poses,median,178.0
correlation_search_space_smear_deviation,0.2,0.01,0.02499999999999999,1.0,2.0,0.175,0.0175,0.9,0.5,5.0,traj,num gt poses,min,169.0
correlation_search_space_smear_deviation,0.2,0.01,0.02499999999999999,1.0,2.0,0.175,0.0175,0.9,0.5,5.0,traj,num gt poses,max,198.0
correlation_search_space_smear_deviation,0.2,0.01,0.02499999999999999,1.0,2.0,0.175,0.0175,0.9,0.5,5.0,traj,odom accum path length (m),mean,11.564002599999998
correlation_search_space_smear_deviation,0.2,0.01,0.02499999999999999,1.0,2.0,0.175,0.0175,0.9,0.5,5.0,traj,odom accum path length (m),std_dev,0.1238605790356239
correlation_search_space_smear_deviation,0.2,0.01,0.02499999999999999,1.0,2.0,0.175,0.0175,0.9,0.5,5.0,traj,odom accum path length (m),median,11.544848
correlation_search_space_smear_deviation,0.2,0.01,0.02499999999999999,1.0,2.0,0.175,0.0175,0.9,0.5,5.0,traj,odom accum path length (m),min,11.428528
correlation_search_space_smear_deviation,0.2,0.01,0.02499999999999999,1.0,2.0,0.175,0.0175,0.9,0.5,5.0,traj,odom accum path length (m),max,11.745747
correlation_search_space_smear_deviation,0.2,0.01,0.02499999999999999,1.0,2.0,0.175,0.0175,0.9,0.5,5.0,traj,total rotation (rad),mean,9.9960486
correlation_search_space_smear_deviation,0.2,0.01,0.02499999999999999,1.0,2.0,0.175,0.0175,0.9,0.5,5.0,traj,total rotation (rad),std_dev,1.138232938917619
correlation_search_space_smear_deviation,0.2,0.01,0.02499999999999999,1.0,2.0,0.175,0.0175,0.9,0.5,5.0,traj,total rotation (rad),median,9.710139
correlation_search_space_smear_deviation,0.2,0.01,0.02499999999999999,1.0,2.0,0.175,0.0175,0.9,0.5,5.0,traj,total rotation (rad),min,8.6917
correlation_search_space_smear_deviation,0.2,0.01,0.02499999999999999,1.0,2.0,0.175,0.0175,0.9,0.5,5.0,traj,total rotation (rad),max,11.849899
correlation_search_space_smear_deviation,0.2,0.01,0.02499999999999999,1.0,2.0,0.175,0.0175,0.9,0.5,5.0,traj,duration (s),mean,24.5542
correlation_search_space_smear_deviation,0.2,0.01,0.02499999999999999,1.0,2.0,0.175,0.0175,0.9,0.5,5.0,traj,duration (s),std_dev,1.3291960577732704
correlation_search_space_smear_deviation,0.2,0.01,0.02499999999999999,1.0,2.0,0.175,0.0175,0.9,0.5,5.0,traj,duration (s),median,24.386999999999997
correlation_search_space_smear_deviation,0.2,0.01,0.02499999999999999,1.0,2.0,0.175,0.0175,0.9,0.5,5.0,traj,duration (s),min,23.383
correlation_search_space_smear_deviation,0.2,0.01,0.02499999999999999,1.0,2.0,0.175,0.0175,0.9,0.5,5.0,traj,duration (s),max,27.045
correlation_search_space_smear_deviation,0.2,0.01,0.02499999999999999,1.0,2.0,0.175,0.0175,0.9,0.5,5.0,completion,successes,count,5.0
correlation_search_space_smear_deviation,0.2,0.01,0.02499999999999999,1.0,2.0,0.175,0.0175,0.9,0.5,5.0,completion,failures,count,0.0
correlation_search_space_smear_deviation,0.2,0.01,0.02499999999999999,1.0,2.0,0.175,0.0175,0.9,0.5,5.0,completion,errors,count,0.0
correlation_search_space_smear_deviation,0.2,0.01,0.02499999999999999,1.0,2.0,0.175,0.0175,0.9,0.5,5.0,completion,data or metrics missing,count,0.0
correlation_search_space_smear_deviation,0.2,0.01,0.02499999999999999,1.0,2.0,0.175,0.0175,0.9,0.5,5.0,latency,latency,mean,0.003416058394160584
correlation_search_space_smear_deviation,0.2,0.01,0.02499999999999999,1.0,2.0,0.175,0.0175,0.9,0.5,5.0,latency,latency,std_dev,0.001672632156918115
correlation_search_space_smear_deviation,0.2,0.01,0.02499999999999999,1.0,2.0,0.175,0.0175,0.9,0.5,5.0,latency,latency,median,0.003
correlation_search_space_smear_deviation,0.2,0.01,0.02499999999999999,1.0,2.0,0.175,0.0175,0.9,0.5,5.0,latency,latency,min,0.0
correlation_search_space_smear_deviation,0.2,0.01,0.02499999999999999,1.0,2.0,0.175,0.0175,0.9,0.5,5.0,latency,latency,max,0.009000000000000001
correlation_search_space_smear_deviation,0.2,0.01,0.02499999999999999,1.0,2.0,0.175,0.0175,0.9,0.5,5.0,cov,trace,mean,0.005906892857142857
correlation_search_space_smear_deviation,0.2,0.01,0.02499999999999999,1.0,2.0,0.175,0.0175,0.9,0.5,5.0,cov,trace,std_dev,0.0026429583767773475
correlation_search_space_smear_deviation,0.2,0.01,0.02499999999999999,1.0,2.0,0.175,0.0175,0.9,0.5,5.0,cov,trace,median,0.005128000000000001
correlation_search_space_smear_deviation,0.2,0.01,0.02499999999999999,1.0,2.0,0.175,0.0175,0.9,0.5,5.0,cov,trace,min,0.002537
correlation_search_space_smear_deviation,0.2,0.01,0.02499999999999999,1.0,2.0,0.175,0.0175,0.9,0.5,5.0,cov,trace,max,0.020817
correlation_search_space_smear_deviation,0.2,0.01,0.02499999999999999,1.0,2.0,0.175,0.0175,0.9,0.5,5.0,cov,trace,rmse,0.006471214121565046
correlation_search_space_smear_deviation,0.2,0.01,0.02499999999999999,1.0,2.0,0.175,0.0175,0.9,0.5,5.0,cov,det,mean,4.1399585144285697e-10
correlation_search_space_smear_deviation,0.2,0.01,0.02499999999999999,1.0,2.0,0.175,0.0175,0.9,0.5,5.0,cov,det,std_dev,4.4883627877553555e-10
correlation_search_space_smear_deviation,0.2,0.01,0.02499999999999999,1.0,2.0,0.175,0.0175,0.9,0.5,5.0,cov,det,median,2.6237565699999974e-10
correlation_search_space_smear_deviation,0.2,0.01,0.02499999999999999,1.0,2.0,0.175,0.0175,0.9,0.5,5.0,cov,det,min,4.772887100000001e-11
correlation_search_space_smear_deviation,0.2,0.01,0.02499999999999999,1.0,2.0,0.175,0.0175,0.9,0.5,5.0,cov,det,max,2.7083525759999936e-09
correlation_search_space_smear_deviation,0.2,0.01,0.02499999999999999,1.0,2.0,0.175,0.0175,0.9,0.5,5.0,cov,det,rmse,6.106116361133042e-10
correlation_search_space_smear_deviation,0.2,0.01,0.03535533905932737,1.0,2.0,0.175,0.0175,0.9,0.5,5.0,traj,APE,mean,0.07240879439092537
correlation_search_space_smear_deviation,0.2,0.01,0.03535533905932737,1.0,2.0,0.175,0.0175,0.9,0.5,5.0,traj,APE,std_dev,0.04444617426646672
correlation_search_space_smear_deviation,0.2,0.01,0.03535533905932737,1.0,2.0,0.175,0.0175,0.9,0.5,5.0,traj,APE,median,0.06003749786129306
correlation_search_space_smear_deviation,0.2,0.01,0.03535533905932737,1.0,2.0,0.175,0.0175,0.9,0.5,5.0,traj,APE,min,1.1102231569740467e-16
correlation_search_space_smear_deviation,0.2,0.01,0.03535533905932737,1.0,2.0,0.175,0.0175,0.9,0.5,5.0,traj,APE,max,0.1921384933433356
correlation_search_space_smear_deviation,0.2,0.01,0.03535533905932737,1.0,2.0,0.175,0.0175,0.9,0.5,5.0,traj,APE,rmse,0.08496173204491793
correlation_search_space_smear_deviation,0.2,0.01,0.03535533905932737,1.0,2.0,0.175,0.0175,0.9,0.5,5.0,traj,RPE,mean,0.05482538304637935
correlation_search_space_smear_deviation,0.2,0.01,0.03535533905932737,1.0,2.0,0.175,0.0175,0.9,0.5,5.0,traj,RPE,std_dev,0.03705432755535921
correlation_search_space_smear_deviation,0.2,0.01,0.03535533905932737,1.0,2.0,0.175,0.0175,0.9,0.5,5.0,traj,RPE,median,0.04377822454253971
correlation_search_space_smear_deviation,0.2,0.01,0.03535533905932737,1.0,2.0,0.175,0.0175,0.9,0.5,5.0,traj,RPE,min,0.017629617179744896
correlation_search_space_smear_deviation,0.2,0.01,0.03535533905932737,1.0,2.0,0.175,0.0175,0.9,0.5,5.0,traj,RPE,max,0.19943606806328756
correlation_search_space_smear_deviation,0.2,0.01,0.03535533905932737,1.0,2.0,0.175,0.0175,0.9,0.5,5.0,traj,RPE,rmse,0.06617284803272466
correlation_search_space_smear_deviation,0.2,0.01,0.03535533905932737,1.0,2.0,0.175,0.0175,0.9,0.5,5.0,traj,num associated poses,mean,27.5
correlation_search_space_smear_deviation,0.2,0.01,0.03535533905932737,1.0,2.0,0.175,0.0175,0.9,0.5,5.0,traj,num associated poses,std_dev,0.8660254037844386
correlation_search_space_smear_deviation,0.2,0.01,0.03535533905932737,1.0,2.0,0.175,0.0175,0.9,0.5,5.0,traj,num associated poses,median,27.0
correlation_search_space_smear_deviation,0.2,0.01,0.03535533905932737,1.0,2.0,0.175,0.0175,0.9,0.5,5.0,traj,num associated poses,min,27.0
correlation_search_space_smear_deviation,0.2,0.01,0.03535533905932737,1.0,2.0,0.175,0.0175,0.9,0.5,5.0,traj,num associated poses,max,29.0
correlation_search_space_smear_deviation,0.2,0.01,0.03535533905932737,1.0,2.0,0.175,0.0175,0.9,0.5,5.0,traj,num gt poses,mean,176.75
correlation_search_space_smear_deviation,0.2,0.01,0.03535533905932737,1.0,2.0,0.175,0.0175,0.9,0.5,5.0,traj,num gt poses,std_dev,1.299038105676658
correlation_search_space_smear_deviation,0.2,0.01,0.03535533905932737,1.0,2.0,0.175,0.0175,0.9,0.5,5.0,traj,num gt poses,median,177.0
correlation_search_space_smear_deviation,0.2,0.01,0.03535533905932737,1.0,2.0,0.175,0.0175,0.9,0.5,5.0,traj,num gt poses,min,175.0
correlation_search_space_smear_deviation,0.2,0.01,0.03535533905932737,1.0,2.0,0.175,0.0175,0.9,0.5,5.0,traj,num gt poses,max,178.0
correlation_search_space_smear_deviation,0.2,0.01,0.03535533905932737,1.0,2.0,0.175,0.0175,0.9,0.5,5.0,traj,odom accum path length (m),mean,11.6032915
correlation_search_space_smear_deviation,0.2,0.01,0.03535533905932737,1.0,2.0,0.175,0.0175,0.9,0.5,5.0,traj,odom accum path length (m),std_dev,0.09885491454778605
correlation_search_space_smear_deviation,0.2,0.01,0.03535533905932737,1.0,2.0,0.175,0.0175,0.9,0.5,5.0,traj,odom accum path length (m),median,11.603334499999999
correlation_search_space_smear_deviation,0.2,0.01,0.03535533905932737,1.0,2.0,0.175,0.0175,0.9,0.5,5.0,traj,odom accum path length (m),min,11.465076
correlation_search_space_smear_deviation,0.2,0.01,0.03535533905932737,1.0,2.0,0.175,0.0175,0.9,0.5,5.0,traj,odom accum path length (m),max,11.741421
correlation_search_space_smear_deviation,0.2,0.01,0.03535533905932737,1.0,2.0,0.175,0.0175,0.9,0.5,5.0,traj,total rotation (rad),mean,9.6049235
correlation_search_space_smear_deviation,0.2,0.01,0.03535533905932737,1.0,2.0,0.175,0.0175,0.9,0.5,5.0,traj,total rotation (rad),std_dev,0.27588663979748984
correlation_search_space_smear_deviation,0.2,0.01,0.03535533905932737,1.0,2.0,0.175,0.0175,0.9,0.5,5.0,traj,total rotation (rad),median,9.515181
correlation_search_space_smear_deviation,0.2,0.01,0.03535533905932737,1.0,2.0,0.175,0.0175,0.9,0.5,5.0,traj,total rotation (rad),min,9.354361
correlation_search_space_smear_deviation,0.2,0.01,0.03535533905932737,1.0,2.0,0.175,0.0175,0.9,0.5,5.0,traj,total rotation (rad),max,10.034971
correlation_search_space_smear_deviation,0.2,0.01,0.03535533905932737,1.0,2.0,0.175,0.0175,0.9,0.5,5.0,traj,duration (s),mean,24.26775
correlation_search_space_smear_deviation,0.2,0.01,0.03535533905932737,1.0,2.0,0.175,0.0175,0.9,0.5,5.0,traj,duration (s),std_dev,0.21985264951780586
correlation_search_space_smear_deviation,0.2,0.01,0.03535533905932737,1.0,2.0,0.175,0.0175,0.9,0.5,5.0,traj,duration (s),median,24.339000000000002
correlation_search_space_smear_deviation,0.2,0.01,0.03535533905932737,1.0,2.0,0.175,0.0175,0.9,0.5,5.0,traj,duration (s),min,23.904000000000003
correlation_search_space_smear_deviation,0.2,0.01,0.03535533905932737,1.0,2.0,0.175,0.0175,0.9,0.5,5.0,traj,duration (s),max,24.488999999999997
correlation_search_space_smear_deviation,0.2,0.01,0.03535533905932737,1.0,2.0,0.175,0.0175,0.9,0.5,5.0,completion,successes,count,4.0
correlation_search_space_smear_deviation,0.2,0.01,0.03535533905932737,1.0,2.0,0.175,0.0175,0.9,0.5,5.0,completion,failures,count,0.0
correlation_search_space_smear_deviation,0.2,0.01,0.03535533905932737,1.0,2.0,0.175,0.0175,0.9,0.5,5.0,completion,errors,count,1.0
correlation_search_space_smear_deviation,0.2,0.01,0.03535533905932737,1.0,2.0,0.175,0.0175,0.9,0.5,5.0,completion,data or metrics missing,count,1.0
correlation_search_space_smear_deviation,0.2,0.01,0.03535533905932737,1.0,2.0,0.175,0.0175,0.9,0.5,5.0,latency,latency,mean,0.005945454545454546
correlation_search_space_smear_deviation,0.2,0.01,0.03535533905932737,1.0,2.0,0.175,0.0175,0.9,0.5,5.0,latency,latency,std_dev,0.004455510099633248
correlation_search_space_smear_deviation,0.2,0.01,0.03535533905932737,1.0,2.0,0.175,0.0175,0.9,0.5,5.0,latency,latency,median,0.004
correlation_search_space_smear_deviation,0.2,0.01,0.03535533905932737,1.0,2.0,0.175,0.0175,0.9,0.5,5.0,latency,latency,min,0.0
correlation_search_space_smear_deviation,0.2,0.01,0.03535533905932737,1.0,2.0,0.175,0.0175,0.9,0.5,5.0,latency,latency,max,0.016
correlation_search_space_smear_deviation,0.2,0.01,0.03535533905932737,1.0,2.0,0.175,0.0175,0.9,0.5,5.0,cov,trace,mean,0.005931336283185841
correlation_search_space_smear_deviation,0.2,0.01,0.03535533905932737,1.0,2.0,0.175,0.0175,0.9,0.5,5.0,cov,trace,std_dev,0.0030718419414843415
correlation_search_space_smear_deviation,0.2,0.01,0.03535533905932737,1.0,2.0,0.175,0.0175,0.9,0.5,5.0,cov,trace,median,0.004969
correlation_search_space_smear_deviation,0.2,0.01,0.03535533905932737,1.0,2.0,0.175,0.0175,0.9,0.5,5.0,cov,trace,min,0.002847
correlation_search_space_smear_deviation,0.2,0.01,0.03535533905932737,1.0,2.0,0.175,0.0175,0.9,0.5,5.0,cov,trace,max,0.022149
correlation_search_space_smear_deviation,0.2,0.01,0.03535533905932737,1.0,2.0,0.175,0.0175,0.9,0.5,5.0,cov,trace,rmse,0.006679593027849759
correlation_search_space_smear_deviation,0.2,0.01,0.03535533905932737,1.0,2.0,0.175,0.0175,0.9,0.5,5.0,cov,det,mean,4.0809684191150423e-10
correlation_search_space_smear_deviation,0.2,0.01,0.03535533905932737,1.0,2.0,0.175,0.0175,0.9,0.5,5.0,cov,det,std_dev,4.626286183775873e-10
correlation_search_space_smear_deviation,0.2,0.01,0.03535533905932737,1.0,2.0,0.175,0.0175,0.9,0.5,5.0,cov,det,median,2.5180189399999997e-10
correlation_search_space_smear_deviation,0.2,0.01,0.03535533905932737,1.0,2.0,0.175,0.0175,0.9,0.5,5.0,cov,det,min,5.813848499999997e-11
correlation_search_space_smear_deviation,0.2,0.01,0.03535533905932737,1.0,2.0,0.175,0.0175,0.9,0.5,5.0,cov,det,max,3.0204147740000017e-09
correlation_search_space_smear_deviation,0.2,0.01,0.03535533905932737,1.0,2.0,0.175,0.0175,0.9,0.5,5.0,cov,det,rmse,6.169021566829691e-10
correlation_search_space_smear_deviation,0.2,0.01,0.049999999999999996,1.0,2.0,0.175,0.0175,0.9,0.5,5.0,traj,APE,mean,0.06948613750179371
correlation_search_space_smear_deviation,0.2,0.01,0.049999999999999996,1.0,2.0,0.175,0.0175,0.9,0.5,5.0,traj,APE,std_dev,0.05640786519343849
correlation_search_space_smear_deviation,0.2,0.01,0.049999999999999996,1.0,2.0,0.175,0.0175,0.9,0.5,5.0,traj,APE,median,0.05196488676239048
correlation_search_space_smear_deviation,0.2,0.01,0.049999999999999996,1.0,2.0,0.175,0.0175,0.9,0.5,5.0,traj,APE,min,5.421010862427522e-20
correlation_search_space_smear_deviation,0.2,0.01,0.049999999999999996,1.0,2.0,0.175,0.0175,0.9,0.5,5.0,traj,APE,max,0.2791988233881965
correlation_search_space_smear_deviation,0.2,0.01,0.049999999999999996,1.0,2.0,0.175,0.0175,0.9,0.5,5.0,traj,APE,rmse,0.08949955620336514
correlation_search_space_smear_deviation,0.2,0.01,0.049999999999999996,1.0,2.0,0.175,0.0175,0.9,0.5,5.0,traj,RPE,mean,0.054641621953494104
correlation_search_space_smear_deviation,0.2,0.01,0.049999999999999996,1.0,2.0,0.175,0.0175,0.9,0.5,5.0,traj,RPE,std_dev,0.03472846847699555
correlation_search_space_smear_deviation,0.2,0.01,0.049999999999999996,1.0,2.0,0.175,0.0175,0.9,0.5,5.0,traj,RPE,median,0.044175819086894996
correlation_search_space_smear_deviation,0.2,0.01,0.049999999999999996,1.0,2.0,0.175,0.0175,0.9,0.5,5.0,traj,RPE,min,0.014285468995205665
correlation_search_space_smear_deviation,0.2,0.01,0.049999999999999996,1.0,2.0,0.175,0.0175,0.9,0.5,5.0,traj,RPE,max,0.17840500654548924
correlation_search_space_smear_deviation,0.2,0.01,0.049999999999999996,1.0,2.0,0.175,0.0175,0.9,0.5,5.0,traj,RPE,rmse,0.0647439060643258
correlation_search_space_smear_deviation,0.2,0.01,0.049999999999999996,1.0,2.0,0.175,0.0175,0.9,0.5,5.0,traj,num associated poses,mean,27.2
correlation_search_space_smear_deviation,0.2,0.01,0.049999999999999996,1.0,2.0,0.175,0.0175,0.9,0.5,5.0,traj,num associated poses,std_dev,0.9797958971132713
correlation_search_space_smear_deviation,0.2,0.01,0.049999999999999996,1.0,2.0,0.175,0.0175,0.9,0.5,5.0,traj,num associated poses,median,27.0
correlation_search_space_smear_deviation,0.2,0.01,0.049999999999999996,1.0,2.0,0.175,0.0175,0.9,0.5,5.0,traj,num associated poses,min,26.0
correlation_search_space_smear_deviation,0.2,0.01,0.049999999999999996,1.0,2.0,0.175,0.0175,0.9,0.5,5.0,traj,num associated poses,max,29.0
correlation_search_space_smear_deviation,0.2,0.01,0.049999999999999996,1.0,2.0,0.175,0.0175,0.9,0.5,5.0,traj,num gt poses,mean,174.0
correlation_search_space_smear_deviation,0.2,0.01,0.049999999999999996,1.0,2.0,0.175,0.0175,0.9,0.5,5.0,traj,num gt poses,std_dev,5.059644256269407
correlation_search_space_smear_deviation,0.2,0.01,0.049999999999999996,1.0,2.0,0.175,0.0175,0.9,0.5,5.0,traj,num gt poses,median,172.0
correlation_search_space_smear_deviation,0.2,0.01,0.049999999999999996,1.0,2.0,0.175,0.0175,0.9,0.5,5.0,traj,num gt poses,min,169.0
correlation_search_space_smear_deviation,0.2,0.01,0.049999999999999996,1.0,2.0,0.175,0.0175,0.9,0.5,5.0,traj,num gt poses,max,181.0
correlation_search_space_smear_deviation,0.2,0.01,0.049999999999999996,1.0,2.0,0.175,0.0175,0.9,0.5,5.0,traj,odom accum path length (m),mean,11.5582638
correlation_search_space_smear_deviation,0.2,0.01,0.049999999999999996,1.0,2.0,0.175,0.0175,0.9,0.5,5.0,traj,odom accum path length (m),std_dev,0.09484031831325761
correlation_search_space_smear_deviation,0.2,0.01,0.049999999999999996,1.0,2.0,0.175,0.0175,0.9,0.5,5.0,traj,odom accum path length (m),median,11.523994
correlation_search_space_smear_deviation,0.2,0.01,0.049999999999999996,1.0,2.0,0.175,0.0175,0.9,0.5,5.0,traj,odom accum path length (m),min,11.448932
correlation_search_space_smear_deviation,0.2,0.01,0.049999999999999996,1.0,2.0,0.175,0.0175,0.9,0.5,5.0,traj,odom accum path length (m),max,11.707763
correlation_search_space_smear_deviation,0.2,0.01,0.049999999999999996,1.0,2.0,0.175,0.0175,0.9,0.5,5.0,traj,total rotation (rad),mean,9.5010586
correlation_search_space_smear_deviation,0.2,0.01,0.049999999999999996,1.0,2.0,0.175,0.0175,0.9,0.5,5.0,traj,total rotation (rad),std_dev,0.6025935267009096
correlation_search_space_smear_deviation,0.2,0.01,0.049999999999999996,1.0,2.0,0.175,0.0175,0.9,0.5,5.0,traj,total rotation (rad),median,9.206409
correlation_search_space_smear_deviation,0.2,0.01,0.049999999999999996,1.0,2.0,0.175,0.0175,0.9,0.5,5.0,traj,total rotation (rad),min,8.929348
correlation_search_space_smear_deviation,0.2,0.01,0.049999999999999996,1.0,2.0,0.175,0.0175,0.9,0.5,5.0,traj,total rotation (rad),max,10.596366
correlation_search_space_smear_deviation,0.2,0.01,0.049999999999999996,1.0,2.0,0.175,0.0175,0.9,0.5,5.0,traj,duration (s),mean,23.8724
correlation_search_space_smear_deviation,0.2,0.01,0.049999999999999996,1.0,2.0,0.175,0.0175,0.9,0.5,5.0,traj,duration (s),std_dev,0.5670155553421786
correlation_search_space_smear_deviation,0.2,0.01,0.049999999999999996,1.0,2.0,0.175,0.0175,0.9,0.5,5.0,traj,duration (s),median,23.633000000000003
correlation_search_space_smear_deviation,0.2,0.01,0.049999999999999996,1.0,2.0,0.175,0.0175,0.9,0.5,5.0,traj,duration (s),min,23.228
correlation_search_space_smear_deviation,0.2,0.01,0.049999999999999996,1.0,2.0,0.175,0.0175,0.9,0.5,5.0,traj,duration (s),max,24.638
correlation_search_space_smear_deviation,0.2,0.01,0.049999999999999996,1.0,2.0,0.175,0.0175,0.9,0.5,5.0,completion,successes,count,5.0
correlation_search_space_smear_deviation,0.2,0.01,0.049999999999999996,1.0,2.0,0.175,0.0175,0.9,0.5,5.0,completion,failures,count,0.0
correlation_search_space_smear_deviation,0.2,0.01,0.049999999999999996,1.0,2.0,0.175,0.0175,0.9,0.5,5.0,completion,errors,count,0.0
correlation_search_space_smear_deviation,0.2,0.01,0.049999999999999996,1.0,2.0,0.175,0.0175,0.9,0.5,5.0,completion,data or metrics missing,count,0.0
correlation_search_space_smear_deviation,0.2,0.01,0.049999999999999996,1.0,2.0,0.175,0.0175,0.9,0.5,5.0,latency,latency,mean,0.004889705882352942
correlation_search_space_smear_deviation,0.2,0.01,0.049999999999999996,1.0,2.0,0.175,0.0175,0.9,0.5,5.0,latency,latency,std_dev,0.0036150681266822115
correlation_search_space_smear_deviation,0.2,0.01,0.049999999999999996,1.0,2.0,0.175,0.0175,0.9,0.5,5.0,latency,latency,median,0.003
correlation_search_space_smear_deviation,0.2,0.01,0.049999999999999996,1.0,2.0,0.175,0.0175,0.9,0.5,5.0,latency,latency,min,0.0
correlation_search_space_smear_deviation,0.2,0.01,0.049999999999999996,1.0,2.0,0.175,0.0175,0.9,0.5,5.0,latency,latency,max,0.019
correlation_search_space_smear_deviation,0.2,0.01,0.049999999999999996,1.0,2.0,0.175,0.0175,0.9,0.5,5.0,cov,trace,mean,0.005535517730496454
correlation_search_space_smear_deviation,0.2,0.01,0.049999999999999996,1.0,2.0,0.175,0.0175,0.9,0.5,5.0,cov,trace,std_dev,0.0019110809632946453
correlation_search_space_smear_deviation,0.2,0.01,0.049999999999999996,1.0,2.0,0.175,0.0175,0.9,0.5,5.0,cov,trace,median,0.004941
correlation_search_space_smear_deviation,0.2,0.01,0.049999999999999996,1.0,2.0,0.175,0.0175,0.9,0.5,5.0,cov,trace,min,0.0024010000000000004
correlation_search_space_smear_deviation,0.2,0.01,0.049999999999999996,1.0,2.0,0.175,0.0175,0.9,0.5,5.0,cov,trace,max,0.016783999999999997
correlation_search_space_smear_deviation,0.2,0.01,0.049999999999999996,1.0,2.0,0.175,0.0175,0.9,0.5,5.0,cov,trace,rmse,0.0058561238881112984
correlation_search_space_smear_deviation,0.2,0.01,0.049999999999999996,1.0,2.0,0.175,0.0175,0.9,0.5,5.0,cov,det,mean,3.677138721489361e-10
correlation_search_space_smear_deviation,0.2,0.01,0.049999999999999996,1.0,2.0,0.175,0.0175,0.9,0.5,5.0,cov,det,std_dev,3.8003626591750354e-10
correlation_search_space_smear_deviation,0.2,0.01,0.049999999999999996,1.0,2.0,0.175,0.0175,0.9,0.5,5.0,cov,det,median,2.5989790399999993e-10
correlation_search_space_smear_deviation,0.2,0.01,0.049999999999999996,1.0,2.0,0.175,0.0175,0.9,0.5,5.0,cov,det,min,4.3398419000000024e-11
correlation_search_space_smear_deviation,0.2,0.01,0.049999999999999996,1.0,2.0,0.175,0.0175,0.9,0.5,5.0,cov,det,max,3.3275223200000047e-09
correlation_search_space_smear_deviation,0.2,0.01,0.049999999999999996,1.0,2.0,0.175,0.0175,0.9,0.5,5.0,cov,det,rmse,5.288109824722663e-10
correlation_search_space_smear_deviation,0.2,0.01,0.07071067811865475,1.0,2.0,0.175,0.0175,0.9,0.5,5.0,traj,APE,mean,0.08593757452057571
correlation_search_space_smear_deviation,0.2,0.01,0.07071067811865475,1.0,2.0,0.175,0.0175,0.9,0.5,5.0,traj,APE,std_dev,0.050676000580145056
correlation_search_space_smear_deviation,0.2,0.01,0.07071067811865475,1.0,2.0,0.175,0.0175,0.9,0.5,5.0,traj,APE,median,0.07587710266089029
correlation_search_space_smear_deviation,0.2,0.01,0.07071067811865475,1.0,2.0,0.175,0.0175,0.9,0.5,5.0,traj,APE,min,1.7889335846010823e-18
correlation_search_space_smear_deviation,0.2,0.01,0.07071067811865475,1.0,2.0,0.175,0.0175,0.9,0.5,5.0,traj,APE,max,0.20676008027122653
correlation_search_space_smear_deviation,0.2,0.01,0.07071067811865475,1.0,2.0,0.175,0.0175,0.9,0.5,5.0,traj,APE,rmse,0.09976634577490731
correlation_search_space_smear_deviation,0.2,0.01,0.07071067811865475,1.0,2.0,0.175,0.0175,0.9,0.5,5.0,traj,RPE,mean,0.06005096157810506
correlation_search_space_smear_deviation,0.2,0.01,0.07071067811865475,1.0,2.0,0.175,0.0175,0.9,0.5,5.0,traj,RPE,std_dev,0.04081582220018221
correlation_search_space_smear_deviation,0.2,0.01,0.07071067811865475,1.0,2.0,0.175,0.0175,0.9,0.5,5.0,traj,RPE,median,0.04683781490994988
correlation_search_space_smear_deviation,0.2,0.01,0.07071067811865475,1.0,2.0,0.175,0.0175,0.9,0.5,5.0,traj,RPE,min,0.006267119738566326
correlation_search_space_smear_deviation,0.2,0.01,0.07071067811865475,1.0,2.0,0.175,0.0175,0.9,0.5,5.0,traj,RPE,max,0.2505481440728279
correlation_search_space_smear_deviation,0.2,0.01,0.07071067811865475,1.0,2.0,0.175,0.0175,0.9,0.5,5.0,traj,RPE,rmse,0.07260887912873976
correlation_search_space_smear_deviation,0.2,0.01,0.07071067811865475,1.0,2.0,0.175,0.0175,0.9,0.5,5.0,traj,num associated poses,mean,27.6
correlation_search_space_smear_deviation,0.2,0.01,0.07071067811865475,1.0,2.0,0.175,0.0175,0.9,0.5,5.0,traj,num associated poses,std_dev,0.7999999999999999
correlation_search_space_smear_deviation,0.2,0.01,0.07071067811865475,1.0,2.0,0.175,0.0175,0.9,0.5,5.0,traj,num associated poses,median,27.0
correlation_search_space_smear_deviation,0.2,0.01,0.07071067811865475,1.0,2.0,0.175,0.0175,0.9,0.5,5.0,traj,num associated poses,min,27.0
correlation_search_space_smear_deviation,0.2,0.01,0.07071067811865475,1.0,2.0,0.175,0.0175,0.9,0.5,5.0,traj,num associated poses,max,29.0
correlation_search_space_smear_deviation,0.2,0.01,0.07071067811865475,1.0,2.0,0.175,0.0175,0.9,0.5,5.0,traj,num gt poses,mean,175.2
correlation_search_space_smear_deviation,0.2,0.01,0.07071067811865475,1.0,2.0,0.175,0.0175,0.9,0.5,5.0,traj,num gt poses,std_dev,2.5612496949731396
correlation_search_space_smear_deviation,0.2,0.01,0.07071067811865475,1.0,2.0,0.175,0.0175,0.9,0.5,5.0,traj,num gt poses,median,175.0
correlation_search_space_smear_deviation,0.2,0.01,0.07071067811865475,1.0,2.0,0.175,0.0175,0.9,0.5,5.0,traj,num gt poses,min,172.0
correlation_search_space_smear_deviation,0.2,0.01,0.07071067811865475,1.0,2.0,0.175,0.0175,0.9,0.5,5.0,traj,num gt poses,max,179.0
correlation_search_space_smear_deviation,0.2,0.01,0.07071067811865475,1.0,2.0,0.175,0.0175,0.9,0.5,5.0,traj,odom accum path length (m),mean,11.528995799999999
correlation_search_space_smear_deviation,0.2,0.01,0.07071067811865475,1.0,2.0,0.175,0.0175,0.9,0.5,5.0,traj,odom accum path length (m),std_dev,0.1009771715397098
correlation_search_space_smear_deviation,0.2,0.01,0.07071067811865475,1.0,2.0,0.175,0.0175,0.9,0.5,5.0,traj,odom accum path length (m),median,11.50706
correlation_search_space_smear_deviation,0.2,0.01,0.07071067811865475,1.0,2.0,0.175,0.0175,0.9,0.5,5.0,traj,odom accum path length (m),min,11.431584
correlation_search_space_smear_deviation,0.2,0.01,0.07071067811865475,1.0,2.0,0.175,0.0175,0.9,0.5,5.0,traj,odom accum path length (m),max,11.703818
correlation_search_space_smear_deviation,0.2,0.01,0.07071067811865475,1.0,2.0,0.175,0.0175,0.9,0.5,5.0,traj,total rotation (rad),mean,9.639071399999999
correlation_search_space_smear_deviation,0.2,0.01,0.07071067811865475,1.0,2.0,0.175,0.0175,0.9,0.5,5.0,traj,total rotation (rad),std_dev,0.5555800596704671
correlation_search_space_smear_deviation,0.2,0.01,0.07071067811865475,1.0,2.0,0.175,0.0175,0.9,0.5,5.0,traj,total rotation (rad),median,9.665738
correlation_search_space_smear_deviation,0.2,0.01,0.07071067811865475,1.0,2.0,0.175,0.0175,0.9,0.5,5.0,traj,total rotation (rad),min,8.998773
correlation_search_space_smear_deviation,0.2,0.01,0.07071067811865475,1.0,2.0,0.175,0.0175,0.9,0.5,5.0,traj,total rotation (rad),max,10.499633
correlation_search_space_smear_deviation,0.2,0.01,0.07071067811865475,1.0,2.0,0.175,0.0175,0.9,0.5,5.0,traj,duration (s),mean,24.0318
correlation_search_space_smear_deviation,0.2,0.01,0.07071067811865475,1.0,2.0,0.175,0.0175,0.9,0.5,5.0,traj,duration (s),std_dev,0.4014146982859481
correlation_search_space_smear_deviation,0.2,0.01,0.07071067811865475,1.0,2.0,0.175,0.0175,0.9,0.5,5.0,traj,duration (s),median,23.840000000000003
correlation_search_space_smear_deviation,0.2,0.01,0.07071067811865475,1.0,2.0,0.175,0.0175,0.9,0.5,5.0,traj,duration (s),min,23.498
correlation_search_space_smear_deviation,0.2,0.01,0.07071067811865475,1.0,2.0,0.175,0.0175,0.9,0.5,5.0,traj,duration (s),max,24.568999999999996
correlation_search_space_smear_deviation,0.2,0.01,0.07071067811865475,1.0,2.0,0.175,0.0175,0.9,0.5,5.0,completion,successes,count,5.0
correlation_search_space_smear_deviation,0.2,0.01,0.07071067811865475,1.0,2.0,0.175,0.0175,0.9,0.5,5.0,completion,failures,count,0.0
correlation_search_space_smear_deviation,0.2,0.01,0.07071067811865475,1.0,2.0,0.175,0.0175,0.9,0.5,5.0,completion,errors,count,0.0
correlation_search_space_smear_deviation,0.2,0.01,0.07071067811865475,1.0,2.0,0.175,0.0175,0.9,0.5,5.0,completion,data or metrics missing,count,0.0
correlation_search_space_smear_deviation,0.2,0.01,0.07071067811865475,1.0,2.0,0.175,0.0175,0.9,0.5,5.0,latency,latency,mean,0.004094202898550725
correlation_search_space_smear_deviation,0.2,0.01,0.07071067811865475,1.0,2.0,0.175,0.0175,0.9,0.5,5.0,latency,latency,std_dev,0.0021158055346088525
correlation_search_space_smear_deviation,0.2,0.01,0.07071067811865475,1.0,2.0,0.175,0.0175,0.9,0.5,5.0,latency,latency,median,0.004
correlation_search_space_smear_deviation,0.2,0.01,0.07071067811865475,1.0,2.0,0.175,0.0175,0.9,0.5,5.0,latency,latency,min,0.0
correlation_search_space_smear_deviation,0.2,0.01,0.07071067811865475,1.0,2.0,0.175,0.0175,0.9,0.5,5.0,latency,latency,max,0.008
correlation_search_space_smear_deviation,0.2,0.01,0.07071067811865475,1.0,2.0,0.175,0.0175,0.9,0.5,5.0,cov,trace,mean,0.005843647887323943
correlation_search_space_smear_deviation,0.2,0.01,0.07071067811865475,1.0,2.0,0.175,0.0175,0.9,0.5,5.0,cov,trace,std_dev,0.0027622291243073215
correlation_search_space_smear_deviation,0.2,0.01,0.07071067811865475,1.0,2.0,0.175,0.0175,0.9,0.5,5.0,cov,trace,median,0.0050275
correlation_search_space_smear_deviation,0.2,0.01,0.07071067811865475,1.0,2.0,0.175,0.0175,0.9,0.5,5.0,cov,trace,min,0.002777
correlation_search_space_smear_deviation,0.2,0.01,0.07071067811865475,1.0,2.0,0.175,0.0175,0.9,0.5,5.0,cov,trace,max,0.022725
correlation_search_space_smear_deviation,0.2,0.01,0.07071067811865475,1.0,2.0,0.175,0.0175,0.9,0.5,5.0,cov,trace,rmse,0.006463600418203246
correlation_search_space_smear_deviation,0.2,0.01,0.07071067811865475,1.0,2.0,0.175,0.0175,0.9,0.5,5.0,cov,det,mean,3.876707384647885e-10
correlation_search_space_smear_deviation,0.2,0.01,0.07071067811865475,1.0,2.0,0.175,0.0175,0.9,0.5,5.0,cov,det,std_dev,3.509527564530724e-10
correlation_search_space_smear_deviation,0.2,0.01,0.07071067811865475,1.0,2.0,0.175,0.0175,0.9,0.5,5.0,cov,det,median,2.7916841299999965e-10
correlation_search_space_smear_deviation,0.2,0.01,0.07071067811865475,1.0,2.0,0.175,0.0175,0.9,0.5,5.0,cov,det,min,7.622653799999993e-11
correlation_search_space_smear_deviation,0.2,0.01,0.07071067811865475,1.0,2.0,0.175,0.0175,0.9,0.5,5.0,cov,det,max,1.9995568639999954e-09
correlation_search_space_smear_deviation,0.2,0.01,0.07071067811865475,1.0,2.0,0.175,0.0175,0.9,0.5,5.0,cov,det,rmse,5.229306251538956e-10
correlation_search_space_smear_deviation,0.2,0.01,0.1,1.0,2.0,0.175,0.0175,0.9,0.5,5.0,traj,APE,mean,0.07222137878013364
correlation_search_space_smear_deviation,0.2,0.01,0.1,1.0,2.0,0.175,0.0175,0.9,0.5,5.0,traj,APE,std_dev,0.05820156235016928
correlation_search_space_smear_deviation,0.2,0.01,0.1,1.0,2.0,0.175,0.0175,0.9,0.5,5.0,traj,APE,median,0.0506417836291609
correlation_search_space_smear_deviation,0.2,0.01,0.1,1.0,2.0,0.175,0.0175,0.9,0.5,5.0,traj,APE,min,8.131516293641283e-19
correlation_search_space_smear_deviation,0.2,0.01,0.1,1.0,2.0,0.175,0.0175,0.9,0.5,5.0,traj,APE,max,0.28961913264788625
correlation_search_space_smear_deviation,0.2,0.01,0.1,1.0,2.0,0.175,0.0175,0.9,0.5,5.0,traj,APE,rmse,0.09275424202107514
correlation_search_space_smear_deviation,0.2,0.01,0.1,1.0,2.0,0.175,0.0175,0.9,0.5,5.0,traj,RPE,mean,0.05493008826596289
correlation_search_space_smear_deviation,0.2,0.01,0.1,1.0,2.0,0.175,0.0175,0.9,0.5,5.0,traj,RPE,std_dev,0.033936466860841924
correlation_search_space_smear_deviation,0.2,0.01,0.1,1.0,2.0,0.175,0.0175,0.9,0.5,5.0,traj,RPE,median,0.044435409928019254
correlation_search_space_smear_deviation,0.2,0.01,0.1,1.0,2.0,0.175,0.0175,0.9,0.5,5.0,traj,RPE,min,0.006890049654109071
correlation_search_space_smear_deviation,0.2,0.01,0.1,1.0,2.0,0.175,0.0175,0.9,0.5,5.0,traj,RPE,max,0.18289580149589563
correlation_search_space_smear_deviation,0.2,0.01,0.1,1.0,2.0,0.175,0.0175,0.9,0.5,5.0,traj,RPE,rmse,0.06456778128372925
correlation_search_space_smear_deviation,0.2,0.01,0.1,1.0,2.0,0.175,0.0175,0.9,0.5,5.0,traj,num associated poses,mean,27.4
correlation_search_space_smear_deviation,0.2,0.01,0.1,1.0,2.0,0.175,0.0175,0.9,0.5,5.0,traj,num associated poses,std_dev,0.4898979485566356
correlation_search_space_smear_deviation,0.2,0.01,0.1,1.0,2.0,0.175,0.0175,0.9,0.5,5.0,traj,num associated poses,median,27.0
correlation_search_space_smear_deviation,0.2,0.01,0.1,1.0,2.0,0.175,0.0175,0.9,0.5,5.0,traj,num associated poses,min,27.0
correlation_search_space_smear_deviation,0.2,0.01,0.1,1.0,2.0,0.175,0.0175,0.9,0.5,5.0,traj,num associated poses,max,28.0
correlation_search_space_smear_deviation,0.2,0.01,0.1,1.0,2.0,0.175,0.0175,0.9,0.5,5.0,traj,num gt poses,mean,172.2
correlation_search_space_smear_deviation,0.2,0.01,0.1,1.0,2.0,0.175,0.0175,0.9,0.5,5.0,traj,num gt poses,std_dev,1.16619037896906
correlation_search_space_smear_deviation,0.2,0.01,0.1,1.0,2.0,0.175,0.0175,0.9,0.5,5.0,traj,num gt poses,median,172.0
correlation_search_space_smear_deviation,0.2,0.01,0.1,1.0,2.0,0.175,0.0175,0.9,0.5,5.0,traj,num gt poses,min,171.0
correlation_search_space_smear_deviation,0.2,0.01,0.1,1.0,2.0,0.175,0.0175,0.9,0.5,5.0,traj,num gt poses,max,174.0
correlation_search_space_smear_deviation,0.2,0.01,0.1,1.0,2.0,0.175,0.0175,0.9,0.5,5.0,traj,odom accum path length (m),mean,11.496887599999999
correlation_search_space_smear_deviation,0.2,0.01,0.1,1.0,2.0,0.175,0.0175,0.9,0.5,5.0,traj,odom accum path length (m),std_dev,0.04909151142346319
correlation_search_space_smear_deviation,0.2,0.01,0.1,1.0,2.0,0.175,0.0175,0.9,0.5,5.0,traj,odom accum path length (m),median,11.48693
correlation_search_space_smear_deviation,0.2,0.01,0.1,1.0,2.0,0.175,0.0175,0.9,0.5,5.0,traj,odom accum path length (m),min,11.447097
correlation_search_space_smear_deviation,0.2,0.01,0.1,1.0,2.0,0.175,0.0175,0.9,0.5,5.0,traj,odom accum path length (m),max,11.579806
correlation_search_space_smear_deviation,0.2,0.01,0.1,1.0,2.0,0.175,0.0175,0.9,0.5,5.0,traj,total rotation (rad),mean,9.354709600000001
correlation_search_space_smear_deviation,0.2,0.01,0.1,1.0,2.0,0.175,0.0175,0.9,0.5,5.0,traj,total rotation (rad),std_dev,0.24428903933791235
correlation_search_space_smear_deviation,0.2,0.01,0.1,1.0,2.0,0.175,0.0175,0.9,0.5,5.0,traj,total rotation (rad),median,9.507183
correlation_search_space_smear_deviation,0.2,0.01,0.1,1.0,2.0,0.175,0.0175,0.9,0.5,5.0,traj,total rotation (rad),min,9.012247
correlation_search_space_smear_deviation,0.2,0.01,0.1,1.0,2.0,0.175,0.0175,0.9,0.5,5.0,traj,total rotation (rad),max,9.594813
correlation_search_space_smear_deviation,0.2,0.01,0.1,1.0,2.0,0.175,0.0175,0.9,0.5,5.0,traj,duration (s),mean,23.6526
correlation_search_space_smear_deviation,0.2,0.01,0.1,1.0,2.0,0.175,0.0175,0.9,0.5,5.0,traj,duration (s),std_dev,0.15509945196550554
correlation_search_space_smear_deviation,0.2,0.01,0.1,1.0,2.0,0.175,0.0175,0.9,0.5,5.0,traj,duration (s),median,23.680000000000003
correlation_search_space_smear_deviation,0.2,0.01,0.1,1.0,2.0,0.175,0.0175,0.9,0.5,5.0,traj,duration (s),min,23.406
correlation_search_space_smear_deviation,0.2,0.01,0.1,1.0,2.0,0.175,0.0175,0.9,0.5,5.0,traj,duration (s),max,23.843
correlation_search_space_smear_deviation,0.2,0.01,0.1,1.0,2.0,0.175,0.0175,0.9,0.5,5.0,completion,successes,count,5.0
correlation_search_space_smear_deviation,0.2,0.01,0.1,1.0,2.0,0.175,0.0175,0.9,0.5,5.0,completion,failures,count,0.0
correlation_search_space_smear_deviation,0.2,0.01,0.1,1.0,2.0,0.175,0.0175,0.9,0.5,5.0,completion,errors,count,0.0
correlation_search_space_smear_deviation,0.2,0.01,0.1,1.0,2.0,0.175,0.0175,0.9,0.5,5.0,completion,data or metrics missing,count,0.0
correlation_search_space_smear_deviation,0.2,0.01,0.1,1.0,2.0,0.175,0.0175,0.9,0.5,5.0,latency,latency,mean,0.003021897810218978
correlation_search_space_smear_deviation,0.2,0.01,0.1,1.0,2.0,0.175,0.0175,0.9,0.5,5.0,latency,latency,std_dev,0.0012408329747830985
correlation_search_space_smear_deviation,0.2,0.01,0.1,1.0,2.0,0.175,0.0175,0.9,0.5,5.0,latency,latency,median,0.003
correlation_search_space_smear_deviation,0.2,0.01,0.1,1.0,2.0,0.175,0.0175,0.9,0.5,5.0,latency,latency,min,0.0
correlation_search_space_smear_deviation,0.2,0.01,0.1,1.0,2.0,0.175,0.0175,0.9,0.5,5.0,latency,latency,max,0.006
correlation_search_space_smear_deviation,0.2,0.01,0.1,1.0,2.0,0.175,0.0175,0.9,0.5,5.0,cov,trace,mean,0.005673057142857143
correlation_search_space_smear_deviation,0.2,0.01,0.1,1.0,2.0,0.175,0.0175,0.9,0.5,5.0,cov,trace,std_dev,0.002137449891714853
correlation_search_space_smear_deviation,0.2,0.01,0.1,1.0,2.0,0.175,0.0175,0.9,0.5,5.0,cov,trace,median,0.00507
correlation_search_space_smear_deviation,0.2,0.01,0.1,1.0,2.0,0.175,0.0175,0.9,0.5,5.0,cov,trace,min,0.002859
correlation_search_space_smear_deviation,0.2,0.01,0.1,1.0,2.0,0.175,0.0175,0.9,0.5,5.0,cov,trace,max,0.021224
correlation_search_space_smear_deviation,0.2,0.01,0.1,1.0,2.0,0.175,0.0175,0.9,0.5,5.0,cov,trace,rmse,0.006062364999380546
correlation_search_space_smear_deviation,0.2,0.01,0.1,1.0,2.0,0.175,0.0175,0.9,0.5,5.0,cov,det,mean,3.7707786768571416e-10
correlation_search_space_smear_deviation,0.2,0.01,0.1,1.0,2.0,0.175,0.0175,0.9,0.5,5.0,cov,det,std_dev,3.211900259661236e-10
correlation_search_space_smear_deviation,0.2,0.01,0.1,1.0,2.0,0.175,0.0175,0.9,0.5,5.0,cov,det,median,2.737623534999998e-10
correlation_search_space_smear_deviation,0.2,0.01,0.1,1.0,2.0,0.175,0.0175,0.9,0.5,5.0,cov,det,min,5.91740090000001e-11
correlation_search_space_smear_deviation,0.2,0.01,0.1,1.0,2.0,0.175,0.0175,0.9,0.5,5.0,cov,det,max,1.8278633690000011e-09
correlation_search_space_smear_deviation,0.2,0.01,0.1,1.0,2.0,0.175,0.0175,0.9,0.5,5.0,cov,det,rmse,4.953289322041709e-10
correlation_search_space_smear_deviation,0.2,0.01,0.14142135623730953,1.0,2.0,0.175,0.0175,0.9,0.5,5.0,traj,APE,mean,0.07451612825820646
correlation_search_space_smear_deviation,0.2,0.01,0.14142135623730953,1.0,2.0,0.175,0.0175,0.9,0.5,5.0,traj,APE,std_dev,0.05168063508940615
correlation_search_space_smear_deviation,0.2,0.01,0.14142135623730953,1.0,2.0,0.175,0.0175,0.9,0.5,5.0,traj,APE,median,0.055273897212975126
correlation_search_space_smear_deviation,0.2,0.01,0.14142135623730953,1.0,2.0,0.175,0.0175,0.9,0.5,5.0,traj,APE,min,5.421010862427522e-20
correlation_search_space_smear_deviation,0.2,0.01,0.14142135623730953,1.0,2.0,0.175,0.0175,0.9,0.5,5.0,traj,APE,max,0.24460071938493275
correlation_search_space_smear_deviation,0.2,0.01,0.14142135623730953,1.0,2.0,0.175,0.0175,0.9,0.5,5.0,traj,APE,rmse,0.09068374393372736
correlation_search_space_smear_deviation,0.2,0.01,0.14142135623730953,1.0,2.0,0.175,0.0175,0.9,0.5,5.0,traj,RPE,mean,0.049602881932371334
correlation_search_space_smear_deviation,0.2,0.01,0.14142135623730953,1.0,2.0,0.175,0.0175,0.9,0.5,5.0,traj,RPE,std_dev,0.02898546786821608
correlation_search_space_smear_deviation,0.2,0.01,0.14142135623730953,1.0,2.0,0.175,0.0175,0.9,0.5,5.0,traj,RPE,median,0.04478847633061024
correlation_search_space_smear_deviation,0.2,0.01,0.14142135623730953,1.0,2.0,0.175,0.0175,0.9,0.5,5.0,traj,RPE,min,0.008322520167275605
correlation_search_space_smear_deviation,0.2,0.01,0.14142135623730953,1.0,2.0,0.175,0.0175,0.9,0.5,5.0,traj,RPE,max,0.14652330201972527
correlation_search_space_smear_deviation,0.2,0.01,0.14142135623730953,1.0,2.0,0.175,0.0175,0.9,0.5,5.0,traj,RPE,rmse,0.057450876786487415
correlation_search_space_smear_deviation,0.2,0.01,0.14142135623730953,1.0,2.0,0.175,0.0175,0.9,0.5,5.0,traj,num associated poses,mean,29.0
correlation_search_space_smear_deviation,0.2,0.01,0.14142135623730953,1.0,2.0,0.175,0.0175,0.9,0.5,5.0,traj,num associated poses,std_dev,1.0954451150103321
correlation_search_space_smear_deviation,0.2,0.01,0.14142135623730953,1.0,2.0,0.175,0.0175,0.9,0.5,5.0,traj,num associated poses,median,29.0
correlation_search_space_smear_deviation,0.2,0.01,0.14142135623730953,1.0,2.0,0.175,0.0175,0.9,0.5,5.0,traj,num associated poses,min,28.0
correlation_search_space_smear_deviation,0.2,0.01,0.14142135623730953,1.0,2.0,0.175,0.0175,0.9,0.5,5.0,traj,num associated poses,max,31.0
correlation_search_space_smear_deviation,0.2,0.01,0.14142135623730953,1.0,2.0,0.175,0.0175,0.9,0.5,5.0,traj,num gt poses,mean,177.0
correlation_search_space_smear_deviation,0.2,0.01,0.14142135623730953,1.0,2.0,0.175,0.0175,0.9,0.5,5.0,traj,num gt poses,std_dev,5.019960159204453
correlation_search_space_smear_deviation,0.2,0.01,0.14142135623730953,1.0,2.0,0.175,0.0175,0.9,0.5,5.0,traj,num gt poses,median,175.0
correlation_search_space_smear_deviation,0.2,0.01,0.14142135623730953,1.0,2.0,0.175,0.0175,0.9,0.5,5.0,traj,num gt poses,min,174.0
correlation_search_space_smear_deviation,0.2,0.01,0.14142135623730953,1.0,2.0,0.175,0.0175,0.9,0.5,5.0,traj,num gt poses,max,187.0
correlation_search_space_smear_deviation,0.2,0.01,0.14142135623730953,1.0,2.0,0.175,0.0175,0.9,0.5,5.0,traj,odom accum path length (m),mean,11.5853646
correlation_search_space_smear_deviation,0.2,0.01,0.14142135623730953,1.0,2.0,0.175,0.0175,0.9,0.5,5.0,traj,odom accum path length (m),std_dev,0.09657527458847877
correlation_search_space_smear_deviation,0.2,0.01,0.14142135623730953,1.0,2.0,0.175,0.0175,0.9,0.5,5.0,traj,odom accum path length (m),median,11.624547
correlation_search_space_smear_deviation,0.2,0.01,0.14142135623730953,1.0,2.0,0.175,0.0175,0.9,0.5,5.0,traj,odom accum path length (m),min,11.440563
correlation_search_space_smear_deviation,0.2,0.01,0.14142135623730953,1.0,2.0,0.175,0.0175,0.9,0.5,5.0,traj,odom accum path length (m),max,11.714764
correlation_search_space_smear_deviation,0.2,0.01,0.14142135623730953,1.0,2.0,0.175,0.0175,0.9,0.5,5.0,traj,total rotation (rad),mean,9.9318466
correlation_search_space_smear_deviation,0.2,0.01,0.14142135623730953,1.0,2.0,0.175,0.0175,0.9,0.5,5.0,traj,total rotation (rad),std_dev,0.7616053036424054
correlation_search_space_smear_deviation,0.2,0.01,0.14142135623730953,1.0,2.0,0.175,0.0175,0.9,0.5,5.0,traj,total rotation (rad),median,9.55605
correlation_search_space_smear_deviation,0.2,0.01,0.14142135623730953,1.0,2.0,0.175,0.0175,0.9,0.5,5.0,traj,total rotation (rad),min,9.139394
correlation_search_space_smear_deviation,0.2,0.01,0.14142135623730953,1.0,2.0,0.175,0.0175,0.9,0.5,5.0,traj,total rotation (rad),max,11.105555
correlation_search_space_smear_deviation,0.2,0.01,0.14142135623730953,1.0,2.0,0.175,0.0175,0.9,0.5,5.0,traj,duration (s),mean,24.3074
correlation_search_space_smear_deviation,0.2,0.01,0.14142135623730953,1.0,2.0,0.175,0.0175,0.9,0.5,5.0,traj,duration (s),std_dev,0.7344790262492183
correlation_search_space_smear_deviation,0.2,0.01,0.14142135623730953,1.0,2.0,0.175,0.0175,0.9,0.5,5.0,traj,duration (s),median,24.034
correlation_search_space_smear_deviation,0.2,0.01,0.14142135623730953,1.0,2.0,0.175,0.0175,0.9,0.5,5.0,traj,duration (s),min,23.750999999999998
correlation_search_space_smear_deviation,0.2,0.01,0.14142135623730953,1.0,2.0,0.175,0.0175,0.9,0.5,5.0,traj,duration (s),max,25.750999999999998
correlation_search_space_smear_deviation,0.2,0.01,0.14142135623730953,1.0,2.0,0.175,0.0175,0.9,0.5,5.0,completion,successes,count,5.0
correlation_search_space_smear_deviation,0.2,0.01,0.14142135623730953,1.0,2.0,0.175,0.0175,0.9,0.5,5.0,completion,failures,count,0.0
correlation_search_space_smear_deviation,0.2,0.01,0.14142135623730953,1.0,2.0,0.175,0.0175,0.9,0.5,5.0,completion,errors,count,0.0
correlation_search_space_smear_deviation,0.2,0.01,0.14142135623730953,1.0,2.0,0.175,0.0175,0.9,0.5,5.0,completion,data or metrics missing,count,0.0
correlation_search_space_smear_deviation,0.2,0.01,0.14142135623730953,1.0,2.0,0.175,0.0175,0.9,0.5,5.0,latency,latency,mean,0.006048275862068966
correlation_search_space_smear_deviation,0.2,0.01,0.14142135623730953,1.0,2.0,0.175,0.0175,0.9,0.5,5.0,latency,latency,std_dev,0.004239926860922142
correlation_search_space_smear_deviation,0.2,0.01,0.14142135623730953,1.0,2.0,0.175,0.0175,0.9,0.5,5.0,latency,latency,median,0.004
correlation_search_space_smear_deviation,0.2,0.01,0.14142135623730953,1.0,2.0,0.175,0.0175,0.9,0.5,5.0,latency,latency,min,0.001
correlation_search_space_smear_deviation,0.2,0.01,0.14142135623730953,1.0,2.0,0.175,0.0175,0.9,0.5,5.0,latency,latency,max,0.017
correlation_search_space_smear_deviation,0.2,0.01,0.14142135623730953,1.0,2.0,0.175,0.0175,0.9,0.5,5.0,cov,trace,mean,0.00558722972972973
correlation_search_space_smear_deviation,0.2,0.01,0.14142135623730953,1.0,2.0,0.175,0.0175,0.9,0.5,5.0,cov,trace,std_dev,0.002168950456409594
correlation_search_space_smear_deviation,0.2,0.01,0.14142135623730953,1.0,2.0,0.175,0.0175,0.9,0.5,5.0,cov,trace,median,0.005043
correlation_search_space_smear_deviation,0.2,0.01,0.14142135623730953,1.0,2.0,0.175,0.0175,0.9,0.5,5.0,cov,trace,min,0.002646
correlation_search_space_smear_deviation,0.2,0.01,0.14142135623730953,1.0,2.0,0.175,0.0175,0.9,0.5,5.0,cov,trace,max,0.023045
correlation_search_space_smear_deviation,0.2,0.01,0.14142135623730953,1.0,2.0,0.175,0.0175,0.9,0.5,5.0,cov,trace,rmse,0.005993453272958348
correlation_search_space_smear_deviation,0.2,0.01,0.14142135623730953,1.0,2.0,0.175,0.0175,0.9,0.5,5.0,cov,det,mean,3.510951352364864e-10
correlation_search_space_smear_deviation,0.2,0.01,0.14142135623730953,1.0,2.0,0.175,0.0175,0.9,0.5,5.0,cov,det,std_dev,3.047903429930446e-10
correlation_search_space_smear_deviation,0.2,0.01,0.14142135623730953,1.0,2.0,0.175,0.0175,0.9,0.5,5.0,cov,det,median,2.8741756850000025e-10
correlation_search_space_smear_deviation,0.2,0.01,0.14142135623730953,1.0,2.0,0.175,0.0175,0.9,0.5,5.0,cov,det,min,7.056604400000003e-11
correlation_search_space_smear_deviation,0.2,0.01,0.14142135623730953,1.0,2.0,0.175,0.0175,0.9,0.5,5.0,cov,det,max,2.799394650000001e-09
correlation_search_space_smear_deviation,0.2,0.01,0.14142135623730953,1.0,2.0,0.175,0.0175,0.9,0.5,5.0,cov,det,rmse,4.6493542257881835e-10
correlation_search_space_smear_deviation,0.2,0.01,0.20000000000000004,1.0,2.0,0.175,0.0175,0.9,0.5,5.0,traj,APE,mean,0.08257898565456068
correlation_search_space_smear_deviation,0.2,0.01,0.20000000000000004,1.0,2.0,0.175,0.0175,0.9,0.5,5.0,traj,APE,std_dev,0.057739729672639316
correlation_search_space_smear_deviation,0.2,0.01,0.20000000000000004,1.0,2.0,0.175,0.0175,0.9,0.5,5.0,traj,APE,median,0.06249672022430842
correlation_search_space_smear_deviation,0.2,0.01,0.20000000000000004,1.0,2.0,0.175,0.0175,0.9,0.5,5.0,traj,APE,min,9.215718466126788e-19
correlation_search_space_smear_deviation,0.2,0.01,0.20000000000000004,1.0,2.0,0.175,0.0175,0.9,0.5,5.0,traj,APE,max,0.2572848784141887
correlation_search_space_smear_deviation,0.2,0.01,0.20000000000000004,1.0,2.0,0.175,0.0175,0.9,0.5,5.0,traj,APE,rmse,0.10076291606739854
correlation_search_space_smear_deviation,0.2,0.01,0.20000000000000004,1.0,2.0,0.175,0.0175,0.9,0.5,5.0,traj,RPE,mean,0.058376984739409124
correlation_search_space_smear_deviation,0.2,0.01,0.20000000000000004,1.0,2.0,0.175,0.0175,0.9,0.5,5.0,traj,RPE,std_dev,0.04019924991727312
correlation_search_space_smear_deviation,0.2,0.01,0.20000000000000004,1.0,2.0,0.175,0.0175,0.9,0.5,5.0,traj,RPE,median,0.04629844263355977
correlation_search_space_smear_deviation,0.2,0.01,0.20000000000000004,1.0,2.0,0.175,0.0175,0.9,0.5,5.0,traj,RPE,min,0.013737394442110744
correlation_search_space_smear_deviation,0.2,0.01,0.20000000000000004,1.0,2.0,0.175,0.0175,0.9,0.5,5.0,traj,RPE,max,0.23597420064448132
correlation_search_space_smear_deviation,0.2,0.01,0.20000000000000004,1.0,2.0,0.175,0.0175,0.9,0.5,5.0,traj,RPE,rmse,0.07087913685406015
correlation_search_space_smear_deviation,0.2,0.01,0.20000000000000004,1.0,2.0,0.175,0.0175,0.9,0.5,5.0,traj,num associated poses,mean,28.0
correlation_search_space_smear_deviation,0.2,0.01,0.20000000000000004,1.0,2.0,0.175,0.0175,0.9,0.5,5.0,traj,num associated poses,std_dev,0.6324555320336759
correlation_search_space_smear_deviation,0.2,0.01,0.20000000000000004,1.0,2.0,0.175,0.0175,0.9,0.5,5.0,traj,num associated poses,median,28.0
correlation_search_space_smear_deviation,0.2,0.01,0.20000000000000004,1.0,2.0,0.175,0.0175,0.9,0.5,5.0,traj,num associated poses,min,27.0
correlation_search_space_smear_deviation,0.2,0.01,0.20000000000000004,1.0,2.0,0.175,0.0175,0.9,0.5,5.0,traj,num associated poses,max,29.0
correlation_search_space_smear_deviation,0.2,0.01,0.20000000000000004,1.0,2.0,0.175,0.0175,0.9,0.5,5.0,traj,num gt poses,mean,179.4
correlation_search_space_smear_deviation,0.2,0.01,0.20000000000000004,1.0,2.0,0.175,0.0175,0.9,0.5,5.0,traj,num gt poses,std_dev,6.681317235396026
correlation_search_space_smear_deviation,0.2,0.01,0.20000000000000004,1.0,2.0,0.175,0.0175,0.9,0.5,5.0,traj,num gt poses,median,180.0
correlation_search_space_smear_deviation,0.2,0.01,0.20000000000000004,1.0,2.0,0.175,0.0175,0.9,0.5,5.0,traj,num gt poses,min,170.0
correlation_search_space_smear_deviation,0.2,0.01,0.20000000000000004,1.0,2.0,0.175,0.0175,0.9,0.5,5.0,traj,num gt poses,max,188.0
correlation_search_space_smear_deviation,0.2,0.01,0.20000000000000004,1.0,2.0,0.175,0.0175,0.9,0.5,5.0,traj,odom accum path length (m),mean,11.601533
correlation_search_space_smear_deviation,0.2,0.01,0.20000000000000004,1.0,2.0,0.175,0.0175,0.9,0.5,5.0,traj,odom accum path length (m),std_dev,0.03332633983503168
correlation_search_space_smear_deviation,0.2,0.01,0.20000000000000004,1.0,2.0,0.175,0.0175,0.9,0.5,5.0,traj,odom accum path length (m),median,11.600557
correlation_search_space_smear_deviation,0.2,0.01,0.20000000000000004,1.0,2.0,0.175,0.0175,0.9,0.5,5.0,traj,odom accum path length (m),min,11.565005
correlation_search_space_smear_deviation,0.2,0.01,0.20000000000000004,1.0,2.0,0.175,0.0175,0.9,0.5,5.0,traj,odom accum path length (m),max,11.660906
correlation_search_space_smear_deviation,0.2,0.01,0.20000000000000004,1.0,2.0,0.175,0.0175,0.9,0.5,5.0,traj,total rotation (rad),mean,10.153807200000001
correlation_search_space_smear_deviation,0.2,0.01,0.20000000000000004,1.0,2.0,0.175,0.0175,0.9,0.5,5.0,traj,total rotation (rad),std_dev,0.431637206003097
correlation_search_space_smear_deviation,0.2,0.01,0.20000000000000004,1.0,2.0,0.175,0.0175,0.9,0.5,5.0,traj,total rotation (rad),median,10.205393
correlation_search_space_smear_deviation,0.2,0.01,0.20000000000000004,1.0,2.0,0.175,0.0175,0.9,0.5,5.0,traj,total rotation (rad),min,9.502746
correlation_search_space_smear_deviation,0.2,0.01,0.20000000000000004,1.0,2.0,0.175,0.0175,0.9,0.5,5.0,traj,total rotation (rad),max,10.673814
correlation_search_space_smear_deviation,0.2,0.01,0.20000000000000004,1.0,2.0,0.175,0.0175,0.9,0.5,5.0,traj,duration (s),mean,24.5916
correlation_search_space_smear_deviation,0.2,0.01,0.20000000000000004,1.0,2.0,0.175,0.0175,0.9,0.5,5.0,traj,duration (s),std_dev,0.8561896051693231
correlation_search_space_smear_deviation,0.2,0.01,0.20000000000000004,1.0,2.0,0.175,0.0175,0.9,0.5,5.0,traj,duration (s),median,24.695
correlation_search_space_smear_deviation,0.2,0.01,0.20000000000000004,1.0,2.0,0.175,0.0175,0.9,0.5,5.0,traj,duration (s),min,23.518
correlation_search_space_smear_deviation,0.2,0.01,0.20000000000000004,1.0,2.0,0.175,0.0175,0.9,0.5,5.0,traj,duration (s),max,25.689
correlation_search_space_smear_deviation,0.2,0.01,0.20000000000000004,1.0,2.0,0.175,0.0175,0.9,0.5,5.0,completion,successes,count,5.0
correlation_search_space_smear_deviation,0.2,0.01,0.20000000000000004,1.0,2.0,0.175,0.0175,0.9,0.5,5.0,completion,failures,count,0.0
correlation_search_space_smear_deviation,0.2,0.01,0.20000000000000004,1.0,2.0,0.175,0.0175,0.9,0.5,5.0,completion,errors,count,0.0
correlation_search_space_smear_deviation,0.2,0.01,0.20000000000000004,1.0,2.0,0.175,0.0175,0.9,0.5,5.0,completion,data or metrics missing,count,0.0
correlation_search_space_smear_deviation,0.2,0.01,0.20000000000000004,1.0,2.0,0.175,0.0175,0.9,0.5,5.0,latency,latency,mean,0.004178571428571429
correlation_search_space_smear_deviation,0.2,0.01,0.20000000000000004,1.0,2.0,0.175,0.0175,0.9,0.5,5.0,latency,latency,std_dev,0.00173315507979299
correlation_search_space_smear_deviation,0.2,0.01,0.20000000000000004,1.0,2.0,0.175,0.0175,0.9,0.5,5.0,latency,latency,median,0.004
correlation_search_space_smear_deviation,0.2,0.01,0.20000000000000004,1.0,2.0,0.175,0.0175,0.9,0.5,5.0,latency,latency,min,0.0
correlation_search_space_smear_deviation,0.2,0.01,0.20000000000000004,1.0,2.0,0.175,0.0175,0.9,0.5,5.0,latency,latency,max,0.008
correlation_search_space_smear_deviation,0.2,0.01,0.20000000000000004,1.0,2.0,0.175,0.0175,0.9,0.5,5.0,cov,trace,mean,0.005870777777777777
correlation_search_space_smear_deviation,0.2,0.01,0.20000000000000004,1.0,2.0,0.175,0.0175,0.9,0.5,5.0,cov,trace,std_dev,0.0026524283199144045
correlation_search_space_smear_deviation,0.2,0.01,0.20000000000000004,1.0,2.0,0.175,0.0175,0.9,0.5,5.0,cov,trace,median,0.0051295
correlation_search_space_smear_deviation,0.2,0.01,0.20000000000000004,1.0,2.0,0.175,0.0175,0.9,0.5,5.0,cov,trace,min,0.0030949999999999997
correlation_search_space_smear_deviation,0.2,0.01,0.20000000000000004,1.0,2.0,0.175,0.0175,0.9,0.5,5.0,cov,trace,max,0.022686
correlation_search_space_smear_deviation,0.2,0.01,0.20000000000000004,1.0,2.0,0.175,0.0175,0.9,0.5,5.0,cov,trace,rmse,0.006442158621792336
correlation_search_space_smear_deviation,0.2,0.01,0.20000000000000004,1.0,2.0,0.175,0.0175,0.9,0.5,5.0,cov,det,mean,3.595447003541666e-10
correlation_search_space_smear_deviation,0.2,0.01,0.20000000000000004,1.0,2.0,0.175,0.0175,0.9,0.5,5.0,cov,det,std_dev,3.0723010311785664e-10
correlation_search_space_smear_deviation,0.2,0.01,0.20000000000000004,1.0,2.0,0.175,0.0175,0.9,0.5,5.0,cov,det,median,2.6493822600000007e-10
correlation_search_space_smear_deviation,0.2,0.01,0.20000000000000004,1.0,2.0,0.175,0.0175,0.9,0.5,5.0,cov,det,min,7.943092799999983e-11
correlation_search_space_smear_deviation,0.2,0.01,0.20000000000000004,1.0,2.0,0.175,0.0175,0.9,0.5,5.0,cov,det,max,1.9761316499999983e-09
correlation_search_space_smear_deviation,0.2,0.01,0.20000000000000004,1.0,2.0,0.175,0.0175,0.9,0.5,5.0,cov,det,rmse,4.729299396470647e-10
correlation_search_space_smear_deviation,0.2,0.01,0.28284271247461906,1.0,2.0,0.175,0.0175,0.9,0.5,5.0,traj,APE,mean,0.07602925264467646
correlation_search_space_smear_deviation,0.2,0.01,0.28284271247461906,1.0,2.0,0.175,0.0175,0.9,0.5,5.0,traj,APE,std_dev,0.050020407887244725
correlation_search_space_smear_deviation,0.2,0.01,0.28284271247461906,1.0,2.0,0.175,0.0175,0.9,0.5,5.0,traj,APE,median,0.055205353279840795
correlation_search_space_smear_deviation,0.2,0.01,0.28284271247461906,1.0,2.0,0.175,0.0175,0.9,0.5,5.0,traj,APE,min,1.0842021724855044e-18
correlation_search_space_smear_deviation,0.2,0.01,0.28284271247461906,1.0,2.0,0.175,0.0175,0.9,0.5,5.0,traj,APE,max,0.1945187730994868
correlation_search_space_smear_deviation,0.2,0.01,0.28284271247461906,1.0,2.0,0.175,0.0175,0.9,0.5,5.0,traj,APE,rmse,0.09100817800019059
correlation_search_space_smear_deviation,0.2,0.01,0.28284271247461906,1.0,2.0,0.175,0.0175,0.9,0.5,5.0,traj,RPE,mean,0.0532649522252519
correlation_search_space_smear_deviation,0.2,0.01,0.28284271247461906,1.0,2.0,0.175,0.0175,0.9,0.5,5.0,traj,RPE,std_dev,0.03497306133697752
correlation_search_space_smear_deviation,0.2,0.01,0.28284271247461906,1.0,2.0,0.175,0.0175,0.9,0.5,5.0,traj,RPE,median,0.04155146063677326
correlation_search_space_smear_deviation,0.2,0.01,0.28284271247461906,1.0,2.0,0.175,0.0175,0.9,0.5,5.0,traj,RPE,min,0.009081359276409141
correlation_search_space_smear_deviation,0.2,0.01,0.28284271247461906,1.0,2.0,0.175,0.0175,0.9,0.5,5.0,traj,RPE,max,0.1881794736188211
correlation_search_space_smear_deviation,0.2,0.01,0.28284271247461906,1.0,2.0,0.175,0.0175,0.9,0.5,5.0,traj,RPE,rmse,0.06372024917432731
correlation_search_space_smear_deviation,0.2,0.01,0.28284271247461906,1.0,2.0,0.175,0.0175,0.9,0.5,5.0,traj,num associated poses,mean,27.4
correlation_search_space_smear_deviation,0.2,0.01,0.28284271247461906,1.0,2.0,0.175,0.0175,0.9,0.5,5.0,traj,num associated poses,std_dev,0.4898979485566356
correlation_search_space_smear_deviation,0.2,0.01,0.28284271247461906,1.0,2.0,0.175,0.0175,0.9,0.5,5.0,traj,num associated poses,median,27.0
correlation_search_space_smear_deviation,0.2,0.01,0.28284271247461906,1.0,2.0,0.175,0.0175,0.9,0.5,5.0,traj,num associated poses,min,27.0
correlation_search_space_smear_deviation,0.2,0.01,0.28284271247461906,1.0,2.0,0.175,0.0175,0.9,0.5,5.0,traj,num associated poses,max,28.0
correlation_search_space_smear_deviation,0.2,0.01,0.28284271247461906,1.0,2.0,0.175,0.0175,0.9,0.5,5.0,traj,num gt poses,mean,172.0
correlation_search_space_smear_deviation,0.2,0.01,0.28284271247461906,1.0,2.0,0.175,0.0175,0.9,0.5,5.0,traj,num gt poses,std_dev,3.286335345030997
correlation_search_space_smear_deviation,0.2,0.01,0.28284271247461906,1.0,2.0,0.175,0.0175,0.9,0.5,5.0,traj,num gt poses,median,170.0
correlation_search_space_smear_deviation,0.2,0.01,0.28284271247461906,1.0,2.0,0.175,0.0175,0.9,0.5,5.0,traj,num gt poses,min,169.0
correlation_search_space_smear_deviation,0.2,0.01,0.28284271247461906,1.0,2.0,0.175,0.0175,0.9,0.5,5.0,traj,num gt poses,max,178.0
correlation_search_space_smear_deviation,0.2,0.01,0.28284271247461906,1.0,2.0,0.175,0.0175,0.9,0.5,5.0,traj,odom accum path length (m),mean,11.5131284
correlation_search_space_smear_deviation,0.2,0.01,0.28284271247461906,1.0,2.0,0.175,0.0175,0.9,0.5,5.0,traj,odom accum path length (m),std_dev,0.05375445493203364
correlation_search_space_smear_deviation,0.2,0.01,0.28284271247461906,1.0,2.0,0.175,0.0175,0.9,0.5,5.0,traj,odom accum path length (m),median,11.513257
correlation_search_space_smear_deviation,0.2,0.01,0.28284271247461906,1.0,2.0,0.175,0.0175,0.9,0.5,5.0,traj,odom accum path length (m),min,11.431434
correlation_search_space_smear_deviation,0.2,0.01,0.28284271247461906,1.0,2.0,0.175,0.0175,0.9,0.5,5.0,traj,odom accum path length (m),max,11.597324
correlation_search_space_smear_deviation,0.2,0.01,0.28284271247461906,1.0,2.0,0.175,0.0175,0.9,0.5,5.0,traj,total rotation (rad),mean,9.366419
correlation_search_space_smear_deviation,0.2,0.01,0.28284271247461906,1.0,2.0,0.175,0.0175,0.9,0.5,5.0,traj,total rotation (rad),std_dev,0.19012357437729765
correlation_search_space_smear_deviation,0.2,0.01,0.28284271247461906,1.0,2.0,0.175,0.0175,0.9,0.5,5.0,traj,total rotation (rad),median,9.401797
correlation_search_space_smear_deviation,0.2,0.01,0.28284271247461906,1.0,2.0,0.175,0.0175,0.9,0.5,5.0,traj,total rotation (rad),min,9.062086
correlation_search_space_smear_deviation,0.2,0.01,0.28284271247461906,1.0,2.0,0.175,0.0175,0.9,0.5,5.0,traj,total rotation (rad),max,9.57287
correlation_search_space_smear_deviation,0.2,0.01,0.28284271247461906,1.0,2.0,0.175,0.0175,0.9,0.5,5.0,traj,duration (s),mean,23.644000000000005
correlation_search_space_smear_deviation,0.2,0.01,0.28284271247461906,1.0,2.0,0.175,0.0175,0.9,0.5,5.0,traj,duration (s),std_dev,0.3737180755596392
correlation_search_space_smear_deviation,0.2,0.01,0.28284271247461906,1.0,2.0,0.175,0.0175,0.9,0.5,5.0,traj,duration (s),median,23.537000000000003
correlation_search_space_smear_deviation,0.2,0.01,0.28284271247461906,1.0,2.0,0.175,0.0175,0.9,0.5,5.0,traj,duration (s),min,23.337000000000003
correlation_search_space_smear_deviation,0.2,0.01,0.28284271247461906,1.0,2.0,0.175,0.0175,0.9,0.5,5.0,traj,duration (s),max,24.368000000000002
correlation_search_space_smear_deviation,0.2,0.01,0.28284271247461906,1.0,2.0,0.175,0.0175,0.9,0.5,5.0,completion,successes,count,5.0
correlation_search_space_smear_deviation,0.2,0.01,0.28284271247461906,1.0,2.0,0.175,0.0175,0.9,0.5,5.0,completion,failures,count,0.0
correlation_search_space_smear_deviation,0.2,0.01,0.28284271247461906,1.0,2.0,0.175,0.0175,0.9,0.5,5.0,completion,errors,count,0.0
correlation_search_space_smear_deviation,0.2,0.01,0.28284271247461906,1.0,2.0,0.175,0.0175,0.9,0.5,5.0,completion,data or metrics missing,count,0.0
correlation_search_space_smear_deviation,0.2,0.01,0.28284271247461906,1.0,2.0,0.175,0.0175,0.9,0.5,5.0,latency,latency,mean,0.004481751824817519
correlation_search_space_smear_deviation,0.2,0.01,0.28284271247461906,1.0,2.0,0.175,0.0175,0.9,0.5,5.0,latency,latency,std_dev,0.003961681774014045
correlation_search_space_smear_deviation,0.2,0.01,0.28284271247461906,1.0,2.0,0.175,0.0175,0.9,0.5,5.0,latency,latency,median,0.003
correlation_search_space_smear_deviation,0.2,0.01,0.28284271247461906,1.0,2.0,0.175,0.0175,0.9,0.5,5.0,latency,latency,min,0.0
correlation_search_space_smear_deviation,0.2,0.01,0.28284271247461906,1.0,2.0,0.175,0.0175,0.9,0.5,5.0,latency,latency,max,0.014
correlation_search_space_smear_deviation,0.2,0.01,0.28284271247461906,1.0,2.0,0.175,0.0175,0.9,0.5,5.0,cov,trace,mean,0.00574344366197183
correlation_search_space_smear_deviation,0.2,0.01,0.28284271247461906,1.0,2.0,0.175,0.0175,0.9,0.5,5.0,cov,trace,std_dev,0.0023955725491780293
correlation_search_space_smear_deviation,0.2,0.01,0.28284271247461906,1.0,2.0,0.175,0.0175,0.9,0.5,5.0,cov,trace,median,0.00502
correlation_search_space_smear_deviation,0.2,0.01,0.28284271247461906,1.0,2.0,0.175,0.0175,0.9,0.5,5.0,cov,trace,min,0.0028710000000000003
correlation_search_space_smear_deviation,0.2,0.01,0.28284271247461906,1.0,2.0,0.175,0.0175,0.9,0.5,5.0,cov,trace,max,0.021542
correlation_search_space_smear_deviation,0.2,0.01,0.28284271247461906,1.0,2.0,0.175,0.0175,0.9,0.5,5.0,cov,trace,rmse,0.006223014778756332
correlation_search_space_smear_deviation,0.2,0.01,0.28284271247461906,1.0,2.0,0.175,0.0175,0.9,0.5,5.0,cov,det,mean,4.0899458511971837e-10
correlation_search_space_smear_deviation,0.2,0.01,0.28284271247461906,1.0,2.0,0.175,0.0175,0.9,0.5,5.0,cov,det,std_dev,4.806597138676572e-10
correlation_search_space_smear_deviation,0.2,0.01,0.28284271247461906,1.0,2.0,0.175,0.0175,0.9,0.5,5.0,cov,det,median,2.844977749999997e-10
correlation_search_space_smear_deviation,0.2,0.01,0.28284271247461906,1.0,2.0,0.175,0.0175,0.9,0.5,5.0,cov,det,min,7.968909600000006e-11
correlation_search_space_smear_deviation,0.2,0.01,0.28284271247461906,1.0,2.0,0.175,0.0175,0.9,0.5,5.0,cov,det,max,4.055970047000012e-09
correlation_search_space_smear_deviation,0.2,0.01,0.28284271247461906,1.0,2.0,0.175,0.0175,0.9,0.5,5.0,cov,det,rmse,6.311183179029021e-10
correlation_search_space_smear_deviation,0.2,0.01,0.4000000000000001,1.0,2.0,0.175,0.0175,0.9,0.5,5.0,traj,APE,mean,0.11158040786039096
correlation_search_space_smear_deviation,0.2,0.01,0.4000000000000001,1.0,2.0,0.175,0.0175,0.9,0.5,5.0,traj,APE,std_dev,0.08463354837342367
correlation_search_space_smear_deviation,0.2,0.01,0.4000000000000001,1.0,2.0,0.175,0.0175,0.9,0.5,5.0,traj,APE,median,0.07985969628744148
correlation_search_space_smear_deviation,0.2,0.01,0.4000000000000001,1.0,2.0,0.175,0.0175,0.9,0.5,5.0,traj,APE,min,5.421010862427522e-20
correlation_search_space_smear_deviation,0.2,0.01,0.4000000000000001,1.0,2.0,0.175,0.0175,0.9,0.5,5.0,traj,APE,max,0.3624758553734811
correlation_search_space_smear_deviation,0.2,0.01,0.4000000000000001,1.0,2.0,0.175,0.0175,0.9,0.5,5.0,traj,APE,rmse,0.14004650987642586
correlation_search_space_smear_deviation,0.2,0.01,0.4000000000000001,1.0,2.0,0.175,0.0175,0.9,0.5,5.0,traj,RPE,mean,0.05357272715412129
correlation_search_space_smear_deviation,0.2,0.01,0.4000000000000001,1.0,2.0,0.175,0.0175,0.9,0.5,5.0,traj,RPE,std_dev,0.033091341379586185
correlation_search_space_smear_deviation,0.2,0.01,0.4000000000000001,1.0,2.0,0.175,0.0175,0.9,0.5,5.0,traj,RPE,median,0.04163642028830487
correlation_search_space_smear_deviation,0.2,0.01,0.4000000000000001,1.0,2.0,0.175,0.0175,0.9,0.5,5.0,traj,RPE,min,0.01912331868364469
correlation_search_space_smear_deviation,0.2,0.01,0.4000000000000001,1.0,2.0,0.175,0.0175,0.9,0.5,5.0,traj,RPE,max,0.17040572048400082
correlation_search_space_smear_deviation,0.2,0.01,0.4000000000000001,1.0,2.0,0.175,0.0175,0.9,0.5,5.0,traj,RPE,rmse,0.06296883331482518
correlation_search_space_smear_deviation,0.2,0.01,0.4000000000000001,1.0,2.0,0.175,0.0175,0.9,0.5,5.0,traj,num associated poses,mean,27.8
correlation_search_space_smear_deviation,0.2,0.01,0.4000000000000001,1.0,2.0,0.175,0.0175,0.9,0.5,5.0,traj,num associated poses,std_dev,1.1661903789690602
correlation_search_space_smear_deviation,0.2,0.01,0.4000000000000001,1.0,2.0,0.175,0.0175,0.9,0.5,5.0,traj,num associated poses,median,27.0
correlation_search_space_smear_deviation,0.2,0.01,0.4000000000000001,1.0,2.0,0.175,0.0175,0.9,0.5,5.0,traj,num associated poses,min,27.0
correlation_search_space_smear_deviation,0.2,0.01,0.4000000000000001,1.0,2.0,0.175,0.0175,0.9,0.5,5.0,traj,num associated poses,max,30.0
correlation_search_space_smear_deviation,0.2,0.01,0.4000000000000001,1.0,2.0,0.175,0.0175,0.9,0.5,5.0,traj,num gt poses,mean,180.6
correlation_search_space_smear_deviation,0.2,0.01,0.4000000000000001,1.0,2.0,0.175,0.0175,0.9,0.5,5.0,traj,num gt poses,std_dev,14.813507349712964
correlation_search_space_smear_deviation,0.2,0.01,0.4000000000000001,1.0,2.0,0.175,0.0175,0.9,0.5,5.0,traj,num gt poses,median,173.0
correlation_search_space_smear_deviation,0.2,0.01,0.4000000000000001,1.0,2.0,0.175,0.0175,0.9,0.5,5.0,traj,num gt poses,min,167.0
correlation_search_space_smear_deviation,0.2,0.01,0.4000000000000001,1.0,2.0,0.175,0.0175,0.9,0.5,5.0,traj,num gt poses,max,208.0
correlation_search_space_smear_deviation,0.2,0.01,0.4000000000000001,1.0,2.0,0.175,0.0175,0.9,0.5,5.0,traj,odom accum path length (m),mean,11.511531399999999
correlation_search_space_smear_deviation,0.2,0.01,0.4000000000000001,1.0,2.0,0.175,0.0175,0.9,0.5,5.0,traj,odom accum path length (m),std_dev,0.07385008589189333
correlation_search_space_smear_deviation,0.2,0.01,0.4000000000000001,1.0,2.0,0.175,0.0175,0.9,0.5,5.0,traj,odom accum path length (m),median,11.567614
correlation_search_space_smear_deviation,0.2,0.01,0.4000000000000001,1.0,2.0,0.175,0.0175,0.9,0.5,5.0,traj,odom accum path length (m),min,11.415651
correlation_search_space_smear_deviation,0.2,0.01,0.4000000000000001,1.0,2.0,0.175,0.0175,0.9,0.5,5.0,traj,odom accum path length (m),max,11.578818
correlation_search_space_smear_deviation,0.2,0.01,0.4000000000000001,1.0,2.0,0.175,0.0175,0.9,0.5,5.0,traj,total rotation (rad),mean,9.809279
correlation_search_space_smear_deviation,0.2,0.01,0.4000000000000001,1.0,2.0,0.175,0.0175,0.9,0.5,5.0,traj,total rotation (rad),std_dev,0.5827422188041638
correlation_search_space_smear_deviation,0.2,0.01,0.4000000000000001,1.0,2.0,0.175,0.0175,0.9,0.5,5.0,traj,total rotation (rad),median,9.635027
correlation_search_space_smear_deviation,0.2,0.01,0.4000000000000001,1.0,2.0,0.175,0.0175,0.9,0.5,5.0,traj,total rotation (rad),min,8.986212
correlation_search_space_smear_deviation,0.2,0.01,0.4000000000000001,1.0,2.0,0.175,0.0175,0.9,0.5,5.0,traj,total rotation (rad),max,10.623014
correlation_search_space_smear_deviation,0.2,0.01,0.4000000000000001,1.0,2.0,0.175,0.0175,0.9,0.5,5.0,traj,duration (s),mean,24.837
correlation_search_space_smear_deviation,0.2,0.01,0.4000000000000001,1.0,2.0,0.175,0.0175,0.9,0.5,5.0,traj,duration (s),std_dev,1.966722146110122
correlation_search_space_smear_deviation,0.2,0.01,0.4000000000000001,1.0,2.0,0.175,0.0175,0.9,0.5,5.0,traj,duration (s),median,23.636000000000003
correlation_search_space_smear_deviation,0.2,0.01,0.4000000000000001,1.0,2.0,0.175,0.0175,0.9,0.5,5.0,traj,duration (s),min,23.353999999999996
correlation_search_space_smear_deviation,0.2,0.01,0.4000000000000001,1.0,2.0,0.175,0.0175,0.9,0.5,5.0,traj,duration (s),max,28.578000000000003
correlation_search_space_smear_deviation,0.2,0.01,0.4000000000000001,1.0,2.0,0.175,0.0175,0.9,0.5,5.0,completion,successes,count,5.0
correlation_search_space_smear_deviation,0.2,0.01,0.4000000000000001,1.0,2.0,0.175,0.0175,0.9,0.5,5.0,completion,failures,count,0.0
correlation_search_space_smear_deviation,0.2,0.01,0.4000000000000001,1.0,2.0,0.175,0.0175,0.9,0.5,5.0,completion,errors,count,0.0
correlation_search_space_smear_deviation,0.2,0.01,0.4000000000000001,1.0,2.0,0.175,0.0175,0.9,0.5,5.0,completion,data or metrics missing,count,0.0
correlation_search_space_smear_deviation,0.2,0.01,0.4000000000000001,1.0,2.0,0.175,0.0175,0.9,0.5,5.0,latency,latency,mean,0.005352517985611512
correlation_search_space_smear_deviation,0.2,0.01,0.4000000000000001,1.0,2.0,0.175,0.0175,0.9,0.5,5.0,latency,latency,std_dev,0.004255953611326474
correlation_search_space_smear_deviation,0.2,0.01,0.4000000000000001,1.0,2.0,0.175,0.0175,0.9,0.5,5.0,latency,latency,median,0.003
correlation_search_space_smear_deviation,0.2,0.01,0.4000000000000001,1.0,2.0,0.175,0.0175,0.9,0.5,5.0,latency,latency,min,0.0
correlation_search_space_smear_deviation,0.2,0.01,0.4000000000000001,1.0,2.0,0.175,0.0175,0.9,0.5,5.0,latency,latency,max,0.017
correlation_search_space_smear_deviation,0.2,0.01,0.4000000000000001,1.0,2.0,0.175,0.0175,0.9,0.5,5.0,cov,trace,mean,0.00567519014084507
correlation_search_space_smear_deviation,0.2,0.01,0.4000000000000001,1.0,2.0,0.175,0.0175,0.9,0.5,5.0,cov,trace,std_dev,0.002354889916786873
correlation_search_space_smear_deviation,0.2,0.01,0.4000000000000001,1.0,2.0,0.175,0.0175,0.9,0.5,5.0,cov,trace,median,0.004956499999999999
correlation_search_space_smear_deviation,0.2,0.01,0.4000000000000001,1.0,2.0,0.175,0.0175,0.9,0.5,5.0,cov,trace,min,0.0027600000000000003
correlation_search_space_smear_deviation,0.2,0.01,0.4000000000000001,1.0,2.0,0.175,0.0175,0.9,0.5,5.0,cov,trace,max,0.021744999999999997
correlation_search_space_smear_deviation,0.2,0.01,0.4000000000000001,1.0,2.0,0.175,0.0175,0.9,0.5,5.0,cov,trace,rmse,0.0061443705662117725
correlation_search_space_smear_deviation,0.2,0.01,0.4000000000000001,1.0,2.0,0.175,0.0175,0.9,0.5,5.0,cov,det,mean,3.868943685140843e-10
correlation_search_space_smear_deviation,0.2,0.01,0.4000000000000001,1.0,2.0,0.175,0.0175,0.9,0.5,5.0,cov,det,std_dev,3.737561505395986e-10
correlation_search_space_smear_deviation,0.2,0.01,0.4000000000000001,1.0,2.0,0.175,0.0175,0.9,0.5,5.0,cov,det,median,2.5853963499999994e-10
correlation_search_space_smear_deviation,0.2,0.01,0.4000000000000001,1.0,2.0,0.175,0.0175,0.9,0.5,5.0,cov,det,min,6.202062399999987e-11
correlation_search_space_smear_deviation,0.2,0.01,0.4000000000000001,1.0,2.0,0.175,0.0175,0.9,0.5,5.0,cov,det,max,2.4603877239999954e-09
correlation_search_space_smear_deviation,0.2,0.01,0.4000000000000001,1.0,2.0,0.175,0.0175,0.9,0.5,5.0,cov,det,rmse,5.379413652565595e-10
correlation_search_space_smear_deviation,0.2,0.01,0.5656854249492381,1.0,2.0,0.175,0.0175,0.9,0.5,5.0,traj,APE,mean,0.058418692962462285
correlation_search_space_smear_deviation,0.2,0.01,0.5656854249492381,1.0,2.0,0.175,0.0175,0.9,0.5,5.0,traj,APE,std_dev,0.030815662912233227
correlation_search_space_smear_deviation,0.2,0.01,0.5656854249492381,1.0,2.0,0.175,0.0175,0.9,0.5,5.0,traj,APE,median,0.05339155897360113
correlation_search_space_smear_deviation,0.2,0.01,0.5656854249492381,1.0,2.0,0.175,0.0175,0.9,0.5,5.0,traj,APE,min,8.131516293641283e-19
correlation_search_space_smear_deviation,0.2,0.01,0.5656854249492381,1.0,2.0,0.175,0.0175,0.9,0.5,5.0,traj,APE,max,0.17239476673486337
correlation_search_space_smear_deviation,0.2,0.01,0.5656854249492381,1.0,2.0,0.175,0.0175,0.9,0.5,5.0,traj,APE,rmse,0.0660480792163014
correlation_search_space_smear_deviation,0.2,0.01,0.5656854249492381,1.0,2.0,0.175,0.0175,0.9,0.5,5.0,traj,RPE,mean,0.051150610167388075
correlation_search_space_smear_deviation,0.2,0.01,0.5656854249492381,1.0,2.0,0.175,0.0175,0.9,0.5,5.0,traj,RPE,std_dev,0.03451865675618393
correlation_search_space_smear_deviation,0.2,0.01,0.5656854249492381,1.0,2.0,0.175,0.0175,0.9,0.5,5.0,traj,RPE,median,0.04075466312498819
correlation_search_space_smear_deviation,0.2,0.01,0.5656854249492381,1.0,2.0,0.175,0.0175,0.9,0.5,5.0,traj,RPE,min,0.015245584380263178
correlation_search_space_smear_deviation,0.2,0.01,0.5656854249492381,1.0,2.0,0.175,0.0175,0.9,0.5,5.0,traj,RPE,max,0.1992408886963891
correlation_search_space_smear_deviation,0.2,0.01,0.5656854249492381,1.0,2.0,0.175,0.0175,0.9,0.5,5.0,traj,RPE,rmse,0.061708367218290164
correlation_search_space_smear_deviation,0.2,0.01,0.5656854249492381,1.0,2.0,0.175,0.0175,0.9,0.5,5.0,traj,num associated poses,mean,28.0
correlation_search_space_smear_deviation,0.2,0.01,0.5656854249492381,1.0,2.0,0.175,0.0175,0.9,0.5,5.0,traj,num associated poses,std_dev,1.224744871391589
correlation_search_space_smear_deviation,0.2,0.01,0.5656854249492381,1.0,2.0,0.175,0.0175,0.9,0.5,5.0,traj,num associated poses,median,27.5
correlation_search_space_smear_deviation,0.2,0.01,0.5656854249492381,1.0,2.0,0.175,0.0175,0.9,0.5,5.0,traj,num associated poses,min,27.0
correlation_search_space_smear_deviation,0.2,0.01,0.5656854249492381,1.0,2.0,0.175,0.0175,0.9,0.5,5.0,traj,num associated poses,max,30.0
correlation_search_space_smear_deviation,0.2,0.01,0.5656854249492381,1.0,2.0,0.175,0.0175,0.9,0.5,5.0,traj,num gt poses,mean,177.0
correlation_search_space_smear_deviation,0.2,0.01,0.5656854249492381,1.0,2.0,0.175,0.0175,0.9,0.5,5.0,traj,num gt poses,std_dev,8.396427811873332
correlation_search_space_smear_deviation,0.2,0.01,0.5656854249492381,1.0,2.0,0.175,0.0175,0.9,0.5,5.0,traj,num gt poses,median,173.5
correlation_search_space_smear_deviation,0.2,0.01,0.5656854249492381,1.0,2.0,0.175,0.0175,0.9,0.5,5.0,traj,num gt poses,min,170.0
correlation_search_space_smear_deviation,0.2,0.01,0.5656854249492381,1.0,2.0,0.175,0.0175,0.9,0.5,5.0,traj,num gt poses,max,191.0
correlation_search_space_smear_deviation,0.2,0.01,0.5656854249492381,1.0,2.0,0.175,0.0175,0.9,0.5,5.0,traj,odom accum path length (m),mean,11.555057000000001
correlation_search_space_smear_deviation,0.2,0.01,0.5656854249492381,1.0,2.0,0.175,0.0175,0.9,0.5,5.0,traj,odom accum path length (m),std_dev,0.11519018005889214
correlation_search_space_smear_deviation,0.2,0.01,0.5656854249492381,1.0,2.0,0.175,0.0175,0.9,0.5,5.0,traj,odom accum path length (m),median,11.557108
correlation_search_space_smear_deviation,0.2,0.01,0.5656854249492381,1.0,2.0,0.175,0.0175,0.9,0.5,5.0,traj,odom accum path length (m),min,11.406827
correlation_search_space_smear_deviation,0.2,0.01,0.5656854249492381,1.0,2.0,0.175,0.0175,0.9,0.5,5.0,traj,odom accum path length (m),max,11.699185
correlation_search_space_smear_deviation,0.2,0.01,0.5656854249492381,1.0,2.0,0.175,0.0175,0.9,0.5,5.0,traj,total rotation (rad),mean,9.89411125
correlation_search_space_smear_deviation,0.2,0.01,0.5656854249492381,1.0,2.0,0.175,0.0175,0.9,0.5,5.0,traj,total rotation (rad),std_dev,0.8464105805380077
correlation_search_space_smear_deviation,0.2,0.01,0.5656854249492381,1.0,2.0,0.175,0.0175,0.9,0.5,5.0,traj,total rotation (rad),median,9.432384500000001
correlation_search_space_smear_deviation,0.2,0.01,0.5656854249492381,1.0,2.0,0.175,0.0175,0.9,0.5,5.0,traj,total rotation (rad),min,9.352638
correlation_search_space_smear_deviation,0.2,0.01,0.5656854249492381,1.0,2.0,0.175,0.0175,0.9,0.5,5.0,traj,total rotation (rad),max,11.359038
correlation_search_space_smear_deviation,0.2,0.01,0.5656854249492381,1.0,2.0,0.175,0.0175,0.9,0.5,5.0,traj,duration (s),mean,24.259
correlation_search_space_smear_deviation,0.2,0.01,0.5656854249492381,1.0,2.0,0.175,0.0175,0.9,0.5,5.0,traj,duration (s),std_dev,1.0501135652871094
correlation_search_space_smear_deviation,0.2,0.01,0.5656854249492381,1.0,2.0,0.175,0.0175,0.9,0.5,5.0,traj,duration (s),median,23.780499999999996
correlation_search_space_smear_deviation,0.2,0.01,0.5656854249492381,1.0,2.0,0.175,0.0175,0.9,0.5,5.0,traj,duration (s),min,23.448999999999998
correlation_search_space_smear_deviation,0.2,0.01,0.5656854249492381,1.0,2.0,0.175,0.0175,0.9,0.5,5.0,traj,duration (s),max,26.026000000000003
correlation_search_space_smear_deviation,0.2,0.01,0.5656854249492381,1.0,2.0,0.175,0.0175,0.9,0.5,5.0,completion,successes,count,4.0
correlation_search_space_smear_deviation,0.2,0.01,0.5656854249492381,1.0,2.0,0.175,0.0175,0.9,0.5,5.0,completion,failures,count,0.0
correlation_search_space_smear_deviation,0.2,0.01,0.5656854249492381,1.0,2.0,0.175,0.0175,0.9,0.5,5.0,completion,errors,count,1.0
correlation_search_space_smear_deviation,0.2,0.01,0.5656854249492381,1.0,2.0,0.175,0.0175,0.9,0.5,5.0,completion,data or metrics missing,count,1.0
correlation_search_space_smear_deviation,0.2,0.01,0.5656854249492381,1.0,2.0,0.175,0.0175,0.9,0.5,5.0,latency,latency,mean,0.0028125000000000003
correlation_search_space_smear_deviation,0.2,0.01,0.5656854249492381,1.0,2.0,0.175,0.0175,0.9,0.5,5.0,latency,latency,std_dev,0.001031047057953363
correlation_search_space_smear_deviation,0.2,0.01,0.5656854249492381,1.0,2.0,0.175,0.0175,0.9,0.5,5.0,latency,latency,median,0.003
correlation_search_space_smear_deviation,0.2,0.01,0.5656854249492381,1.0,2.0,0.175,0.0175,0.9,0.5,5.0,latency,latency,min,0.0
correlation_search_space_smear_deviation,0.2,0.01,0.5656854249492381,1.0,2.0,0.175,0.0175,0.9,0.5,5.0,latency,latency,max,0.005
correlation_search_space_smear_deviation,0.2,0.01,0.5656854249492381,1.0,2.0,0.175,0.0175,0.9,0.5,5.0,cov,trace,mean,0.005322189655172414
correlation_search_space_smear_deviation,0.2,0.01,0.5656854249492381,1.0,2.0,0.175,0.0175,0.9,0.5,5.0,cov,trace,std_dev,0.0014029621674661297
correlation_search_space_smear_deviation,0.2,0.01,0.5656854249492381,1.0,2.0,0.175,0.0175,0.9,0.5,5.0,cov,trace,median,0.004992999999999999
correlation_search_space_smear_deviation,0.2,0.01,0.5656854249492381,1.0,2.0,0.175,0.0175,0.9,0.5,5.0,cov,trace,min,0.0025489999999999996
correlation_search_space_smear_deviation,0.2,0.01,0.5656854249492381,1.0,2.0,0.175,0.0175,0.9,0.5,5.0,cov,trace,max,0.011089
correlation_search_space_smear_deviation,0.2,0.01,0.5656854249492381,1.0,2.0,0.175,0.0175,0.9,0.5,5.0,cov,trace,rmse,0.00550399905241321
correlation_search_space_smear_deviation,0.2,0.01,0.5656854249492381,1.0,2.0,0.175,0.0175,0.9,0.5,5.0,cov,det,mean,3.282152195344826e-10
correlation_search_space_smear_deviation,0.2,0.01,0.5656854249492381,1.0,2.0,0.175,0.0175,0.9,0.5,5.0,cov,det,std_dev,2.6180230614738367e-10
correlation_search_space_smear_deviation,0.2,0.01,0.5656854249492381,1.0,2.0,0.175,0.0175,0.9,0.5,5.0,cov,det,median,2.371171950000001e-10
correlation_search_space_smear_deviation,0.2,0.01,0.5656854249492381,1.0,2.0,0.175,0.0175,0.9,0.5,5.0,cov,det,min,9.930698099999993e-11
correlation_search_space_smear_deviation,0.2,0.01,0.5656854249492381,1.0,2.0,0.175,0.0175,0.9,0.5,5.0,cov,det,max,1.77748909e-09
correlation_search_space_smear_deviation,0.2,0.01,0.5656854249492381,1.0,2.0,0.175,0.0175,0.9,0.5,5.0,cov,det,rmse,4.198400622119773e-10
distance_variance_penalty,0.2,0.01,0.1,0.1767766952966368,2.0,0.175,0.0175,0.9,0.5,5.0,traj,APE,mean,0.09274908417770102
distance_variance_penalty,0.2,0.01,0.1,0.1767766952966368,2.0,0.175,0.0175,0.9,0.5,5.0,traj,APE,std_dev,0.07351022904436225
distance_variance_penalty,0.2,0.01,0.1,0.1767766952966368,2.0,0.175,0.0175,0.9,0.5,5.0,traj,APE,median,0.06654566976826713
distance_variance_penalty,0.2,0.01,0.1,0.1767766952966368,2.0,0.175,0.0175,0.9,0.5,5.0,traj,APE,min,5.421010862427522e-20
distance_variance_penalty,0.2,0.01,0.1,0.1767766952966368,2.0,0.175,0.0175,0.9,0.5,5.0,traj,APE,max,0.3682666238772696
distance_variance_penalty,0.2,0.01,0.1,0.1767766952966368,2.0,0.175,0.0175,0.9,0.5,5.0,traj,APE,rmse,0.11834756604999051
distance_variance_penalty,0.2,0.01,0.1,0.1767766952966368,2.0,0.175,0.0175,0.9,0.5,5.0,traj,RPE,mean,0.05069076914525584
distance_variance_penalty,0.2,0.01,0.1,0.1767766952966368,2.0,0.175,0.0175,0.9,0.5,5.0,traj,RPE,std_dev,0.030188365635628107
distance_variance_penalty,0.2,0.01,0.1,0.1767766952966368,2.0,0.175,0.0175,0.9,0.5,5.0,traj,RPE,median,0.04221940417175096
distance_variance_penalty,0.2,0.01,0.1,0.1767766952966368,2.0,0.175,0.0175,0.9,0.5,5.0,traj,RPE,min,0.00998925492478158
distance_variance_penalty,0.2,0.01,0.1,0.1767766952966368,2.0,0.175,0.0175,0.9,0.5,5.0,traj,RPE,max,0.17087691400672803
distance_variance_penalty,0.2,0.01,0.1,0.1767766952966368,2.0,0.175,0.0175,0.9,0.5,5.0,traj,RPE,rmse,0.058999080469851334
distance_variance_penalty,0.2,0.01,0.1,0.1767766952966368,2.0,0.175,0.0175,0.9,0.5,5.0,traj,num associated poses,mean,29.4
distance_variance_penalty,0.2,0.01,0.1,0.1767766952966368,2.0,0.175,0.0175,0.9,0.5,5.0,traj,num associated poses,std_dev,1.3564659966250536
distance_variance_penalty,0.2,0.01,0.1,0.1767766952966368,2.0,0.175,0.0175,0.9,0.5,5.0,traj,num associated poses,median,29.0
distance_variance_penalty,0.2,0.01,0.1,0.1767766952966368,2.0,0.175,0.0175,0.9,0.5,5.0,traj,num associated poses,min,28.0
distance_variance_penalty,0.2,0.01,0.1,0.1767766952966368,2.0,0.175,0.0175,0.9,0.5,5.0,traj,num associated poses,max,32.0
distance_variance_penalty,0.2,0.01,0.1,0.1767766952966368,2.0,0.175,0.0175,0.9,0.5,5.0,traj,num gt poses,mean,180.2
distance_variance_penalty,0.2,0.01,0.1,0.1767766952966368,2.0,0.175,0.0175,0.9,0.5,5.0,traj,num gt poses,std_dev,7.19444229944198
distance_variance_penalty,0.2,0.01,0.1,0.1767766952966368,2.0,0.175,0.0175,0.9,0.5,5.0,traj,num gt poses,median,177.0
distance_variance_penalty,0.2,0.01,0.1,0.1767766952966368,2.0,0.175,0.0175,0.9,0.5,5.0,traj,num gt poses,min,174.0
distance_variance_penalty,0.2,0.01,0.1,0.1767766952966368,2.0,0.175,0.0175,0.9,0.5,5.0,traj,num gt poses,max,193.0
distance_variance_penalty,0.2,0.01,0.1,0.1767766952966368,2.0,0.175,0.0175,0.9,0.5,5.0,traj,odom accum path length (m),mean,11.774149000000001
distance_variance_penalty,0.2,0.01,0.1,0.1767766952966368,2.0,0.175,0.0175,0.9,0.5,5.0,traj,odom accum path length (m),std_dev,0.30277255055767544
distance_variance_penalty,0.2,0.01,0.1,0.1767766952966368,2.0,0.175,0.0175,0.9,0.5,5.0,traj,odom accum path length (m),median,11.663726
distance_variance_penalty,0.2,0.01,0.1,0.1767766952966368,2.0,0.175,0.0175,0.9,0.5,5.0,traj,odom accum path length (m),min,11.50141
distance_variance_penalty,0.2,0.01,0.1,0.1767766952966368,2.0,0.175,0.0175,0.9,0.5,5.0,traj,odom accum path length (m),max,12.360198
distance_variance_penalty,0.2,0.01,0.1,0.1767766952966368,2.0,0.175,0.0175,0.9,0.5,5.0,traj,total rotation (rad),mean,10.791845200000001
distance_variance_penalty,0.2,0.01,0.1,0.1767766952966368,2.0,0.175,0.0175,0.9,0.5,5.0,traj,total rotation (rad),std_dev,1.2130704280435494
distance_variance_penalty,0.2,0.01,0.1,0.1767766952966368,2.0,0.175,0.0175,0.9,0.5,5.0,traj,total rotation (rad),median,10.753309
distance_variance_penalty,0.2,0.01,0.1,0.1767766952966368,2.0,0.175,0.0175,0.9,0.5,5.0,traj,total rotation (rad),min,9.299645
distance_variance_penalty,0.2,0.01,0.1,0.1767766952966368,2.0,0.175,0.0175,0.9,0.5,5.0,traj,total rotation (rad),max,12.684809
distance_variance_penalty,0.2,0.01,0.1,0.1767766952966368,2.0,0.175,0.0175,0.9,0.5,5.0,traj,duration (s),mean,24.735000000000003
distance_variance_penalty,0.2,0.01,0.1,0.1767766952966368,2.0,0.175,0.0175,0.9,0.5,5.0,traj,duration (s),std_dev,1.0644215330403637
distance_variance_penalty,0.2,0.01,0.1,0.1767766952966368,2.0,0.175,0.0175,0.9,0.5,5.0,traj,duration (s),median,24.226000000000003
distance_variance_penalty,0.2,0.01,0.1,0.1767766952966368,2.0,0.175,0.0175,0.9,0.5,5.0,traj,duration (s),min,23.733000000000004
distance_variance_penalty,0.2,0.01,0.1,0.1767766952966368,2.0,0.175,0.0175,0.9,0.5,5.0,traj,duration (s),max,26.518
distance_variance_penalty,0.2,0.01,0.1,0.1767766952966368,2.0,0.175,0.0175,0.9,0.5,5.0,completion,successes,count,5.0
distance_variance_penalty,0.2,0.01,0.1,0.1767766952966368,2.0,0.175,0.0175,0.9,0.5,5.0,completion,failures,count,0.0
distance_variance_penalty,0.2,0.01,0.1,0.1767766952966368,2.0,0.175,0.0175,0.9,0.5,5.0,completion,errors,count,0.0
distance_variance_penalty,0.2,0.01,0.1,0.1767766952966368,2.0,0.175,0.0175,0.9,0.5,5.0,completion,data or metrics missing,count,0.0
distance_variance_penalty,0.2,0.01,0.1,0.1767766952966368,2.0,0.175,0.0175,0.9,0.5,5.0,latency,latency,mean,0.0035442176870748307
distance_variance_penalty,0.2,0.01,0.1,0.1767766952966368,2.0,0.175,0.0175,0.9,0.5,5.0,latency,latency,std_dev,0.0025454542449544356
distance_variance_penalty,0.2,0.01,0.1,0.1767766952966368,2.0,0.175,0.0175,0.9,0.5,5.0,latency,latency,median,0.003
distance_variance_penalty,0.2,0.01,0.1,0.1767766952966368,2.0,0.175,0.0175,0.9,0.5,5.0,latency,latency,min,0.0
distance_variance_penalty,0.2,0.01,0.1,0.1767766952966368,2.0,0.175,0.0175,0.9,0.5,5.0,latency,latency,max,0.018000000000000002
distance_variance_penalty,0.2,0.01,0.1,0.1767766952966368,2.0,0.175,0.0175,0.9,0.5,5.0,cov,trace,mean,0.003811364238410597
distance_variance_penalty,0.2,0.01,0.1,0.1767766952966368,2.0,0.175,0.0175,0.9,0.5,5.0,cov,trace,std_dev,0.0011225343044563819
distance_variance_penalty,0.2,0.01,0.1,0.1767766952966368,2.0,0.175,0.0175,0.9,0.5,5.0,cov,trace,median,0.003346
distance_variance_penalty,0.2,0.01,0.1,0.1767766952966368,2.0,0.175,0.0175,0.9,0.5,5.0,cov,trace,min,0.0019850000000000002
distance_variance_penalty,0.2,0.01,0.1,0.1767766952966368,2.0,0.175,0.0175,0.9,0.5,5.0,cov,trace,max,0.006880999999999999
distance_variance_penalty,0.2,0.01,0.1,0.1767766952966368,2.0,0.175,0.0175,0.9,0.5,5.0,cov,trace,rmse,0.003973233018904951
distance_variance_penalty,0.2,0.01,0.1,0.1767766952966368,2.0,0.175,0.0175,0.9,0.5,5.0,cov,det,mean,1.8117208323178805e-10
distance_variance_penalty,0.2,0.01,0.1,0.1767766952966368,2.0,0.175,0.0175,0.9,0.5,5.0,cov,det,std_dev,1.4352442699943851e-10
distance_variance_penalty,0.2,0.01,0.1,0.1767766952966368,2.0,0.175,0.0175,0.9,0.5,5.0,cov,det,median,1.295450880000001e-10
distance_variance_penalty,0.2,0.01,0.1,0.1767766952966368,2.0,0.175,0.0175,0.9,0.5,5.0,cov,det,min,3.8383579999999935e-11
distance_variance_penalty,0.2,0.01,0.1,0.1767766952966368,2.0,0.175,0.0175,0.9,0.5,5.0,cov,det,max,7.529483159999999e-10
distance_variance_penalty,0.2,0.01,0.1,0.1767766952966368,2.0,0.175,0.0175,0.9,0.5,5.0,cov,det,rmse,2.3113326218453085e-10
distance_variance_penalty,0.2,0.01,0.1,0.24999999999999992,2.0,0.175,0.0175,0.9,0.5,5.0,traj,APE,mean,0.06373543572691052
distance_variance_penalty,0.2,0.01,0.1,0.24999999999999992,2.0,0.175,0.0175,0.9,0.5,5.0,traj,APE,std_dev,0.03946299168184098
distance_variance_penalty,0.2,0.01,0.1,0.24999999999999992,2.0,0.175,0.0175,0.9,0.5,5.0,traj,APE,median,0.0546754498098267
distance_variance_penalty,0.2,0.01,0.1,0.24999999999999992,2.0,0.175,0.0175,0.9,0.5,5.0,traj,APE,min,1.0842021724855044e-19
distance_variance_penalty,0.2,0.01,0.1,0.24999999999999992,2.0,0.175,0.0175,0.9,0.5,5.0,traj,APE,max,0.19384179796457426
distance_variance_penalty,0.2,0.01,0.1,0.24999999999999992,2.0,0.175,0.0175,0.9,0.5,5.0,traj,APE,rmse,0.07496354767338718
distance_variance_penalty,0.2,0.01,0.1,0.24999999999999992,2.0,0.175,0.0175,0.9,0.5,5.0,traj,RPE,mean,0.05250444316615514
distance_variance_penalty,0.2,0.01,0.1,0.24999999999999992,2.0,0.175,0.0175,0.9,0.5,5.0,traj,RPE,std_dev,0.03573122753964212
distance_variance_penalty,0.2,0.01,0.1,0.24999999999999992,2.0,0.175,0.0175,0.9,0.5,5.0,traj,RPE,median,0.04158359274307161
distance_variance_penalty,0.2,0.01,0.1,0.24999999999999992,2.0,0.175,0.0175,0.9,0.5,5.0,traj,RPE,min,0.008321498270988947
distance_variance_penalty,0.2,0.01,0.1,0.24999999999999992,2.0,0.175,0.0175,0.9,0.5,5.0,traj,RPE,max,0.1781227233075805
distance_variance_penalty,0.2,0.01,0.1,0.24999999999999992,2.0,0.175,0.0175,0.9,0.5,5.0,traj,RPE,rmse,0.06350934713628928
distance_variance_penalty,0.2,0.01,0.1,0.24999999999999992,2.0,0.175,0.0175,0.9,0.5,5.0,traj,num associated poses,mean,27.0
distance_variance_penalty,0.2,0.01,0.1,0.24999999999999992,2.0,0.175,0.0175,0.9,0.5,5.0,traj,num associated poses,std_dev,0.7071067811865476
distance_variance_penalty,0.2,0.01,0.1,0.24999999999999992,2.0,0.175,0.0175,0.9,0.5,5.0,traj,num associated poses,median,27.0
distance_variance_penalty,0.2,0.01,0.1,0.24999999999999992,2.0,0.175,0.0175,0.9,0.5,5.0,traj,num associated poses,min,26.0
distance_variance_penalty,0.2,0.01,0.1,0.24999999999999992,2.0,0.175,0.0175,0.9,0.5,5.0,traj,num associated poses,max,28.0
distance_variance_penalty,0.2,0.01,0.1,0.24999999999999992,2.0,0.175,0.0175,0.9,0.5,5.0,traj,num gt poses,mean,169.75
distance_variance_penalty,0.2,0.01,0.1,0.24999999999999992,2.0,0.175,0.0175,0.9,0.5,5.0,traj,num gt poses,std_dev,3.960744879438715
distance_variance_penalty,0.2,0.01,0.1,0.24999999999999992,2.0,0.175,0.0175,0.9,0.5,5.0,traj,num gt poses,median,171.5
distance_variance_penalty,0.2,0.01,0.1,0.24999999999999992,2.0,0.175,0.0175,0.9,0.5,5.0,traj,num gt poses,min,163.0
distance_variance_penalty,0.2,0.01,0.1,0.24999999999999992,2.0,0.175,0.0175,0.9,0.5,5.0,traj,num gt poses,max,173.0
distance_variance_penalty,0.2,0.01,0.1,0.24999999999999992,2.0,0.175,0.0175,0.9,0.5,5.0,traj,odom accum path length (m),mean,11.47727925
distance_variance_penalty,0.2,0.01,0.1,0.24999999999999992,2.0,0.175,0.0175,0.9,0.5,5.0,traj,odom accum path length (m),std_dev,0.03336625385306965
distance_variance_penalty,0.2,0.01,0.1,0.24999999999999992,2.0,0.175,0.0175,0.9,0.5,5.0,traj,odom accum path length (m),median,11.4688385
distance_variance_penalty,0.2,0.01,0.1,0.24999999999999992,2.0,0.175,0.0175,0.9,0.5,5.0,traj,odom accum path length (m),min,11.440251
distance_variance_penalty,0.2,0.01,0.1,0.24999999999999992,2.0,0.175,0.0175,0.9,0.5,5.0,traj,odom accum path length (m),max,11.531189
distance_variance_penalty,0.2,0.01,0.1,0.24999999999999992,2.0,0.175,0.0175,0.9,0.5,5.0,traj,total rotation (rad),mean,9.4797685
distance_variance_penalty,0.2,0.01,0.1,0.24999999999999992,2.0,0.175,0.0175,0.9,0.5,5.0,traj,total rotation (rad),std_dev,0.21796110042218528
distance_variance_penalty,0.2,0.01,0.1,0.24999999999999992,2.0,0.175,0.0175,0.9,0.5,5.0,traj,total rotation (rad),median,9.3732035
distance_variance_penalty,0.2,0.01,0.1,0.24999999999999992,2.0,0.175,0.0175,0.9,0.5,5.0,traj,total rotation (rad),min,9.31745
distance_variance_penalty,0.2,0.01,0.1,0.24999999999999992,2.0,0.175,0.0175,0.9,0.5,5.0,traj,total rotation (rad),max,9.855217
distance_variance_penalty,0.2,0.01,0.1,0.24999999999999992,2.0,0.175,0.0175,0.9,0.5,5.0,traj,duration (s),mean,23.54175
distance_variance_penalty,0.2,0.01,0.1,0.24999999999999992,2.0,0.175,0.0175,0.9,0.5,5.0,traj,duration (s),std_dev,0.08690044591370133
distance_variance_penalty,0.2,0.01,0.1,0.24999999999999992,2.0,0.175,0.0175,0.9,0.5,5.0,traj,duration (s),median,23.5355
distance_variance_penalty,0.2,0.01,0.1,0.24999999999999992,2.0,0.175,0.0175,0.9,0.5,5.0,traj,duration (s),min,23.435
distance_variance_penalty,0.2,0.01,0.1,0.24999999999999992,2.0,0.175,0.0175,0.9,0.5,5.0,traj,duration (s),max,23.661
distance_variance_penalty,0.2,0.01,0.1,0.24999999999999992,2.0,0.175,0.0175,0.9,0.5,5.0,completion,successes,count,4.0
distance_variance_penalty,0.2,0.01,0.1,0.24999999999999992,2.0,0.175,0.0175,0.9,0.5,5.0,completion,failures,count,0.0
distance_variance_penalty,0.2,0.01,0.1,0.24999999999999992,2.0,0.175,0.0175,0.9,0.5,5.0,completion,errors,count,1.0
distance_variance_penalty,0.2,0.01,0.1,0.24999999999999992,2.0,0.175,0.0175,0.9,0.5,5.0,completion,data or metrics missing,count,1.0
distance_variance_penalty,0.2,0.01,0.1,0.24999999999999992,2.0,0.175,0.0175,0.9,0.5,5.0,latency,latency,mean,0.003425925925925926
distance_variance_penalty,0.2,0.01,0.1,0.24999999999999992,2.0,0.175,0.0175,0.9,0.5,5.0,latency,latency,std_dev,0.002195128038549037
distance_variance_penalty,0.2,0.01,0.1,0.24999999999999992,2.0,0.175,0.0175,0.9,0.5,5.0,latency,latency,median,0.003
distance_variance_penalty,0.2,0.01,0.1,0.24999999999999992,2.0,0.175,0.0175,0.9,0.5,5.0,latency,latency,min,0.0
distance_variance_penalty,0.2,0.01,0.1,0.24999999999999992,2.0,0.175,0.0175,0.9,0.5,5.0,latency,latency,max,0.012
distance_variance_penalty,0.2,0.01,0.1,0.24999999999999992,2.0,0.175,0.0175,0.9,0.5,5.0,cov,trace,mean,0.004603126126126127
distance_variance_penalty,0.2,0.01,0.1,0.24999999999999992,2.0,0.175,0.0175,0.9,0.5,5.0,cov,trace,std_dev,0.0012849743091140739
distance_variance_penalty,0.2,0.01,0.1,0.24999999999999992,2.0,0.175,0.0175,0.9,0.5,5.0,cov,trace,median,0.004221
distance_variance_penalty,0.2,0.01,0.1,0.24999999999999992,2.0,0.175,0.0175,0.9,0.5,5.0,cov,trace,min,0.002468
distance_variance_penalty,0.2,0.01,0.1,0.24999999999999992,2.0,0.175,0.0175,0.9,0.5,5.0,cov,trace,max,0.008034999999999999
distance_variance_penalty,0.2,0.01,0.1,0.24999999999999992,2.0,0.175,0.0175,0.9,0.5,5.0,cov,trace,rmse,0.004779113841300299
distance_variance_penalty,0.2,0.01,0.1,0.24999999999999992,2.0,0.175,0.0175,0.9,0.5,5.0,cov,det,mean,2.3804341249549537e-10
distance_variance_penalty,0.2,0.01,0.1,0.24999999999999992,2.0,0.175,0.0175,0.9,0.5,5.0,cov,det,std_dev,1.870442947603805e-10
distance_variance_penalty,0.2,0.01,0.1,0.24999999999999992,2.0,0.175,0.0175,0.9,0.5,5.0,cov,det,median,1.9734302399999974e-10
distance_variance_penalty,0.2,0.01,0.1,0.24999999999999992,2.0,0.175,0.0175,0.9,0.5,5.0,cov,det,min,4.558763899999995e-11
distance_variance_penalty,0.2,0.01,0.1,0.24999999999999992,2.0,0.175,0.0175,0.9,0.5,5.0,cov,det,max,1.3867481409999989e-09
distance_variance_penalty,0.2,0.01,0.1,0.24999999999999992,2.0,0.175,0.0175,0.9,0.5,5.0,cov,det,rmse,3.0273789725587493e-10
distance_variance_penalty,0.2,0.01,0.1,0.3535533905932737,2.0,0.175,0.0175,0.9,0.5,5.0,traj,APE,mean,0.056834164113423805
distance_variance_penalty,0.2,0.01,0.1,0.3535533905932737,2.0,0.175,0.0175,0.9,0.5,5.0,traj,APE,std_dev,0.03411058072755729
distance_variance_penalty,0.2,0.01,0.1,0.3535533905932737,2.0,0.175,0.0175,0.9,0.5,5.0,traj,APE,median,0.05046662100423153
distance_variance_penalty,0.2,0.01,0.1,0.3535533905932737,2.0,0.175,0.0175,0.9,0.5,5.0,traj,APE,min,1.6263032587282567e-19
distance_variance_penalty,0.2,0.01,0.1,0.3535533905932737,2.0,0.175,0.0175,0.9,0.5,5.0,traj,APE,max,0.19436748095590567
distance_variance_penalty,0.2,0.01,0.1,0.3535533905932737,2.0,0.175,0.0175,0.9,0.5,5.0,traj,APE,rmse,0.06628464322935435
distance_variance_penalty,0.2,0.01,0.1,0.3535533905932737,2.0,0.175,0.0175,0.9,0.5,5.0,traj,RPE,mean,0.042747884237891075
distance_variance_penalty,0.2,0.01,0.1,0.3535533905932737,2.0,0.175,0.0175,0.9,0.5,5.0,traj,RPE,std_dev,0.022066878747139185
distance_variance_penalty,0.2,0.01,0.1,0.3535533905932737,2.0,0.175,0.0175,0.9,0.5,5.0,traj,RPE,median,0.03763305077462702
distance_variance_penalty,0.2,0.01,0.1,0.3535533905932737,2.0,0.175,0.0175,0.9,0.5,5.0,traj,RPE,min,0.009799184706089353
distance_variance_penalty,0.2,0.01,0.1,0.3535533905932737,2.0,0.175,0.0175,0.9,0.5,5.0,traj,RPE,max,0.13613242684300722
distance_variance_penalty,0.2,0.01,0.1,0.3535533905932737,2.0,0.175,0.0175,0.9,0.5,5.0,traj,RPE,rmse,0.04810747077593125
distance_variance_penalty,0.2,0.01,0.1,0.3535533905932737,2.0,0.175,0.0175,0.9,0.5,5.0,traj,num associated poses,mean,27.25
distance_variance_penalty,0.2,0.01,0.1,0.3535533905932737,2.0,0.175,0.0175,0.9,0.5,5.0,traj,num associated poses,std_dev,0.82915619758885
distance_variance_penalty,0.2,0.01,0.1,0.3535533905932737,2.0,0.175,0.0175,0.9,0.5,5.0,traj,num associated poses,median,27.5
distance_variance_penalty,0.2,0.01,0.1,0.3535533905932737,2.0,0.175,0.0175,0.9,0.5,5.0,traj,num associated poses,min,26.0
distance_variance_penalty,0.2,0.01,0.1,0.3535533905932737,2.0,0.175,0.0175,0.9,0.5,5.0,traj,num associated poses,max,28.0
distance_variance_penalty,0.2,0.01,0.1,0.3535533905932737,2.0,0.175,0.0175,0.9,0.5,5.0,traj,num gt poses,mean,175.25
distance_variance_penalty,0.2,0.01,0.1,0.3535533905932737,2.0,0.175,0.0175,0.9,0.5,5.0,traj,num gt poses,std_dev,5.7608593109014565
distance_variance_penalty,0.2,0.01,0.1,0.3535533905932737,2.0,0.175,0.0175,0.9,0.5,5.0,traj,num gt poses,median,176.0
distance_variance_penalty,0.2,0.01,0.1,0.3535533905932737,2.0,0.175,0.0175,0.9,0.5,5.0,traj,num gt poses,min,167.0
distance_variance_penalty,0.2,0.01,0.1,0.3535533905932737,2.0,0.175,0.0175,0.9,0.5,5.0,traj,num gt poses,max,182.0
distance_variance_penalty,0.2,0.01,0.1,0.3535533905932737,2.0,0.175,0.0175,0.9,0.5,5.0,traj,odom accum path length (m),mean,11.560059500000001
distance_variance_penalty,0.2,0.01,0.1,0.3535533905932737,2.0,0.175,0.0175,0.9,0.5,5.0,traj,odom accum path length (m),std_dev,0.04812499925454588
distance_variance_penalty,0.2,0.01,0.1,0.3535533905932737,2.0,0.175,0.0175,0.9,0.5,5.0,traj,odom accum path length (m),median,11.560116
distance_variance_penalty,0.2,0.01,0.1,0.3535533905932737,2.0,0.175,0.0175,0.9,0.5,5.0,traj,odom accum path length (m),min,11.491964
distance_variance_penalty,0.2,0.01,0.1,0.3535533905932737,2.0,0.175,0.0175,0.9,0.5,5.0,traj,odom accum path length (m),max,11.628042
distance_variance_penalty,0.2,0.01,0.1,0.3535533905932737,2.0,0.175,0.0175,0.9,0.5,5.0,traj,total rotation (rad),mean,9.7153755
distance_variance_penalty,0.2,0.01,0.1,0.3535533905932737,2.0,0.175,0.0175,0.9,0.5,5.0,traj,total rotation (rad),std_dev,0.3897922357311001
distance_variance_penalty,0.2,0.01,0.1,0.3535533905932737,2.0,0.175,0.0175,0.9,0.5,5.0,traj,total rotation (rad),median,9.630740500000002
distance_variance_penalty,0.2,0.01,0.1,0.3535533905932737,2.0,0.175,0.0175,0.9,0.5,5.0,traj,total rotation (rad),min,9.262154
distance_variance_penalty,0.2,0.01,0.1,0.3535533905932737,2.0,0.175,0.0175,0.9,0.5,5.0,traj,total rotation (rad),max,10.337867
distance_variance_penalty,0.2,0.01,0.1,0.3535533905932737,2.0,0.175,0.0175,0.9,0.5,5.0,traj,duration (s),mean,24.169249999999998
distance_variance_penalty,0.2,0.01,0.1,0.3535533905932737,2.0,0.175,0.0175,0.9,0.5,5.0,traj,duration (s),std_dev,0.5707120004871117
distance_variance_penalty,0.2,0.01,0.1,0.3535533905932737,2.0,0.175,0.0175,0.9,0.5,5.0,traj,duration (s),median,24.105
distance_variance_penalty,0.2,0.01,0.1,0.3535533905932737,2.0,0.175,0.0175,0.9,0.5,5.0,traj,duration (s),min,23.509999999999998
distance_variance_penalty,0.2,0.01,0.1,0.3535533905932737,2.0,0.175,0.0175,0.9,0.5,5.0,traj,duration (s),max,24.957
distance_variance_penalty,0.2,0.01,0.1,0.3535533905932737,2.0,0.175,0.0175,0.9,0.5,5.0,completion,successes,count,4.0
distance_variance_penalty,0.2,0.01,0.1,0.3535533905932737,2.0,0.175,0.0175,0.9,0.5,5.0,completion,failures,count,0.0
distance_variance_penalty,0.2,0.01,0.1,0.3535533905932737,2.0,0.175,0.0175,0.9,0.5,5.0,completion,errors,count,1.0
distance_variance_penalty,0.2,0.01,0.1,0.3535533905932737,2.0,0.175,0.0175,0.9,0.5,5.0,completion,data or metrics missing,count,1.0
distance_variance_penalty,0.2,0.01,0.1,0.3535533905932737,2.0,0.175,0.0175,0.9,0.5,5.0,latency,latency,mean,0.004559633027522937
distance_variance_penalty,0.2,0.01,0.1,0.3535533905932737,2.0,0.175,0.0175,0.9,0.5,5.0,latency,latency,std_dev,0.003750061021303032
distance_variance_penalty,0.2,0.01,0.1,0.3535533905932737,2.0,0.175,0.0175,0.9,0.5,5.0,latency,latency,median,0.003
distance_variance_penalty,0.2,0.01,0.1,0.3535533905932737,2.0,0.175,0.0175,0.9,0.5,5.0,latency,latency,min,0.0
distance_variance_penalty,0.2,0.01,0.1,0.3535533905932737,2.0,0.175,0.0175,0.9,0.5,5.0,latency,latency,max,0.02
distance_variance_penalty,0.2,0.01,0.1,0.3535533905932737,2.0,0.175,0.0175,0.9,0.5,5.0,cov,trace,mean,0.005103857142857142
distance_variance_penalty,0.2,0.01,0.1,0.3535533905932737,2.0,0.175,0.0175,0.9,0.5,5.0,cov,trace,std_dev,0.0013071236200770243
distance_variance_penalty,0.2,0.01,0.1,0.3535533905932737,2.0,0.175,0.0175,0.9,0.5,5.0,cov,trace,median,0.0047145
distance_variance_penalty,0.2,0.01,0.1,0.3535533905932737,2.0,0.175,0.0175,0.9,0.5,5.0,cov,trace,min,0.002737
distance_variance_penalty,0.2,0.01,0.1,0.3535533905932737,2.0,0.175,0.0175,0.9,0.5,5.0,cov,trace,max,0.009337999999999999
distance_variance_penalty,0.2,0.01,0.1,0.3535533905932737,2.0,0.175,0.0175,0.9,0.5,5.0,cov,trace,rmse,0.005268579494783878
distance_variance_penalty,0.2,0.01,0.1,0.3535533905932737,2.0,0.175,0.0175,0.9,0.5,5.0,cov,det,mean,2.9506337441964274e-10
distance_variance_penalty,0.2,0.01,0.1,0.3535533905932737,2.0,0.175,0.0175,0.9,0.5,5.0,cov,det,std_dev,2.1178981196654147e-10
distance_variance_penalty,0.2,0.01,0.1,0.3535533905932737,2.0,0.175,0.0175,0.9,0.5,5.0,cov,det,median,2.3606101300000025e-10
distance_variance_penalty,0.2,0.01,0.1,0.3535533905932737,2.0,0.175,0.0175,0.9,0.5,5.0,cov,det,min,6.883487200000013e-11
distance_variance_penalty,0.2,0.01,0.1,0.3535533905932737,2.0,0.175,0.0175,0.9,0.5,5.0,cov,det,max,1.5690454959999956e-09
distance_variance_penalty,0.2,0.01,0.1,0.3535533905932737,2.0,0.175,0.0175,0.9,0.5,5.0,cov,det,rmse,3.6320423920533923e-10
distance_variance_penalty,0.2,0.01,0.1,0.4999999999999999,2.0,0.175,0.0175,0.9,0.5,5.0,traj,APE,mean,0.06795694220104649
distance_variance_penalty,0.2,0.01,0.1,0.4999999999999999,2.0,0.175,0.0175,0.9,0.5,5.0,traj,APE,std_dev,0.035965515229161
distance_variance_penalty,0.2,0.01,0.1,0.4999999999999999,2.0,0.175,0.0175,0.9,0.5,5.0,traj,APE,median,0.06064385903007383
distance_variance_penalty,0.2,0.01,0.1,0.4999999999999999,2.0,0.175,0.0175,0.9,0.5,5.0,traj,APE,min,1.0842021724855044e-19
distance_variance_penalty,0.2,0.01,0.1,0.4999999999999999,2.0,0.175,0.0175,0.9,0.5,5.0,traj,APE,max,0.18275395577619669
distance_variance_penalty,0.2,0.01,0.1,0.4999999999999999,2.0,0.175,0.0175,0.9,0.5,5.0,traj,APE,rmse,0.07688734797751438
distance_variance_penalty,0.2,0.01,0.1,0.4999999999999999,2.0,0.175,0.0175,0.9,0.5,5.0,traj,RPE,mean,0.0563545908339817
distance_variance_penalty,0.2,0.01,0.1,0.4999999999999999,2.0,0.175,0.0175,0.9,0.5,5.0,traj,RPE,std_dev,0.03192813422399465
distance_variance_penalty,0.2,0.01,0.1,0.4999999999999999,2.0,0.175,0.0175,0.9,0.5,5.0,traj,RPE,median,0.04874415538968277
distance_variance_penalty,0.2,0.01,0.1,0.4999999999999999,2.0,0.175,0.0175,0.9,0.5,5.0,traj,RPE,min,0.008169066183577059
distance_variance_penalty,0.2,0.01,0.1,0.4999999999999999,2.0,0.175,0.0175,0.9,0.5,5.0,traj,RPE,max,0.16907701135265044
distance_variance_penalty,0.2,0.01,0.1,0.4999999999999999,2.0,0.175,0.0175,0.9,0.5,5.0,traj,RPE,rmse,0.06477071609215783
distance_variance_penalty,0.2,0.01,0.1,0.4999999999999999,2.0,0.175,0.0175,0.9,0.5,5.0,traj,num associated poses,mean,27.2
distance_variance_penalty,0.2,0.01,0.1,0.4999999999999999,2.0,0.175,0.0175,0.9,0.5,5.0,traj,num associated poses,std_dev,1.1661903789690602
distance_variance_penalty,0.2,0.01,0.1,0.4999999999999999,2.0,0.175,0.0175,0.9,0.5,5.0,traj,num associated poses,median,27.0
distance_variance_penalty,0.2,0.01,0.1,0.4999999999999999,2.0,0.175,0.0175,0.9,0.5,5.0,traj,num associated poses,min,26.0
distance_variance_penalty,0.2,0.01,0.1,0.4999999999999999,2.0,0.175,0.0175,0.9,0.5,5.0,traj,num associated poses,max,29.0
distance_variance_penalty,0.2,0.01,0.1,0.4999999999999999,2.0,0.175,0.0175,0.9,0.5,5.0,traj,num gt poses,mean,174.2
distance_variance_penalty,0.2,0.01,0.1,0.4999999999999999,2.0,0.175,0.0175,0.9,0.5,5.0,traj,num gt poses,std_dev,5.344155686354955
distance_variance_penalty,0.2,0.01,0.1,0.4999999999999999,2.0,0.175,0.0175,0.9,0.5,5.0,traj,num gt poses,median,172.0
distance_variance_penalty,0.2,0.01,0.1,0.4999999999999999,2.0,0.175,0.0175,0.9,0.5,5.0,traj,num gt poses,min,169.0
distance_variance_penalty,0.2,0.01,0.1,0.4999999999999999,2.0,0.175,0.0175,0.9,0.5,5.0,traj,num gt poses,max,182.0
distance_variance_penalty,0.2,0.01,0.1,0.4999999999999999,2.0,0.175,0.0175,0.9,0.5,5.0,traj,odom accum path length (m),mean,11.562596200000002
distance_variance_penalty,0.2,0.01,0.1,0.4999999999999999,2.0,0.175,0.0175,0.9,0.5,5.0,traj,odom accum path length (m),std_dev,0.13642924531990885
distance_variance_penalty,0.2,0.01,0.1,0.4999999999999999,2.0,0.175,0.0175,0.9,0.5,5.0,traj,odom accum path length (m),median,11.480225
distance_variance_penalty,0.2,0.01,0.1,0.4999999999999999,2.0,0.175,0.0175,0.9,0.5,5.0,traj,odom accum path length (m),min,11.433509
distance_variance_penalty,0.2,0.01,0.1,0.4999999999999999,2.0,0.175,0.0175,0.9,0.5,5.0,traj,odom accum path length (m),max,11.777097
distance_variance_penalty,0.2,0.01,0.1,0.4999999999999999,2.0,0.175,0.0175,0.9,0.5,5.0,traj,total rotation (rad),mean,9.501119800000001
distance_variance_penalty,0.2,0.01,0.1,0.4999999999999999,2.0,0.175,0.0175,0.9,0.5,5.0,traj,total rotation (rad),std_dev,0.7197381353474053
distance_variance_penalty,0.2,0.01,0.1,0.4999999999999999,2.0,0.175,0.0175,0.9,0.5,5.0,traj,total rotation (rad),median,9.355861
distance_variance_penalty,0.2,0.01,0.1,0.4999999999999999,2.0,0.175,0.0175,0.9,0.5,5.0,traj,total rotation (rad),min,8.675158
distance_variance_penalty,0.2,0.01,0.1,0.4999999999999999,2.0,0.175,0.0175,0.9,0.5,5.0,traj,total rotation (rad),max,10.499111
distance_variance_penalty,0.2,0.01,0.1,0.4999999999999999,2.0,0.175,0.0175,0.9,0.5,5.0,traj,duration (s),mean,23.897000000000002
distance_variance_penalty,0.2,0.01,0.1,0.4999999999999999,2.0,0.175,0.0175,0.9,0.5,5.0,traj,duration (s),std_dev,0.6378968568663759
distance_variance_penalty,0.2,0.01,0.1,0.4999999999999999,2.0,0.175,0.0175,0.9,0.5,5.0,traj,duration (s),median,23.500999999999998
distance_variance_penalty,0.2,0.01,0.1,0.4999999999999999,2.0,0.175,0.0175,0.9,0.5,5.0,traj,duration (s),min,23.217000000000002
distance_variance_penalty,0.2,0.01,0.1,0.4999999999999999,2.0,0.175,0.0175,0.9,0.5,5.0,traj,duration (s),max,24.876000000000005
distance_variance_penalty,0.2,0.01,0.1,0.4999999999999999,2.0,0.175,0.0175,0.9,0.5,5.0,completion,successes,count,5.0
distance_variance_penalty,0.2,0.01,0.1,0.4999999999999999,2.0,0.175,0.0175,0.9,0.5,5.0,completion,failures,count,0.0
distance_variance_penalty,0.2,0.01,0.1,0.4999999999999999,2.0,0.175,0.0175,0.9,0.5,5.0,completion,errors,count,0.0
distance_variance_penalty,0.2,0.01,0.1,0.4999999999999999,2.0,0.175,0.0175,0.9,0.5,5.0,completion,data or metrics missing,count,0.0
distance_variance_penalty,0.2,0.01,0.1,0.4999999999999999,2.0,0.175,0.0175,0.9,0.5,5.0,latency,latency,mean,0.005595588235294119
distance_variance_penalty,0.2,0.01,0.1,0.4999999999999999,2.0,0.175,0.0175,0.9,0.5,5.0,latency,latency,std_dev,0.005034263011180877
distance_variance_penalty,0.2,0.01,0.1,0.4999999999999999,2.0,0.175,0.0175,0.9,0.5,5.0,latency,latency,median,0.003
distance_variance_penalty,0.2,0.01,0.1,0.4999999999999999,2.0,0.175,0.0175,0.9,0.5,5.0,latency,latency,min,0.0
distance_variance_penalty,0.2,0.01,0.1,0.4999999999999999,2.0,0.175,0.0175,0.9,0.5,5.0,latency,latency,max,0.016
distance_variance_penalty,0.2,0.01,0.1,0.4999999999999999,2.0,0.175,0.0175,0.9,0.5,5.0,cov,trace,mean,0.005564794326241135
distance_variance_penalty,0.2,0.01,0.1,0.4999999999999999,2.0,0.175,0.0175,0.9,0.5,5.0,cov,trace,std_dev,0.00229366500215168
distance_variance_penalty,0.2,0.01,0.1,0.4999999999999999,2.0,0.175,0.0175,0.9,0.5,5.0,cov,trace,median,0.004907
distance_variance_penalty,0.2,0.01,0.1,0.4999999999999999,2.0,0.175,0.0175,0.9,0.5,5.0,cov,trace,min,0.002642
distance_variance_penalty,0.2,0.01,0.1,0.4999999999999999,2.0,0.175,0.0175,0.9,0.5,5.0,cov,trace,max,0.021571
distance_variance_penalty,0.2,0.01,0.1,0.4999999999999999,2.0,0.175,0.0175,0.9,0.5,5.0,cov,trace,rmse,0.006018956307821232
distance_variance_penalty,0.2,0.01,0.1,0.4999999999999999,2.0,0.175,0.0175,0.9,0.5,5.0,cov,det,mean,3.308928937021275e-10
distance_variance_penalty,0.2,0.01,0.1,0.4999999999999999,2.0,0.175,0.0175,0.9,0.5,5.0,cov,det,std_dev,3.001459623618875e-10
distance_variance_penalty,0.2,0.01,0.1,0.4999999999999999,2.0,0.175,0.0175,0.9,0.5,5.0,cov,det,median,2.193849850000001e-10
distance_variance_penalty,0.2,0.01,0.1,0.4999999999999999,2.0,0.175,0.0175,0.9,0.5,5.0,cov,det,min,6.922997499999985e-11
distance_variance_penalty,0.2,0.01,0.1,0.4999999999999999,2.0,0.175,0.0175,0.9,0.5,5.0,cov,det,max,2.0848855729999977e-09
distance_variance_penalty,0.2,0.01,0.1,0.4999999999999999,2.0,0.175,0.0175,0.9,0.5,5.0,cov,det,rmse,4.467412067682038e-10
distance_variance_penalty,0.2,0.01,0.1,0.7071067811865475,2.0,0.175,0.0175,0.9,0.5,5.0,traj,APE,mean,0.06838591635029925
distance_variance_penalty,0.2,0.01,0.1,0.7071067811865475,2.0,0.175,0.0175,0.9,0.5,5.0,traj,APE,std_dev,0.04722664332728315
distance_variance_penalty,0.2,0.01,0.1,0.7071067811865475,2.0,0.175,0.0175,0.9,0.5,5.0,traj,APE,median,0.05554984624321888
distance_variance_penalty,0.2,0.01,0.1,0.7071067811865475,2.0,0.175,0.0175,0.9,0.5,5.0,traj,APE,min,5.421010862427522e-20
distance_variance_penalty,0.2,0.01,0.1,0.7071067811865475,2.0,0.175,0.0175,0.9,0.5,5.0,traj,APE,max,0.22678912964064538
distance_variance_penalty,0.2,0.01,0.1,0.7071067811865475,2.0,0.175,0.0175,0.9,0.5,5.0,traj,APE,rmse,0.08310829919468059
distance_variance_penalty,0.2,0.01,0.1,0.7071067811865475,2.0,0.175,0.0175,0.9,0.5,5.0,traj,RPE,mean,0.04668798654687226
distance_variance_penalty,0.2,0.01,0.1,0.7071067811865475,2.0,0.175,0.0175,0.9,0.5,5.0,traj,RPE,std_dev,0.026082012710417598
distance_variance_penalty,0.2,0.01,0.1,0.7071067811865475,2.0,0.175,0.0175,0.9,0.5,5.0,traj,RPE,median,0.037869010289871594
distance_variance_penalty,0.2,0.01,0.1,0.7071067811865475,2.0,0.175,0.0175,0.9,0.5,5.0,traj,RPE,min,0.015961499160001554
distance_variance_penalty,0.2,0.01,0.1,0.7071067811865475,2.0,0.175,0.0175,0.9,0.5,5.0,traj,RPE,max,0.15715634307688903
distance_variance_penalty,0.2,0.01,0.1,0.7071067811865475,2.0,0.175,0.0175,0.9,0.5,5.0,traj,RPE,rmse,0.05347933689592
distance_variance_penalty,0.2,0.01,0.1,0.7071067811865475,2.0,0.175,0.0175,0.9,0.5,5.0,traj,num associated poses,mean,27.8
distance_variance_penalty,0.2,0.01,0.1,0.7071067811865475,2.0,0.175,0.0175,0.9,0.5,5.0,traj,num associated poses,std_dev,0.7483314773547882
distance_variance_penalty,0.2,0.01,0.1,0.7071067811865475,2.0,0.175,0.0175,0.9,0.5,5.0,traj,num associated poses,median,28.0
distance_variance_penalty,0.2,0.01,0.1,0.7071067811865475,2.0,0.175,0.0175,0.9,0.5,5.0,traj,num associated poses,min,27.0
distance_variance_penalty,0.2,0.01,0.1,0.7071067811865475,2.0,0.175,0.0175,0.9,0.5,5.0,traj,num associated poses,max,29.0
distance_variance_penalty,0.2,0.01,0.1,0.7071067811865475,2.0,0.175,0.0175,0.9,0.5,5.0,traj,num gt poses,mean,172.8
distance_variance_penalty,0.2,0.01,0.1,0.7071067811865475,2.0,0.175,0.0175,0.9,0.5,5.0,traj,num gt poses,std_dev,1.32664991614216
distance_variance_penalty,0.2,0.01,0.1,0.7071067811865475,2.0,0.175,0.0175,0.9,0.5,5.0,traj,num gt poses,median,173.0
distance_variance_penalty,0.2,0.01,0.1,0.7071067811865475,2.0,0.175,0.0175,0.9,0.5,5.0,traj,num gt poses,min,171.0
distance_variance_penalty,0.2,0.01,0.1,0.7071067811865475,2.0,0.175,0.0175,0.9,0.5,5.0,traj,num gt poses,max,175.0
distance_variance_penalty,0.2,0.01,0.1,0.7071067811865475,2.0,0.175,0.0175,0.9,0.5,5.0,traj,odom accum path length (m),mean,11.5438282
distance_variance_penalty,0.2,0.01,0.1,0.7071067811865475,2.0,0.175,0.0175,0.9,0.5,5.0,traj,odom accum path length (m),std_dev,0.044876225547164604
distance_variance_penalty,0.2,0.01,0.1,0.7071067811865475,2.0,0.175,0.0175,0.9,0.5,5.0,traj,odom accum path length (m),median,11.540106
distance_variance_penalty,0.2,0.01,0.1,0.7071067811865475,2.0,0.175,0.0175,0.9,0.5,5.0,traj,odom accum path length (m),min,11.477926
distance_variance_penalty,0.2,0.01,0.1,0.7071067811865475,2.0,0.175,0.0175,0.9,0.5,5.0,traj,odom accum path length (m),max,11.607465
distance_variance_penalty,0.2,0.01,0.1,0.7071067811865475,2.0,0.175,0.0175,0.9,0.5,5.0,traj,total rotation (rad),mean,9.5027056
distance_variance_penalty,0.2,0.01,0.1,0.7071067811865475,2.0,0.175,0.0175,0.9,0.5,5.0,traj,total rotation (rad),std_dev,0.4981707890346843
distance_variance_penalty,0.2,0.01,0.1,0.7071067811865475,2.0,0.175,0.0175,0.9,0.5,5.0,traj,total rotation (rad),median,9.46549
distance_variance_penalty,0.2,0.01,0.1,0.7071067811865475,2.0,0.175,0.0175,0.9,0.5,5.0,traj,total rotation (rad),min,8.84384
distance_variance_penalty,0.2,0.01,0.1,0.7071067811865475,2.0,0.175,0.0175,0.9,0.5,5.0,traj,total rotation (rad),max,10.206842
distance_variance_penalty,0.2,0.01,0.1,0.7071067811865475,2.0,0.175,0.0175,0.9,0.5,5.0,traj,duration (s),mean,23.7266
distance_variance_penalty,0.2,0.01,0.1,0.7071067811865475,2.0,0.175,0.0175,0.9,0.5,5.0,traj,duration (s),std_dev,0.12349672060423394
distance_variance_penalty,0.2,0.01,0.1,0.7071067811865475,2.0,0.175,0.0175,0.9,0.5,5.0,traj,duration (s),median,23.697000000000003
distance_variance_penalty,0.2,0.01,0.1,0.7071067811865475,2.0,0.175,0.0175,0.9,0.5,5.0,traj,duration (s),min,23.573999999999998
distance_variance_penalty,0.2,0.01,0.1,0.7071067811865475,2.0,0.175,0.0175,0.9,0.5,5.0,traj,duration (s),max,23.935000000000002
distance_variance_penalty,0.2,0.01,0.1,0.7071067811865475,2.0,0.175,0.0175,0.9,0.5,5.0,completion,successes,count,5.0
distance_variance_penalty,0.2,0.01,0.1,0.7071067811865475,2.0,0.175,0.0175,0.9,0.5,5.0,completion,failures,count,0.0
distance_variance_penalty,0.2,0.01,0.1,0.7071067811865475,2.0,0.175,0.0175,0.9,0.5,5.0,completion,errors,count,0.0
distance_variance_penalty,0.2,0.01,0.1,0.7071067811865475,2.0,0.175,0.0175,0.9,0.5,5.0,completion,data or metrics missing,count,0.0
distance_variance_penalty,0.2,0.01,0.1,0.7071067811865475,2.0,0.175,0.0175,0.9,0.5,5.0,latency,latency,mean,0.0036115107913669065
distance_variance_penalty,0.2,0.01,0.1,0.7071067811865475,2.0,0.175,0.0175,0.9,0.5,5.0,latency,latency,std_dev,0.0029783651335235214
distance_variance_penalty,0.2,0.01,0.1,0.7071067811865475,2.0,0.175,0.0175,0.9,0.5,5.0,latency,latency,median,0.003
distance_variance_penalty,0.2,0.01,0.1,0.7071067811865475,2.0,0.175,0.0175,0.9,0.5,5.0,latency,latency,min,0.0
distance_variance_penalty,0.2,0.01,0.1,0.7071067811865475,2.0,0.175,0.0175,0.9,0.5,5.0,latency,latency,max,0.015000000000000001
distance_variance_penalty,0.2,0.01,0.1,0.7071067811865475,2.0,0.175,0.0175,0.9,0.5,5.0,cov,trace,mean,0.005334223776223776
distance_variance_penalty,0.2,0.01,0.1,0.7071067811865475,2.0,0.175,0.0175,0.9,0.5,5.0,cov,trace,std_dev,0.0013788984679407098
distance_variance_penalty,0.2,0.01,0.1,0.7071067811865475,2.0,0.175,0.0175,0.9,0.5,5.0,cov,trace,median,0.004895
distance_variance_penalty,0.2,0.01,0.1,0.7071067811865475,2.0,0.175,0.0175,0.9,0.5,5.0,cov,trace,min,0.002661
distance_variance_penalty,0.2,0.01,0.1,0.7071067811865475,2.0,0.175,0.0175,0.9,0.5,5.0,cov,trace,max,0.010917
distance_variance_penalty,0.2,0.01,0.1,0.7071067811865475,2.0,0.175,0.0175,0.9,0.5,5.0,cov,trace,rmse,0.005509564799484645
distance_variance_penalty,0.2,0.01,0.1,0.7071067811865475,2.0,0.175,0.0175,0.9,0.5,5.0,cov,det,mean,3.256612100419579e-10
distance_variance_penalty,0.2,0.01,0.1,0.7071067811865475,2.0,0.175,0.0175,0.9,0.5,5.0,cov,det,std_dev,2.355811901220948e-10
distance_variance_penalty,0.2,0.01,0.1,0.7071067811865475,2.0,0.175,0.0175,0.9,0.5,5.0,cov,det,median,2.5343740000000006e-10
distance_variance_penalty,0.2,0.01,0.1,0.7071067811865475,2.0,0.175,0.0175,0.9,0.5,5.0,cov,det,min,5.34943439999999e-11
distance_variance_penalty,0.2,0.01,0.1,0.7071067811865475,2.0,0.175,0.0175,0.9,0.5,5.0,cov,det,max,1.414125753999997e-09
distance_variance_penalty,0.2,0.01,0.1,0.7071067811865475,2.0,0.175,0.0175,0.9,0.5,5.0,cov,det,rmse,4.019374588979419e-10
distance_variance_penalty,0.2,0.01,0.1,1.0,2.0,0.175,0.0175,0.9,0.5,5.0,traj,APE,mean,0.06913698731308573
distance_variance_penalty,0.2,0.01,0.1,1.0,2.0,0.175,0.0175,0.9,0.5,5.0,traj,APE,std_dev,0.0432219448938626
distance_variance_penalty,0.2,0.01,0.1,1.0,2.0,0.175,0.0175,0.9,0.5,5.0,traj,APE,median,0.05596511230107646
distance_variance_penalty,0.2,0.01,0.1,1.0,2.0,0.175,0.0175,0.9,0.5,5.0,traj,APE,min,9.215718466126788e-19
distance_variance_penalty,0.2,0.01,0.1,1.0,2.0,0.175,0.0175,0.9,0.5,5.0,traj,APE,max,0.20831497698051646
distance_variance_penalty,0.2,0.01,0.1,1.0,2.0,0.175,0.0175,0.9,0.5,5.0,traj,APE,rmse,0.0815356335299964
distance_variance_penalty,0.2,0.01,0.1,1.0,2.0,0.175,0.0175,0.9,0.5,5.0,traj,RPE,mean,0.04935408449690116
distance_variance_penalty,0.2,0.01,0.1,1.0,2.0,0.175,0.0175,0.9,0.5,5.0,traj,RPE,std_dev,0.030743915524289876
distance_variance_penalty,0.2,0.01,0.1,1.0,2.0,0.175,0.0175,0.9,0.5,5.0,traj,RPE,median,0.03827619757219275
distance_variance_penalty,0.2,0.01,0.1,1.0,2.0,0.175,0.0175,0.9,0.5,5.0,traj,RPE,min,0.01202791520898304
distance_variance_penalty,0.2,0.01,0.1,1.0,2.0,0.175,0.0175,0.9,0.5,5.0,traj,RPE,max,0.16369004781370067
distance_variance_penalty,0.2,0.01,0.1,1.0,2.0,0.175,0.0175,0.9,0.5,5.0,traj,RPE,rmse,0.05814648741146734
distance_variance_penalty,0.2,0.01,0.1,1.0,2.0,0.175,0.0175,0.9,0.5,5.0,traj,num associated poses,mean,27.6
distance_variance_penalty,0.2,0.01,0.1,1.0,2.0,0.175,0.0175,0.9,0.5,5.0,traj,num associated poses,std_dev,0.8
distance_variance_penalty,0.2,0.01,0.1,1.0,2.0,0.175,0.0175,0.9,0.5,5.0,traj,num associated poses,median,27.0
distance_variance_penalty,0.2,0.01,0.1,1.0,2.0,0.175,0.0175,0.9,0.5,5.0,traj,num associated poses,min,27.0
distance_variance_penalty,0.2,0.01,0.1,1.0,2.0,0.175,0.0175,0.9,0.5,5.0,traj,num associated poses,max,29.0
distance_variance_penalty,0.2,0.01,0.1,1.0,2.0,0.175,0.0175,0.9,0.5,5.0,traj,num gt poses,mean,173.6
distance_variance_penalty,0.2,0.01,0.1,1.0,2.0,0.175,0.0175,0.9,0.5,5.0,traj,num gt poses,std_dev,3.7202150475476548
distance_variance_penalty,0.2,0.01,0.1,1.0,2.0,0.175,0.0175,0.9,0.5,5.0,traj,num gt poses,median,172.0
distance_variance_penalty,0.2,0.01,0.1,1.0,2.0,0.175,0.0175,0.9,0.5,5.0,traj,num gt poses,min,171.0
distance_variance_penalty,0.2,0.01,0.1,1.0,2.0,0.175,0.0175,0.9,0.5,5.0,traj,num gt poses,max,181.0
distance_variance_penalty,0.2,0.01,0.1,1.0,2.0,0.175,0.0175,0.9,0.5,5.0,traj,odom accum path length (m),mean,11.5400058
distance_variance_penalty,0.2,0.01,0.1,1.0,2.0,0.175,0.0175,0.9,0.5,5.0,traj,odom accum path length (m),std_dev,0.09374355159988343
distance_variance_penalty,0.2,0.01,0.1,1.0,2.0,0.175,0.0175,0.9,0.5,5.0,traj,odom accum path length (m),median,11.523942
distance_variance_penalty,0.2,0.01,0.1,1.0,2.0,0.175,0.0175,0.9,0.5,5.0,traj,odom accum path length (m),min,11.434023
distance_variance_penalty,0.2,0.01,0.1,1.0,2.0,0.175,0.0175,0.9,0.5,5.0,traj,odom accum path length (m),max,11.683162
distance_variance_penalty,0.2,0.01,0.1,1.0,2.0,0.175,0.0175,0.9,0.5,5.0,traj,total rotation (rad),mean,9.5246106
distance_variance_penalty,0.2,0.01,0.1,1.0,2.0,0.175,0.0175,0.9,0.5,5.0,traj,total rotation (rad),std_dev,0.44876689080706494
distance_variance_penalty,0.2,0.01,0.1,1.0,2.0,0.175,0.0175,0.9,0.5,5.0,traj,total rotation (rad),median,9.357125
distance_variance_penalty,0.2,0.01,0.1,1.0,2.0,0.175,0.0175,0.9,0.5,5.0,traj,total rotation (rad),min,9.032754
distance_variance_penalty,0.2,0.01,0.1,1.0,2.0,0.175,0.0175,0.9,0.5,5.0,traj,total rotation (rad),max,10.360772
distance_variance_penalty,0.2,0.01,0.1,1.0,2.0,0.175,0.0175,0.9,0.5,5.0,traj,duration (s),mean,23.8614
distance_variance_penalty,0.2,0.01,0.1,1.0,2.0,0.175,0.0175,0.9,0.5,5.0,traj,duration (s),std_dev,0.49586191626298454
distance_variance_penalty,0.2,0.01,0.1,1.0,2.0,0.175,0.0175,0.9,0.5,5.0,traj,duration (s),median,23.580000000000002
distance_variance_penalty,0.2,0.01,0.1,1.0,2.0,0.175,0.0175,0.9,0.5,5.0,traj,duration (s),min,23.428000000000004
distance_variance_penalty,0.2,0.01,0.1,1.0,2.0,0.175,0.0175,0.9,0.5,5.0,traj,duration (s),max,24.769
distance_variance_penalty,0.2,0.01,0.1,1.0,2.0,0.175,0.0175,0.9,0.5,5.0,completion,successes,count,5.0
distance_variance_penalty,0.2,0.01,0.1,1.0,2.0,0.175,0.0175,0.9,0.5,5.0,completion,failures,count,0.0
distance_variance_penalty,0.2,0.01,0.1,1.0,2.0,0.175,0.0175,0.9,0.5,5.0,completion,errors,count,0.0
distance_variance_penalty,0.2,0.01,0.1,1.0,2.0,0.175,0.0175,0.9,0.5,5.0,completion,data or metrics missing,count,0.0
distance_variance_penalty,0.2,0.01,0.1,1.0,2.0,0.175,0.0175,0.9,0.5,5.0,latency,latency,mean,0.0033913043478260873
distance_variance_penalty,0.2,0.01,0.1,1.0,2.0,0.175,0.0175,0.9,0.5,5.0,latency,latency,std_dev,0.0025350721986365475
distance_variance_penalty,0.2,0.01,0.1,1.0,2.0,0.175,0.0175,0.9,0.5,5.0,latency,latency,median,0.003
distance_variance_penalty,0.2,0.01,0.1,1.0,2.0,0.175,0.0175,0.9,0.5,5.0,latency,latency,min,0.0
distance_variance_penalty,0.2,0.01,0.1,1.0,2.0,0.175,0.0175,0.9,0.5,5.0,latency,latency,max,0.016
distance_variance_penalty,0.2,0.01,0.1,1.0,2.0,0.175,0.0175,0.9,0.5,5.0,cov,trace,mean,0.005594839160839161
distance_variance_penalty,0.2,0.01,0.1,1.0,2.0,0.175,0.0175,0.9,0.5,5.0,cov,trace,std_dev,0.0020281873978959418
distance_variance_penalty,0.2,0.01,0.1,1.0,2.0,0.175,0.0175,0.9,0.5,5.0,cov,trace,median,0.005071
distance_variance_penalty,0.2,0.01,0.1,1.0,2.0,0.175,0.0175,0.9,0.5,5.0,cov,trace,min,0.002537
distance_variance_penalty,0.2,0.01,0.1,1.0,2.0,0.175,0.0175,0.9,0.5,5.0,cov,trace,max,0.022353
distance_variance_penalty,0.2,0.01,0.1,1.0,2.0,0.175,0.0175,0.9,0.5,5.0,cov,trace,rmse,0.005951114967520234
distance_variance_penalty,0.2,0.01,0.1,1.0,2.0,0.175,0.0175,0.9,0.5,5.0,cov,det,mean,3.8723458944755217e-10
distance_variance_penalty,0.2,0.01,0.1,1.0,2.0,0.175,0.0175,0.9,0.5,5.0,cov,det,std_dev,3.6648234648753576e-10
distance_variance_penalty,0.2,0.01,0.1,1.0,2.0,0.175,0.0175,0.9,0.5,5.0,cov,det,median,2.501499630000001e-10
distance_variance_penalty,0.2,0.01,0.1,1.0,2.0,0.175,0.0175,0.9,0.5,5.0,cov,det,min,4.854959599999999e-11
distance_variance_penalty,0.2,0.01,0.1,1.0,2.0,0.175,0.0175,0.9,0.5,5.0,cov,det,max,2.5794249519999938e-09
distance_variance_penalty,0.2,0.01,0.1,1.0,2.0,0.175,0.0175,0.9,0.5,5.0,cov,det,rmse,5.33160330061816e-10
distance_variance_penalty,0.2,0.01,0.1,1.4142135623730951,2.0,0.175,0.0175,0.9,0.5,5.0,traj,APE,mean,0.06374778561285392
distance_variance_penalty,0.2,0.01,0.1,1.4142135623730951,2.0,0.175,0.0175,0.9,0.5,5.0,traj,APE,std_dev,0.04231350733709965
distance_variance_penalty,0.2,0.01,0.1,1.4142135623730951,2.0,0.175,0.0175,0.9,0.5,5.0,traj,APE,median,0.05684834819829598
distance_variance_penalty,0.2,0.01,0.1,1.4142135623730951,2.0,0.175,0.0175,0.9,0.5,5.0,traj,APE,min,1.1102231569740467e-16
distance_variance_penalty,0.2,0.01,0.1,1.4142135623730951,2.0,0.175,0.0175,0.9,0.5,5.0,traj,APE,max,0.26113810919211566
distance_variance_penalty,0.2,0.01,0.1,1.4142135623730951,2.0,0.175,0.0175,0.9,0.5,5.0,traj,APE,rmse,0.07651282947133226
distance_variance_penalty,0.2,0.01,0.1,1.4142135623730951,2.0,0.175,0.0175,0.9,0.5,5.0,traj,RPE,mean,0.04978847921742045
distance_variance_penalty,0.2,0.01,0.1,1.4142135623730951,2.0,0.175,0.0175,0.9,0.5,5.0,traj,RPE,std_dev,0.027278308117563838
distance_variance_penalty,0.2,0.01,0.1,1.4142135623730951,2.0,0.175,0.0175,0.9,0.5,5.0,traj,RPE,median,0.043655019386539984
distance_variance_penalty,0.2,0.01,0.1,1.4142135623730951,2.0,0.175,0.0175,0.9,0.5,5.0,traj,RPE,min,0.014507787857265399
distance_variance_penalty,0.2,0.01,0.1,1.4142135623730951,2.0,0.175,0.0175,0.9,0.5,5.0,traj,RPE,max,0.1699639841226404
distance_variance_penalty,0.2,0.01,0.1,1.4142135623730951,2.0,0.175,0.0175,0.9,0.5,5.0,traj,RPE,rmse,0.05677146075749907
distance_variance_penalty,0.2,0.01,0.1,1.4142135623730951,2.0,0.175,0.0175,0.9,0.5,5.0,traj,num associated poses,mean,27.0
distance_variance_penalty,0.2,0.01,0.1,1.4142135623730951,2.0,0.175,0.0175,0.9,0.5,5.0,traj,num associated poses,std_dev,0.8944271909999159
distance_variance_penalty,0.2,0.01,0.1,1.4142135623730951,2.0,0.175,0.0175,0.9,0.5,5.0,traj,num associated poses,median,27.0
distance_variance_penalty,0.2,0.01,0.1,1.4142135623730951,2.0,0.175,0.0175,0.9,0.5,5.0,traj,num associated poses,min,26.0
distance_variance_penalty,0.2,0.01,0.1,1.4142135623730951,2.0,0.175,0.0175,0.9,0.5,5.0,traj,num associated poses,max,28.0
distance_variance_penalty,0.2,0.01,0.1,1.4142135623730951,2.0,0.175,0.0175,0.9,0.5,5.0,traj,num gt poses,mean,172.4
distance_variance_penalty,0.2,0.01,0.1,1.4142135623730951,2.0,0.175,0.0175,0.9,0.5,5.0,traj,num gt poses,std_dev,1.624807680927192
distance_variance_penalty,0.2,0.01,0.1,1.4142135623730951,2.0,0.175,0.0175,0.9,0.5,5.0,traj,num gt poses,median,173.0
distance_variance_penalty,0.2,0.01,0.1,1.4142135623730951,2.0,0.175,0.0175,0.9,0.5,5.0,traj,num gt poses,min,170.0
distance_variance_penalty,0.2,0.01,0.1,1.4142135623730951,2.0,0.175,0.0175,0.9,0.5,5.0,traj,num gt poses,max,174.0
distance_variance_penalty,0.2,0.01,0.1,1.4142135623730951,2.0,0.175,0.0175,0.9,0.5,5.0,traj,odom accum path length (m),mean,11.5248148
distance_variance_penalty,0.2,0.01,0.1,1.4142135623730951,2.0,0.175,0.0175,0.9,0.5,5.0,traj,odom accum path length (m),std_dev,0.05203376501234562
distance_variance_penalty,0.2,0.01,0.1,1.4142135623730951,2.0,0.175,0.0175,0.9,0.5,5.0,traj,odom accum path length (m),median,11.549861
distance_variance_penalty,0.2,0.01,0.1,1.4142135623730951,2.0,0.175,0.0175,0.9,0.5,5.0,traj,odom accum path length (m),min,11.429534
distance_variance_penalty,0.2,0.01,0.1,1.4142135623730951,2.0,0.175,0.0175,0.9,0.5,5.0,traj,odom accum path length (m),max,11.580405
distance_variance_penalty,0.2,0.01,0.1,1.4142135623730951,2.0,0.175,0.0175,0.9,0.5,5.0,traj,total rotation (rad),mean,9.4029692
distance_variance_penalty,0.2,0.01,0.1,1.4142135623730951,2.0,0.175,0.0175,0.9,0.5,5.0,traj,total rotation (rad),std_dev,0.31818199896688054
distance_variance_penalty,0.2,0.01,0.1,1.4142135623730951,2.0,0.175,0.0175,0.9,0.5,5.0,traj,total rotation (rad),median,9.514381
distance_variance_penalty,0.2,0.01,0.1,1.4142135623730951,2.0,0.175,0.0175,0.9,0.5,5.0,traj,total rotation (rad),min,8.937336
distance_variance_penalty,0.2,0.01,0.1,1.4142135623730951,2.0,0.175,0.0175,0.9,0.5,5.0,traj,total rotation (rad),max,9.727247
distance_variance_penalty,0.2,0.01,0.1,1.4142135623730951,2.0,0.175,0.0175,0.9,0.5,5.0,traj,duration (s),mean,23.655
distance_variance_penalty,0.2,0.01,0.1,1.4142135623730951,2.0,0.175,0.0175,0.9,0.5,5.0,traj,duration (s),std_dev,0.19088844910051644
distance_variance_penalty,0.2,0.01,0.1,1.4142135623730951,2.0,0.175,0.0175,0.9,0.5,5.0,traj,duration (s),median,23.689999999999998
distance_variance_penalty,0.2,0.01,0.1,1.4142135623730951,2.0,0.175,0.0175,0.9,0.5,5.0,traj,duration (s),min,23.299999999999997
distance_variance_penalty,0.2,0.01,0.1,1.4142135623730951,2.0,0.175,0.0175,0.9,0.5,5.0,traj,duration (s),max,23.825
distance_variance_penalty,0.2,0.01,0.1,1.4142135623730951,2.0,0.175,0.0175,0.9,0.5,5.0,completion,successes,count,5.0
distance_variance_penalty,0.2,0.01,0.1,1.4142135623730951,2.0,0.175,0.0175,0.9,0.5,5.0,completion,failures,count,0.0
distance_variance_penalty,0.2,0.01,0.1,1.4142135623730951,2.0,0.175,0.0175,0.9,0.5,5.0,completion,errors,count,0.0
distance_variance_penalty,0.2,0.01,0.1,1.4142135623730951,2.0,0.175,0.0175,0.9,0.5,5.0,completion,data or metrics missing,count,0.0
distance_variance_penalty,0.2,0.01,0.1,1.4142135623730951,2.0,0.175,0.0175,0.9,0.5,5.0,latency,latency,mean,0.004940740740740741
distance_variance_penalty,0.2,0.01,0.1,1.4142135623730951,2.0,0.175,0.0175,0.9,0.5,5.0,latency,latency,std_dev,0.004071150466142197
distance_variance_penalty,0.2,0.01,0.1,1.4142135623730951,2.0,0.175,0.0175,0.9,0.5,5.0,latency,latency,median,0.003
distance_variance_penalty,0.2,0.01,0.1,1.4142135623730951,2.0,0.175,0.0175,0.9,0.5,5.0,latency,latency,min,0.0
distance_variance_penalty,0.2,0.01,0.1,1.4142135623730951,2.0,0.175,0.0175,0.9,0.5,5.0,latency,latency,max,0.017
distance_variance_penalty,0.2,0.01,0.1,1.4142135623730951,2.0,0.175,0.0175,0.9,0.5,5.0,cov,trace,mean,0.005514992857142857
distance_variance_penalty,0.2,0.01,0.1,1.4142135623730951,2.0,0.175,0.0175,0.9,0.5,5.0,cov,trace,std_dev,0.0016051702468515765
distance_variance_penalty,0.2,0.01,0.1,1.4142135623730951,2.0,0.175,0.0175,0.9,0.5,5.0,cov,trace,median,0.0050085
distance_variance_penalty,0.2,0.01,0.1,1.4142135623730951,2.0,0.175,0.0175,0.9,0.5,5.0,cov,trace,min,0.002682
distance_variance_penalty,0.2,0.01,0.1,1.4142135623730951,2.0,0.175,0.0175,0.9,0.5,5.0,cov,trace,max,0.01144
distance_variance_penalty,0.2,0.01,0.1,1.4142135623730951,2.0,0.175,0.0175,0.9,0.5,5.0,cov,trace,rmse,0.005743841722724808
distance_variance_penalty,0.2,0.01,0.1,1.4142135623730951,2.0,0.175,0.0175,0.9,0.5,5.0,cov,det,mean,3.4478573847857125e-10
distance_variance_penalty,0.2,0.01,0.1,1.4142135623730951,2.0,0.175,0.0175,0.9,0.5,5.0,cov,det,std_dev,3.121916024634464e-10
distance_variance_penalty,0.2,0.01,0.1,1.4142135623730951,2.0,0.175,0.0175,0.9,0.5,5.0,cov,det,median,2.3408868949999984e-10
distance_variance_penalty,0.2,0.01,0.1,1.4142135623730951,2.0,0.175,0.0175,0.9,0.5,5.0,cov,det,min,7.23731820000001e-11
distance_variance_penalty,0.2,0.01,0.1,1.4142135623730951,2.0,0.175,0.0175,0.9,0.5,5.0,cov,det,max,2.162685033999999e-09
distance_variance_penalty,0.2,0.01,0.1,1.4142135623730951,2.0,0.175,0.0175,0.9,0.5,5.0,cov,det,rmse,4.6512450172712715e-10
distance_variance_penalty,0.2,0.01,0.1,2.0000000000000004,2.0,0.175,0.0175,0.9,0.5,5.0,traj,APE,mean,0.07203402666735519
distance_variance_penalty,0.2,0.01,0.1,2.0000000000000004,2.0,0.175,0.0175,0.9,0.5,5.0,traj,APE,std_dev,0.06313389555617356
distance_variance_penalty,0.2,0.01,0.1,2.0000000000000004,2.0,0.175,0.0175,0.9,0.5,5.0,traj,APE,median,0.05125183314653284
distance_variance_penalty,0.2,0.01,0.1,2.0000000000000004,2.0,0.175,0.0175,0.9,0.5,5.0,traj,APE,min,7.047314121155779e-19
distance_variance_penalty,0.2,0.01,0.1,2.0000000000000004,2.0,0.175,0.0175,0.9,0.5,5.0,traj,APE,max,0.3088367115524409
distance_variance_penalty,0.2,0.01,0.1,2.0000000000000004,2.0,0.175,0.0175,0.9,0.5,5.0,traj,APE,rmse,0.09578512288456421
distance_variance_penalty,0.2,0.01,0.1,2.0000000000000004,2.0,0.175,0.0175,0.9,0.5,5.0,traj,RPE,mean,0.048957924506316114
distance_variance_penalty,0.2,0.01,0.1,2.0000000000000004,2.0,0.175,0.0175,0.9,0.5,5.0,traj,RPE,std_dev,0.02843197840056167
distance_variance_penalty,0.2,0.01,0.1,2.0000000000000004,2.0,0.175,0.0175,0.9,0.5,5.0,traj,RPE,median,0.03965669260035262
distance_variance_penalty,0.2,0.01,0.1,2.0000000000000004,2.0,0.175,0.0175,0.9,0.5,5.0,traj,RPE,min,0.011887104348783564
distance_variance_penalty,0.2,0.01,0.1,2.0000000000000004,2.0,0.175,0.0175,0.9,0.5,5.0,traj,RPE,max,0.14939128304480118
distance_variance_penalty,0.2,0.01,0.1,2.0000000000000004,2.0,0.175,0.0175,0.9,0.5,5.0,traj,RPE,rmse,0.05661497829846934
distance_variance_penalty,0.2,0.01,0.1,2.0000000000000004,2.0,0.175,0.0175,0.9,0.5,5.0,traj,num associated poses,mean,27.8
distance_variance_penalty,0.2,0.01,0.1,2.0000000000000004,2.0,0.175,0.0175,0.9,0.5,5.0,traj,num associated poses,std_dev,0.7483314773547882
distance_variance_penalty,0.2,0.01,0.1,2.0000000000000004,2.0,0.175,0.0175,0.9,0.5,5.0,traj,num associated poses,median,28.0
distance_variance_penalty,0.2,0.01,0.1,2.0000000000000004,2.0,0.175,0.0175,0.9,0.5,5.0,traj,num associated poses,min,27.0
distance_variance_penalty,0.2,0.01,0.1,2.0000000000000004,2.0,0.175,0.0175,0.9,0.5,5.0,traj,num associated poses,max,29.0
distance_variance_penalty,0.2,0.01,0.1,2.0000000000000004,2.0,0.175,0.0175,0.9,0.5,5.0,traj,num gt poses,mean,175.0
distance_variance_penalty,0.2,0.01,0.1,2.0000000000000004,2.0,0.175,0.0175,0.9,0.5,5.0,traj,num gt poses,std_dev,3.5777087639996634
distance_variance_penalty,0.2,0.01,0.1,2.0000000000000004,2.0,0.175,0.0175,0.9,0.5,5.0,traj,num gt poses,median,174.0
distance_variance_penalty,0.2,0.01,0.1,2.0000000000000004,2.0,0.175,0.0175,0.9,0.5,5.0,traj,num gt poses,min,172.0
distance_variance_penalty,0.2,0.01,0.1,2.0000000000000004,2.0,0.175,0.0175,0.9,0.5,5.0,traj,num gt poses,max,182.0
distance_variance_penalty,0.2,0.01,0.1,2.0000000000000004,2.0,0.175,0.0175,0.9,0.5,5.0,traj,odom accum path length (m),mean,11.5891776
distance_variance_penalty,0.2,0.01,0.1,2.0000000000000004,2.0,0.175,0.0175,0.9,0.5,5.0,traj,odom accum path length (m),std_dev,0.06780418078437371
distance_variance_penalty,0.2,0.01,0.1,2.0000000000000004,2.0,0.175,0.0175,0.9,0.5,5.0,traj,odom accum path length (m),median,11.57603
distance_variance_penalty,0.2,0.01,0.1,2.0000000000000004,2.0,0.175,0.0175,0.9,0.5,5.0,traj,odom accum path length (m),min,11.509962
distance_variance_penalty,0.2,0.01,0.1,2.0000000000000004,2.0,0.175,0.0175,0.9,0.5,5.0,traj,odom accum path length (m),max,11.711256
distance_variance_penalty,0.2,0.01,0.1,2.0000000000000004,2.0,0.175,0.0175,0.9,0.5,5.0,traj,total rotation (rad),mean,9.7901386
distance_variance_penalty,0.2,0.01,0.1,2.0000000000000004,2.0,0.175,0.0175,0.9,0.5,5.0,traj,total rotation (rad),std_dev,0.6387014758315809
distance_variance_penalty,0.2,0.01,0.1,2.0000000000000004,2.0,0.175,0.0175,0.9,0.5,5.0,traj,total rotation (rad),median,9.522892
distance_variance_penalty,0.2,0.01,0.1,2.0000000000000004,2.0,0.175,0.0175,0.9,0.5,5.0,traj,total rotation (rad),min,9.224398
distance_variance_penalty,0.2,0.01,0.1,2.0000000000000004,2.0,0.175,0.0175,0.9,0.5,5.0,traj,total rotation (rad),max,10.990098
distance_variance_penalty,0.2,0.01,0.1,2.0000000000000004,2.0,0.175,0.0175,0.9,0.5,5.0,traj,duration (s),mean,23.987199999999998
distance_variance_penalty,0.2,0.01,0.1,2.0000000000000004,2.0,0.175,0.0175,0.9,0.5,5.0,traj,duration (s),std_dev,0.4631506882214476
distance_variance_penalty,0.2,0.01,0.1,2.0000000000000004,2.0,0.175,0.0175,0.9,0.5,5.0,traj,duration (s),median,23.865
distance_variance_penalty,0.2,0.01,0.1,2.0000000000000004,2.0,0.175,0.0175,0.9,0.5,5.0,traj,duration (s),min,23.551
distance_variance_penalty,0.2,0.01,0.1,2.0000000000000004,2.0,0.175,0.0175,0.9,0.5,5.0,traj,duration (s),max,24.884
distance_variance_penalty,0.2,0.01,0.1,2.0000000000000004,2.0,0.175,0.0175,0.9,0.5,5.0,completion,successes,count,5.0
distance_variance_penalty,0.2,0.01,0.1,2.0000000000000004,2.0,0.175,0.0175,0.9,0.5,5.0,completion,failures,count,0.0
distance_variance_penalty,0.2,0.01,0.1,2.0000000000000004,2.0,0.175,0.0175,0.9,0.5,5.0,completion,errors,count,0.0
distance_variance_penalty,0.2,0.01,0.1,2.0000000000000004,2.0,0.175,0.0175,0.9,0.5,5.0,completion,data or metrics missing,count,0.0
distance_variance_penalty,0.2,0.01,0.1,2.0000000000000004,2.0,0.175,0.0175,0.9,0.5,5.0,latency,latency,mean,0.0039496402877697845
distance_variance_penalty,0.2,0.01,0.1,2.0000000000000004,2.0,0.175,0.0175,0.9,0.5,5.0,latency,latency,std_dev,0.003261556632831671
distance_variance_penalty,0.2,0.01,0.1,2.0000000000000004,2.0,0.175,0.0175,0.9,0.5,5.0,latency,latency,median,0.003
distance_variance_penalty,0.2,0.01,0.1,2.0000000000000004,2.0,0.175,0.0175,0.9,0.5,5.0,latency,latency,min,0.0
distance_variance_penalty,0.2,0.01,0.1,2.0000000000000004,2.0,0.175,0.0175,0.9,0.5,5.0,latency,latency,max,0.015000000000000001
distance_variance_penalty,0.2,0.01,0.1,2.0000000000000004,2.0,0.175,0.0175,0.9,0.5,5.0,cov,trace,mean,0.005827267605633802
distance_variance_penalty,0.2,0.01,0.1,2.0000000000000004,2.0,0.175,0.0175,0.9,0.5,5.0,cov,trace,std_dev,0.0027719459425950056
distance_variance_penalty,0.2,0.01,0.1,2.0000000000000004,2.0,0.175,0.0175,0.9,0.5,5.0,cov,trace,median,0.0050475
distance_variance_penalty,0.2,0.01,0.1,2.0000000000000004,2.0,0.175,0.0175,0.9,0.5,5.0,cov,trace,min,0.0025480000000000004
distance_variance_penalty,0.2,0.01,0.1,2.0000000000000004,2.0,0.175,0.0175,0.9,0.5,5.0,cov,trace,max,0.021918
distance_variance_penalty,0.2,0.01,0.1,2.0000000000000004,2.0,0.175,0.0175,0.9,0.5,5.0,cov,trace,rmse,0.006452963044705743
distance_variance_penalty,0.2,0.01,0.1,2.0000000000000004,2.0,0.175,0.0175,0.9,0.5,5.0,cov,det,mean,3.8090433397183086e-10
distance_variance_penalty,0.2,0.01,0.1,2.0000000000000004,2.0,0.175,0.0175,0.9,0.5,5.0,cov,det,std_dev,3.5846136941709464e-10
distance_variance_penalty,0.2,0.01,0.1,2.0000000000000004,2.0,0.175,0.0175,0.9,0.5,5.0,cov,det,median,2.7801865399999964e-10
distance_variance_penalty,0.2,0.01,0.1,2.0000000000000004,2.0,0.175,0.0175,0.9,0.5,5.0,cov,det,min,6.717786799999995e-11
distance_variance_penalty,0.2,0.01,0.1,2.0000000000000004,2.0,0.175,0.0175,0.9,0.5,5.0,cov,det,max,2.7772768720000024e-09
distance_variance_penalty,0.2,0.01,0.1,2.0000000000000004,2.0,0.175,0.0175,0.9,0.5,5.0,cov,det,rmse,5.230513024578974e-10
distance_variance_penalty,0.2,0.01,0.1,2.8284271247461907,2.0,0.175,0.0175,0.9,0.5,5.0,traj,APE,mean,0.05511839533984846
distance_variance_penalty,0.2,0.01,0.1,2.8284271247461907,2.0,0.175,0.0175,0.9,0.5,5.0,traj,APE,std_dev,0.03316458779126778
distance_variance_penalty,0.2,0.01,0.1,2.8284271247461907,2.0,0.175,0.0175,0.9,0.5,5.0,traj,APE,median,0.05175462592099203
distance_variance_penalty,0.2,0.01,0.1,2.8284271247461907,2.0,0.175,0.0175,0.9,0.5,5.0,traj,APE,min,8.131516293641283e-19
distance_variance_penalty,0.2,0.01,0.1,2.8284271247461907,2.0,0.175,0.0175,0.9,0.5,5.0,traj,APE,max,0.17923456532521098
distance_variance_penalty,0.2,0.01,0.1,2.8284271247461907,2.0,0.175,0.0175,0.9,0.5,5.0,traj,APE,rmse,0.06432672374841218
distance_variance_penalty,0.2,0.01,0.1,2.8284271247461907,2.0,0.175,0.0175,0.9,0.5,5.0,traj,RPE,mean,0.04884590856926448
distance_variance_penalty,0.2,0.01,0.1,2.8284271247461907,2.0,0.175,0.0175,0.9,0.5,5.0,traj,RPE,std_dev,0.02825316951109569
distance_variance_penalty,0.2,0.01,0.1,2.8284271247461907,2.0,0.175,0.0175,0.9,0.5,5.0,traj,RPE,median,0.04126833597843979
distance_variance_penalty,0.2,0.01,0.1,2.8284271247461907,2.0,0.175,0.0175,0.9,0.5,5.0,traj,RPE,min,0.005717995208174657
distance_variance_penalty,0.2,0.01,0.1,2.8284271247461907,2.0,0.175,0.0175,0.9,0.5,5.0,traj,RPE,max,0.18582851283345822
distance_variance_penalty,0.2,0.01,0.1,2.8284271247461907,2.0,0.175,0.0175,0.9,0.5,5.0,traj,RPE,rmse,0.05642840039713737
distance_variance_penalty,0.2,0.01,0.1,2.8284271247461907,2.0,0.175,0.0175,0.9,0.5,5.0,traj,num associated poses,mean,27.75
distance_variance_penalty,0.2,0.01,0.1,2.8284271247461907,2.0,0.175,0.0175,0.9,0.5,5.0,traj,num associated poses,std_dev,0.4330127018922193
distance_variance_penalty,0.2,0.01,0.1,2.8284271247461907,2.0,0.175,0.0175,0.9,0.5,5.0,traj,num associated poses,median,28.0
distance_variance_penalty,0.2,0.01,0.1,2.8284271247461907,2.0,0.175,0.0175,0.9,0.5,5.0,traj,num associated poses,min,27.0
distance_variance_penalty,0.2,0.01,0.1,2.8284271247461907,2.0,0.175,0.0175,0.9,0.5,5.0,traj,num associated poses,max,28.0
distance_variance_penalty,0.2,0.01,0.1,2.8284271247461907,2.0,0.175,0.0175,0.9,0.5,5.0,traj,num gt poses,mean,174.75
distance_variance_penalty,0.2,0.01,0.1,2.8284271247461907,2.0,0.175,0.0175,0.9,0.5,5.0,traj,num gt poses,std_dev,1.920286436967152
distance_variance_penalty,0.2,0.01,0.1,2.8284271247461907,2.0,0.175,0.0175,0.9,0.5,5.0,traj,num gt poses,median,174.0
distance_variance_penalty,0.2,0.01,0.1,2.8284271247461907,2.0,0.175,0.0175,0.9,0.5,5.0,traj,num gt poses,min,173.0
distance_variance_penalty,0.2,0.01,0.1,2.8284271247461907,2.0,0.175,0.0175,0.9,0.5,5.0,traj,num gt poses,max,178.0
distance_variance_penalty,0.2,0.01,0.1,2.8284271247461907,2.0,0.175,0.0175,0.9,0.5,5.0,traj,odom accum path length (m),mean,11.57098675
distance_variance_penalty,0.2,0.01,0.1,2.8284271247461907,2.0,0.175,0.0175,0.9,0.5,5.0,traj,odom accum path length (m),std_dev,0.062264458936760345
distance_variance_penalty,0.2,0.01,0.1,2.8284271247461907,2.0,0.175,0.0175,0.9,0.5,5.0,traj,odom accum path length (m),median,11.565789500000001
distance_variance_penalty,0.2,0.01,0.1,2.8284271247461907,2.0,0.175,0.0175,0.9,0.5,5.0,traj,odom accum path length (m),min,11.50715
distance_variance_penalty,0.2,0.01,0.1,2.8284271247461907,2.0,0.175,0.0175,0.9,0.5,5.0,traj,odom accum path length (m),max,11.645218
distance_variance_penalty,0.2,0.01,0.1,2.8284271247461907,2.0,0.175,0.0175,0.9,0.5,5.0,traj,total rotation (rad),mean,9.680542500000001
distance_variance_penalty,0.2,0.01,0.1,2.8284271247461907,2.0,0.175,0.0175,0.9,0.5,5.0,traj,total rotation (rad),std_dev,0.530073106285586
distance_variance_penalty,0.2,0.01,0.1,2.8284271247461907,2.0,0.175,0.0175,0.9,0.5,5.0,traj,total rotation (rad),median,9.6583975
distance_variance_penalty,0.2,0.01,0.1,2.8284271247461907,2.0,0.175,0.0175,0.9,0.5,5.0,traj,total rotation (rad),min,8.954869
distance_variance_penalty,0.2,0.01,0.1,2.8284271247461907,2.0,0.175,0.0175,0.9,0.5,5.0,traj,total rotation (rad),max,10.450506
distance_variance_penalty,0.2,0.01,0.1,2.8284271247461907,2.0,0.175,0.0175,0.9,0.5,5.0,traj,duration (s),mean,23.880499999999998
distance_variance_penalty,0.2,0.01,0.1,2.8284271247461907,2.0,0.175,0.0175,0.9,0.5,5.0,traj,duration (s),std_dev,0.2153119829456752
distance_variance_penalty,0.2,0.01,0.1,2.8284271247461907,2.0,0.175,0.0175,0.9,0.5,5.0,traj,duration (s),median,23.7865
distance_variance_penalty,0.2,0.01,0.1,2.8284271247461907,2.0,0.175,0.0175,0.9,0.5,5.0,traj,duration (s),min,23.709000000000003
distance_variance_penalty,0.2,0.01,0.1,2.8284271247461907,2.0,0.175,0.0175,0.9,0.5,5.0,traj,duration (s),max,24.239999999999995
distance_variance_penalty,0.2,0.01,0.1,2.8284271247461907,2.0,0.175,0.0175,0.9,0.5,5.0,completion,successes,count,4.0
distance_variance_penalty,0.2,0.01,0.1,2.8284271247461907,2.0,0.175,0.0175,0.9,0.5,5.0,completion,failures,count,0.0
distance_variance_penalty,0.2,0.01,0.1,2.8284271247461907,2.0,0.175,0.0175,0.9,0.5,5.0,completion,errors,count,1.0
distance_variance_penalty,0.2,0.01,0.1,2.8284271247461907,2.0,0.175,0.0175,0.9,0.5,5.0,completion,data or metrics missing,count,1.0
distance_variance_penalty,0.2,0.01,0.1,2.8284271247461907,2.0,0.175,0.0175,0.9,0.5,5.0,latency,latency,mean,0.0030360360360360368
distance_variance_penalty,0.2,0.01,0.1,2.8284271247461907,2.0,0.175,0.0175,0.9,0.5,5.0,latency,latency,std_dev,0.0013749884712239231
distance_variance_penalty,0.2,0.01,0.1,2.8284271247461907,2.0,0.175,0.0175,0.9,0.5,5.0,latency,latency,median,0.003
distance_variance_penalty,0.2,0.01,0.1,2.8284271247461907,2.0,0.175,0.0175,0.9,0.5,5.0,latency,latency,min,0.0
distance_variance_penalty,0.2,0.01,0.1,2.8284271247461907,2.0,0.175,0.0175,0.9,0.5,5.0,latency,latency,max,0.006
distance_variance_penalty,0.2,0.01,0.1,2.8284271247461907,2.0,0.175,0.0175,0.9,0.5,5.0,cov,trace,mean,0.005592434782608696
distance_variance_penalty,0.2,0.01,0.1,2.8284271247461907,2.0,0.175,0.0175,0.9,0.5,5.0,cov,trace,std_dev,0.0020867971803300977
distance_variance_penalty,0.2,0.01,0.1,2.8284271247461907,2.0,0.175,0.0175,0.9,0.5,5.0,cov,trace,median,0.005045
distance_variance_penalty,0.2,0.01,0.1,2.8284271247461907,2.0,0.175,0.0175,0.9,0.5,5.0,cov,trace,min,0.0026270000000000004
distance_variance_penalty,0.2,0.01,0.1,2.8284271247461907,2.0,0.175,0.0175,0.9,0.5,5.0,cov,trace,max,0.020274999999999998
distance_variance_penalty,0.2,0.01,0.1,2.8284271247461907,2.0,0.175,0.0175,0.9,0.5,5.0,cov,trace,rmse,0.005969091159428311
distance_variance_penalty,0.2,0.01,0.1,2.8284271247461907,2.0,0.175,0.0175,0.9,0.5,5.0,cov,det,mean,3.2959158713043466e-10
distance_variance_penalty,0.2,0.01,0.1,2.8284271247461907,2.0,0.175,0.0175,0.9,0.5,5.0,cov,det,std_dev,3.092035072777593e-10
distance_variance_penalty,0.2,0.01,0.1,2.8284271247461907,2.0,0.175,0.0175,0.9,0.5,5.0,cov,det,median,2.4204339600000005e-10
distance_variance_penalty,0.2,0.01,0.1,2.8284271247461907,2.0,0.175,0.0175,0.9,0.5,5.0,cov,det,min,5.1421373999999897e-11
distance_variance_penalty,0.2,0.01,0.1,2.8284271247461907,2.0,0.175,0.0175,0.9,0.5,5.0,cov,det,max,2.6704983499999943e-09
distance_variance_penalty,0.2,0.01,0.1,2.8284271247461907,2.0,0.175,0.0175,0.9,0.5,5.0,cov,det,rmse,4.5192634711867173e-10
distance_variance_penalty,0.2,0.01,0.1,4.000000000000001,2.0,0.175,0.0175,0.9,0.5,5.0,traj,APE,mean,0.08303402980281496
distance_variance_penalty,0.2,0.01,0.1,4.000000000000001,2.0,0.175,0.0175,0.9,0.5,5.0,traj,APE,std_dev,0.05908738815665425
distance_variance_penalty,0.2,0.01,0.1,4.000000000000001,2.0,0.175,0.0175,0.9,0.5,5.0,traj,APE,median,0.0652775473448014
distance_variance_penalty,0.2,0.01,0.1,4.000000000000001,2.0,0.175,0.0175,0.9,0.5,5.0,traj,APE,min,1.6263032587282567e-19
distance_variance_penalty,0.2,0.01,0.1,4.000000000000001,2.0,0.175,0.0175,0.9,0.5,5.0,traj,APE,max,0.29302287248930353
distance_variance_penalty,0.2,0.01,0.1,4.000000000000001,2.0,0.175,0.0175,0.9,0.5,5.0,traj,APE,rmse,0.10191157708754137
distance_variance_penalty,0.2,0.01,0.1,4.000000000000001,2.0,0.175,0.0175,0.9,0.5,5.0,traj,RPE,mean,0.056486737686709185
distance_variance_penalty,0.2,0.01,0.1,4.000000000000001,2.0,0.175,0.0175,0.9,0.5,5.0,traj,RPE,std_dev,0.03770246699529247
distance_variance_penalty,0.2,0.01,0.1,4.000000000000001,2.0,0.175,0.0175,0.9,0.5,5.0,traj,RPE,median,0.040417536130502724
distance_variance_penalty,0.2,0.01,0.1,4.000000000000001,2.0,0.175,0.0175,0.9,0.5,5.0,traj,RPE,min,0.006972374420695369
distance_variance_penalty,0.2,0.01,0.1,4.000000000000001,2.0,0.175,0.0175,0.9,0.5,5.0,traj,RPE,max,0.18606644349896292
distance_variance_penalty,0.2,0.01,0.1,4.000000000000001,2.0,0.175,0.0175,0.9,0.5,5.0,traj,RPE,rmse,0.06791338271665025
distance_variance_penalty,0.2,0.01,0.1,4.000000000000001,2.0,0.175,0.0175,0.9,0.5,5.0,traj,num associated poses,mean,27.6
distance_variance_penalty,0.2,0.01,0.1,4.000000000000001,2.0,0.175,0.0175,0.9,0.5,5.0,traj,num associated poses,std_dev,0.7999999999999999
distance_variance_penalty,0.2,0.01,0.1,4.000000000000001,2.0,0.175,0.0175,0.9,0.5,5.0,traj,num associated poses,median,27.0
distance_variance_penalty,0.2,0.01,0.1,4.000000000000001,2.0,0.175,0.0175,0.9,0.5,5.0,traj,num associated poses,min,27.0
distance_variance_penalty,0.2,0.01,0.1,4.000000000000001,2.0,0.175,0.0175,0.9,0.5,5.0,traj,num associated poses,max,29.0
distance_variance_penalty,0.2,0.01,0.1,4.000000000000001,2.0,0.175,0.0175,0.9,0.5,5.0,traj,num gt poses,mean,175.2
distance_variance_penalty,0.2,0.01,0.1,4.000000000000001,2.0,0.175,0.0175,0.9,0.5,5.0,traj,num gt poses,std_dev,3.1240998703626617
distance_variance_penalty,0.2,0.01,0.1,4.000000000000001,2.0,0.175,0.0175,0.9,0.5,5.0,traj,num gt poses,median,175.0
distance_variance_penalty,0.2,0.01,0.1,4.000000000000001,2.0,0.175,0.0175,0.9,0.5,5.0,traj,num gt poses,min,172.0
distance_variance_penalty,0.2,0.01,0.1,4.000000000000001,2.0,0.175,0.0175,0.9,0.5,5.0,traj,num gt poses,max,181.0
distance_variance_penalty,0.2,0.01,0.1,4.000000000000001,2.0,0.175,0.0175,0.9,0.5,5.0,traj,odom accum path length (m),mean,11.581762399999999
distance_variance_penalty,0.2,0.01,0.1,4.000000000000001,2.0,0.175,0.0175,0.9,0.5,5.0,traj,odom accum path length (m),std_dev,0.10518633154664157
distance_variance_penalty,0.2,0.01,0.1,4.000000000000001,2.0,0.175,0.0175,0.9,0.5,5.0,traj,odom accum path length (m),median,11.579665
distance_variance_penalty,0.2,0.01,0.1,4.000000000000001,2.0,0.175,0.0175,0.9,0.5,5.0,traj,odom accum path length (m),min,11.463366
distance_variance_penalty,0.2,0.01,0.1,4.000000000000001,2.0,0.175,0.0175,0.9,0.5,5.0,traj,odom accum path length (m),max,11.753056
distance_variance_penalty,0.2,0.01,0.1,4.000000000000001,2.0,0.175,0.0175,0.9,0.5,5.0,traj,total rotation (rad),mean,9.7028196
distance_variance_penalty,0.2,0.01,0.1,4.000000000000001,2.0,0.175,0.0175,0.9,0.5,5.0,traj,total rotation (rad),std_dev,0.506456102497186
distance_variance_penalty,0.2,0.01,0.1,4.000000000000001,2.0,0.175,0.0175,0.9,0.5,5.0,traj,total rotation (rad),median,9.626961
distance_variance_penalty,0.2,0.01,0.1,4.000000000000001,2.0,0.175,0.0175,0.9,0.5,5.0,traj,total rotation (rad),min,9.105019
distance_variance_penalty,0.2,0.01,0.1,4.000000000000001,2.0,0.175,0.0175,0.9,0.5,5.0,traj,total rotation (rad),max,10.592057
distance_variance_penalty,0.2,0.01,0.1,4.000000000000001,2.0,0.175,0.0175,0.9,0.5,5.0,traj,duration (s),mean,23.9696
distance_variance_penalty,0.2,0.01,0.1,4.000000000000001,2.0,0.175,0.0175,0.9,0.5,5.0,traj,duration (s),std_dev,0.4536022927631654
distance_variance_penalty,0.2,0.01,0.1,4.000000000000001,2.0,0.175,0.0175,0.9,0.5,5.0,traj,duration (s),median,23.931000000000004
distance_variance_penalty,0.2,0.01,0.1,4.000000000000001,2.0,0.175,0.0175,0.9,0.5,5.0,traj,duration (s),min,23.504999999999995
distance_variance_penalty,0.2,0.01,0.1,4.000000000000001,2.0,0.175,0.0175,0.9,0.5,5.0,traj,duration (s),max,24.769
distance_variance_penalty,0.2,0.01,0.1,4.000000000000001,2.0,0.175,0.0175,0.9,0.5,5.0,completion,successes,count,5.0
distance_variance_penalty,0.2,0.01,0.1,4.000000000000001,2.0,0.175,0.0175,0.9,0.5,5.0,completion,failures,count,0.0
distance_variance_penalty,0.2,0.01,0.1,4.000000000000001,2.0,0.175,0.0175,0.9,0.5,5.0,completion,errors,count,0.0
distance_variance_penalty,0.2,0.01,0.1,4.000000000000001,2.0,0.175,0.0175,0.9,0.5,5.0,completion,data or metrics missing,count,0.0
distance_variance_penalty,0.2,0.01,0.1,4.000000000000001,2.0,0.175,0.0175,0.9,0.5,5.0,latency,latency,mean,0.003920289855072464
distance_variance_penalty,0.2,0.01,0.1,4.000000000000001,2.0,0.175,0.0175,0.9,0.5,5.0,latency,latency,std_dev,0.003403028476891541
distance_variance_penalty,0.2,0.01,0.1,4.000000000000001,2.0,0.175,0.0175,0.9,0.5,5.0,latency,latency,median,0.003
distance_variance_penalty,0.2,0.01,0.1,4.000000000000001,2.0,0.175,0.0175,0.9,0.5,5.0,latency,latency,min,0.0
distance_variance_penalty,0.2,0.01,0.1,4.000000000000001,2.0,0.175,0.0175,0.9,0.5,5.0,latency,latency,max,0.014
distance_variance_penalty,0.2,0.01,0.1,4.000000000000001,2.0,0.175,0.0175,0.9,0.5,5.0,cov,trace,mean,0.005941574468085106
distance_variance_penalty,0.2,0.01,0.1,4.000000000000001,2.0,0.175,0.0175,0.9,0.5,5.0,cov,trace,std_dev,0.0026372311754609785
distance_variance_penalty,0.2,0.01,0.1,4.000000000000001,2.0,0.175,0.0175,0.9,0.5,5.0,cov,trace,median,0.005175
distance_variance_penalty,0.2,0.01,0.1,4.000000000000001,2.0,0.175,0.0175,0.9,0.5,5.0,cov,trace,min,0.0027300000000000002
distance_variance_penalty,0.2,0.01,0.1,4.000000000000001,2.0,0.175,0.0175,0.9,0.5,5.0,cov,trace,max,0.022851999999999997
distance_variance_penalty,0.2,0.01,0.1,4.000000000000001,2.0,0.175,0.0175,0.9,0.5,5.0,cov,trace,rmse,0.006500561162901562
distance_variance_penalty,0.2,0.01,0.1,4.000000000000001,2.0,0.175,0.0175,0.9,0.5,5.0,cov,det,mean,4.319917720567374e-10
distance_variance_penalty,0.2,0.01,0.1,4.000000000000001,2.0,0.175,0.0175,0.9,0.5,5.0,cov,det,std_dev,5.250498692782181e-10
distance_variance_penalty,0.2,0.01,0.1,4.000000000000001,2.0,0.175,0.0175,0.9,0.5,5.0,cov,det,median,2.976863050000003e-10
distance_variance_penalty,0.2,0.01,0.1,4.000000000000001,2.0,0.175,0.0175,0.9,0.5,5.0,cov,det,min,6.055546200000001e-11
distance_variance_penalty,0.2,0.01,0.1,4.000000000000001,2.0,0.175,0.0175,0.9,0.5,5.0,cov,det,max,4.903441173999985e-09
distance_variance_penalty,0.2,0.01,0.1,4.000000000000001,2.0,0.175,0.0175,0.9,0.5,5.0,cov,det,rmse,6.799222428732524e-10
distance_variance_penalty,0.2,0.01,0.1,5.6568542494923815,2.0,0.175,0.0175,0.9,0.5,5.0,traj,APE,mean,0.07376371336215777
distance_variance_penalty,0.2,0.01,0.1,5.6568542494923815,2.0,0.175,0.0175,0.9,0.5,5.0,traj,APE,std_dev,0.05529794876146957
distance_variance_penalty,0.2,0.01,0.1,5.6568542494923815,2.0,0.175,0.0175,0.9,0.5,5.0,traj,APE,median,0.05344152641054601
distance_variance_penalty,0.2,0.01,0.1,5.6568542494923815,2.0,0.175,0.0175,0.9,0.5,5.0,traj,APE,min,7.589415207398531e-19
distance_variance_penalty,0.2,0.01,0.1,5.6568542494923815,2.0,0.175,0.0175,0.9,0.5,5.0,traj,APE,max,0.23327957250139034
distance_variance_penalty,0.2,0.01,0.1,5.6568542494923815,2.0,0.175,0.0175,0.9,0.5,5.0,traj,APE,rmse,0.09218974208772193
distance_variance_penalty,0.2,0.01,0.1,5.6568542494923815,2.0,0.175,0.0175,0.9,0.5,5.0,traj,RPE,mean,0.05252971558607618
distance_variance_penalty,0.2,0.01,0.1,5.6568542494923815,2.0,0.175,0.0175,0.9,0.5,5.0,traj,RPE,std_dev,0.032956261264475505
distance_variance_penalty,0.2,0.01,0.1,5.6568542494923815,2.0,0.175,0.0175,0.9,0.5,5.0,traj,RPE,median,0.04189933724082764
distance_variance_penalty,0.2,0.01,0.1,5.6568542494923815,2.0,0.175,0.0175,0.9,0.5,5.0,traj,RPE,min,0.010894650008967988
distance_variance_penalty,0.2,0.01,0.1,5.6568542494923815,2.0,0.175,0.0175,0.9,0.5,5.0,traj,RPE,max,0.17423989448142504
distance_variance_penalty,0.2,0.01,0.1,5.6568542494923815,2.0,0.175,0.0175,0.9,0.5,5.0,traj,RPE,rmse,0.06201198413279827
distance_variance_penalty,0.2,0.01,0.1,5.6568542494923815,2.0,0.175,0.0175,0.9,0.5,5.0,traj,num associated poses,mean,27.8
distance_variance_penalty,0.2,0.01,0.1,5.6568542494923815,2.0,0.175,0.0175,0.9,0.5,5.0,traj,num associated poses,std_dev,0.7483314773547883
distance_variance_penalty,0.2,0.01,0.1,5.6568542494923815,2.0,0.175,0.0175,0.9,0.5,5.0,traj,num associated poses,median,28.0
distance_variance_penalty,0.2,0.01,0.1,5.6568542494923815,2.0,0.175,0.0175,0.9,0.5,5.0,traj,num associated poses,min,27.0
distance_variance_penalty,0.2,0.01,0.1,5.6568542494923815,2.0,0.175,0.0175,0.9,0.5,5.0,traj,num associated poses,max,29.0
distance_variance_penalty,0.2,0.01,0.1,5.6568542494923815,2.0,0.175,0.0175,0.9,0.5,5.0,traj,num gt poses,mean,175.6
distance_variance_penalty,0.2,0.01,0.1,5.6568542494923815,2.0,0.175,0.0175,0.9,0.5,5.0,traj,num gt poses,std_dev,3.0066592756745814
distance_variance_penalty,0.2,0.01,0.1,5.6568542494923815,2.0,0.175,0.0175,0.9,0.5,5.0,traj,num gt poses,median,178.0
distance_variance_penalty,0.2,0.01,0.1,5.6568542494923815,2.0,0.175,0.0175,0.9,0.5,5.0,traj,num gt poses,min,171.0
distance_variance_penalty,0.2,0.01,0.1,5.6568542494923815,2.0,0.175,0.0175,0.9,0.5,5.0,traj,num gt poses,max,178.0
distance_variance_penalty,0.2,0.01,0.1,5.6568542494923815,2.0,0.175,0.0175,0.9,0.5,5.0,traj,odom accum path length (m),mean,11.556337200000002
distance_variance_penalty,0.2,0.01,0.1,5.6568542494923815,2.0,0.175,0.0175,0.9,0.5,5.0,traj,odom accum path length (m),std_dev,0.11420222796670801
distance_variance_penalty,0.2,0.01,0.1,5.6568542494923815,2.0,0.175,0.0175,0.9,0.5,5.0,traj,odom accum path length (m),median,11.552874
distance_variance_penalty,0.2,0.01,0.1,5.6568542494923815,2.0,0.175,0.0175,0.9,0.5,5.0,traj,odom accum path length (m),min,11.398277
distance_variance_penalty,0.2,0.01,0.1,5.6568542494923815,2.0,0.175,0.0175,0.9,0.5,5.0,traj,odom accum path length (m),max,11.726201
distance_variance_penalty,0.2,0.01,0.1,5.6568542494923815,2.0,0.175,0.0175,0.9,0.5,5.0,traj,total rotation (rad),mean,9.558761999999998
distance_variance_penalty,0.2,0.01,0.1,5.6568542494923815,2.0,0.175,0.0175,0.9,0.5,5.0,traj,total rotation (rad),std_dev,0.5887564617805906
distance_variance_penalty,0.2,0.01,0.1,5.6568542494923815,2.0,0.175,0.0175,0.9,0.5,5.0,traj,total rotation (rad),median,9.296826
distance_variance_penalty,0.2,0.01,0.1,5.6568542494923815,2.0,0.175,0.0175,0.9,0.5,5.0,traj,total rotation (rad),min,8.811821
distance_variance_penalty,0.2,0.01,0.1,5.6568542494923815,2.0,0.175,0.0175,0.9,0.5,5.0,traj,total rotation (rad),max,10.3425
distance_variance_penalty,0.2,0.01,0.1,5.6568542494923815,2.0,0.175,0.0175,0.9,0.5,5.0,traj,duration (s),mean,24.011400000000002
distance_variance_penalty,0.2,0.01,0.1,5.6568542494923815,2.0,0.175,0.0175,0.9,0.5,5.0,traj,duration (s),std_dev,0.45668965392266103
distance_variance_penalty,0.2,0.01,0.1,5.6568542494923815,2.0,0.175,0.0175,0.9,0.5,5.0,traj,duration (s),median,24.304999999999996
distance_variance_penalty,0.2,0.01,0.1,5.6568542494923815,2.0,0.175,0.0175,0.9,0.5,5.0,traj,duration (s),min,23.342999999999996
distance_variance_penalty,0.2,0.01,0.1,5.6568542494923815,2.0,0.175,0.0175,0.9,0.5,5.0,traj,duration (s),max,24.429
distance_variance_penalty,0.2,0.01,0.1,5.6568542494923815,2.0,0.175,0.0175,0.9,0.5,5.0,completion,successes,count,5.0
distance_variance_penalty,0.2,0.01,0.1,5.6568542494923815,2.0,0.175,0.0175,0.9,0.5,5.0,completion,failures,count,0.0
distance_variance_penalty,0.2,0.01,0.1,5.6568542494923815,2.0,0.175,0.0175,0.9,0.5,5.0,completion,errors,count,0.0
distance_variance_penalty,0.2,0.01,0.1,5.6568542494923815,2.0,0.175,0.0175,0.9,0.5,5.0,completion,data or metrics missing,count,0.0
distance_variance_penalty,0.2,0.01,0.1,5.6568542494923815,2.0,0.175,0.0175,0.9,0.5,5.0,latency,latency,mean,0.0037194244604316557
distance_variance_penalty,0.2,0.01,0.1,5.6568542494923815,2.0,0.175,0.0175,0.9,0.5,5.0,latency,latency,std_dev,0.0035279536877219696
distance_variance_penalty,0.2,0.01,0.1,5.6568542494923815,2.0,0.175,0.0175,0.9,0.5,5.0,latency,latency,median,0.003
distance_variance_penalty,0.2,0.01,0.1,5.6568542494923815,2.0,0.175,0.0175,0.9,0.5,5.0,latency,latency,min,0.0
distance_variance_penalty,0.2,0.01,0.1,5.6568542494923815,2.0,0.175,0.0175,0.9,0.5,5.0,latency,latency,max,0.017
distance_variance_penalty,0.2,0.01,0.1,5.6568542494923815,2.0,0.175,0.0175,0.9,0.5,5.0,cov,trace,mean,0.0057224722222222225
distance_variance_penalty,0.2,0.01,0.1,5.6568542494923815,2.0,0.175,0.0175,0.9,0.5,5.0,cov,trace,std_dev,0.0024799483752031694
distance_variance_penalty,0.2,0.01,0.1,5.6568542494923815,2.0,0.175,0.0175,0.9,0.5,5.0,cov,trace,median,0.005102499999999999
distance_variance_penalty,0.2,0.01,0.1,5.6568542494923815,2.0,0.175,0.0175,0.9,0.5,5.0,cov,trace,min,0.002833
distance_variance_penalty,0.2,0.01,0.1,5.6568542494923815,2.0,0.175,0.0175,0.9,0.5,5.0,cov,trace,max,0.022292
distance_variance_penalty,0.2,0.01,0.1,5.6568542494923815,2.0,0.175,0.0175,0.9,0.5,5.0,cov,trace,rmse,0.00623673250009793
distance_variance_penalty,0.2,0.01,0.1,5.6568542494923815,2.0,0.175,0.0175,0.9,0.5,5.0,cov,det,mean,4.157817986249999e-10
distance_variance_penalty,0.2,0.01,0.1,5.6568542494923815,2.0,0.175,0.0175,0.9,0.5,5.0,cov,det,std_dev,4.65756039450616e-10
distance_variance_penalty,0.2,0.01,0.1,5.6568542494923815,2.0,0.175,0.0175,0.9,0.5,5.0,cov,det,median,2.7781203349999974e-10
distance_variance_penalty,0.2,0.01,0.1,5.6568542494923815,2.0,0.175,0.0175,0.9,0.5,5.0,cov,det,min,6.766459900000014e-11
distance_variance_penalty,0.2,0.01,0.1,5.6568542494923815,2.0,0.175,0.0175,0.9,0.5,5.0,cov,det,max,4.423280571999992e-09
distance_variance_penalty,0.2,0.01,0.1,5.6568542494923815,2.0,0.175,0.0175,0.9,0.5,5.0,cov,det,rmse,6.24342207729514e-10
angle_variance_penalty,0.2,0.01,0.1,1.0,0.3535533905932736,0.175,0.0175,0.9,0.5,5.0,traj,APE,mean,0.0731861599034572
angle_variance_penalty,0.2,0.01,0.1,1.0,0.3535533905932736,0.175,0.0175,0.9,0.5,5.0,traj,APE,std_dev,0.04517854542109982
angle_variance_penalty,0.2,0.01,0.1,1.0,0.3535533905932736,0.175,0.0175,0.9,0.5,5.0,traj,APE,median,0.0609570958526078
angle_variance_penalty,0.2,0.01,0.1,1.0,0.3535533905932736,0.175,0.0175,0.9,0.5,5.0,traj,APE,min,8.131516293641283e-19
angle_variance_penalty,0.2,0.01,0.1,1.0,0.3535533905932736,0.175,0.0175,0.9,0.5,5.0,traj,APE,max,0.20375312905420223
angle_variance_penalty,0.2,0.01,0.1,1.0,0.3535533905932736,0.175,0.0175,0.9,0.5,5.0,traj,APE,rmse,0.08600764482172957
angle_variance_penalty,0.2,0.01,0.1,1.0,0.3535533905932736,0.175,0.0175,0.9,0.5,5.0,traj,RPE,mean,0.052221072577281105
angle_variance_penalty,0.2,0.01,0.1,1.0,0.3535533905932736,0.175,0.0175,0.9,0.5,5.0,traj,RPE,std_dev,0.02966994724121443
angle_variance_penalty,0.2,0.01,0.1,1.0,0.3535533905932736,0.175,0.0175,0.9,0.5,5.0,traj,RPE,median,0.04215138909750728
angle_variance_penalty,0.2,0.01,0.1,1.0,0.3535533905932736,0.175,0.0175,0.9,0.5,5.0,traj,RPE,min,0.01350476497440393
angle_variance_penalty,0.2,0.01,0.1,1.0,0.3535533905932736,0.175,0.0175,0.9,0.5,5.0,traj,RPE,max,0.13639238733987907
angle_variance_penalty,0.2,0.01,0.1,1.0,0.3535533905932736,0.175,0.0175,0.9,0.5,5.0,traj,RPE,rmse,0.06006118705468706
angle_variance_penalty,0.2,0.01,0.1,1.0,0.3535533905932736,0.175,0.0175,0.9,0.5,5.0,traj,num associated poses,mean,27.4
angle_variance_penalty,0.2,0.01,0.1,1.0,0.3535533905932736,0.175,0.0175,0.9,0.5,5.0,traj,num associated poses,std_dev,0.7999999999999999
angle_variance_penalty,0.2,0.01,0.1,1.0,0.3535533905932736,0.175,0.0175,0.9,0.5,5.0,traj,num associated poses,median,28.0
angle_variance_penalty,0.2,0.01,0.1,1.0,0.3535533905932736,0.175,0.0175,0.9,0.5,5.0,traj,num associated poses,min,26.0
angle_variance_penalty,0.2,0.01,0.1,1.0,0.3535533905932736,0.175,0.0175,0.9,0.5,5.0,traj,num associated poses,max,28.0
angle_variance_penalty,0.2,0.01,0.1,1.0,0.3535533905932736,0.175,0.0175,0.9,0.5,5.0,traj,num gt poses,mean,176.2
angle_variance_penalty,0.2,0.01,0.1,1.0,0.3535533905932736,0.175,0.0175,0.9,0.5,5.0,traj,num gt poses,std_dev,4.995998398718719
angle_variance_penalty,0.2,0.01,0.1,1.0,0.3535533905932736,0.175,0.0175,0.9,0.5,5.0,traj,num gt poses,median,175.0
angle_variance_penalty,0.2,0.01,0.1,1.0,0.3535533905932736,0.175,0.0175,0.9,0.5,5.0,traj,num gt poses,min,171.0
angle_variance_penalty,0.2,0.01,0.1,1.0,0.3535533905932736,0.175,0.0175,0.9,0.5,5.0,traj,num gt poses,max,183.0
angle_variance_penalty,0.2,0.01,0.1,1.0,0.3535533905932736,0.175,0.0175,0.9,0.5,5.0,traj,odom accum path length (m),mean,11.5478492
angle_variance_penalty,0.2,0.01,0.1,1.0,0.3535533905932736,0.175,0.0175,0.9,0.5,5.0,traj,odom accum path length (m),std_dev,0.05108485082057077
angle_variance_penalty,0.2,0.01,0.1,1.0,0.3535533905932736,0.175,0.0175,0.9,0.5,5.0,traj,odom accum path length (m),median,11.575265
angle_variance_penalty,0.2,0.01,0.1,1.0,0.3535533905932736,0.175,0.0175,0.9,0.5,5.0,traj,odom accum path length (m),min,11.467273
angle_variance_penalty,0.2,0.01,0.1,1.0,0.3535533905932736,0.175,0.0175,0.9,0.5,5.0,traj,odom accum path length (m),max,11.598823
angle_variance_penalty,0.2,0.01,0.1,1.0,0.3535533905932736,0.175,0.0175,0.9,0.5,5.0,traj,total rotation (rad),mean,9.590244
angle_variance_penalty,0.2,0.01,0.1,1.0,0.3535533905932736,0.175,0.0175,0.9,0.5,5.0,traj,total rotation (rad),std_dev,0.4994768459590491
angle_variance_penalty,0.2,0.01,0.1,1.0,0.3535533905932736,0.175,0.0175,0.9,0.5,5.0,traj,total rotation (rad),median,9.47122
angle_variance_penalty,0.2,0.01,0.1,1.0,0.3535533905932736,0.175,0.0175,0.9,0.5,5.0,traj,total rotation (rad),min,9.033606
angle_variance_penalty,0.2,0.01,0.1,1.0,0.3535533905932736,0.175,0.0175,0.9,0.5,5.0,traj,total rotation (rad),max,10.519841
angle_variance_penalty,0.2,0.01,0.1,1.0,0.3535533905932736,0.175,0.0175,0.9,0.5,5.0,traj,duration (s),mean,24.129400000000004
angle_variance_penalty,0.2,0.01,0.1,1.0,0.3535533905932736,0.175,0.0175,0.9,0.5,5.0,traj,duration (s),std_dev,0.6313317986605769
angle_variance_penalty,0.2,0.01,0.1,1.0,0.3535533905932736,0.175,0.0175,0.9,0.5,5.0,traj,duration (s),median,23.985
angle_variance_penalty,0.2,0.01,0.1,1.0,0.3535533905932736,0.175,0.0175,0.9,0.5,5.0,traj,duration (s),min,23.384
angle_variance_penalty,0.2,0.01,0.1,1.0,0.3535533905932736,0.175,0.0175,0.9,0.5,5.0,traj,duration (s),max,24.986
angle_variance_penalty,0.2,0.01,0.1,1.0,0.3535533905932736,0.175,0.0175,0.9,0.5,5.0,completion,successes,count,5.0
angle_variance_penalty,0.2,0.01,0.1,1.0,0.3535533905932736,0.175,0.0175,0.9,0.5,5.0,completion,failures,count,0.0
angle_variance_penalty,0.2,0.01,0.1,1.0,0.3535533905932736,0.175,0.0175,0.9,0.5,5.0,completion,errors,count,0.0
angle_variance_penalty,0.2,0.01,0.1,1.0,0.3535533905932736,0.175,0.0175,0.9,0.5,5.0,completion,data or metrics missing,count,0.0
angle_variance_penalty,0.2,0.01,0.1,1.0,0.3535533905932736,0.175,0.0175,0.9,0.5,5.0,latency,latency,mean,0.003124087591240876
angle_variance_penalty,0.2,0.01,0.1,1.0,0.3535533905932736,0.175,0.0175,0.9,0.5,5.0,latency,latency,std_dev,0.0016003888919467234
angle_variance_penalty,0.2,0.01,0.1,1.0,0.3535533905932736,0.175,0.0175,0.9,0.5,5.0,latency,latency,median,0.003
angle_variance_penalty,0.2,0.01,0.1,1.0,0.3535533905932736,0.175,0.0175,0.9,0.5,5.0,latency,latency,min,0.0
angle_variance_penalty,0.2,0.01,0.1,1.0,0.3535533905932736,0.175,0.0175,0.9,0.5,5.0,latency,latency,max,0.008
angle_variance_penalty,0.2,0.01,0.1,1.0,0.3535533905932736,0.175,0.0175,0.9,0.5,5.0,cov,trace,mean,0.005549323943661972
angle_variance_penalty,0.2,0.01,0.1,1.0,0.3535533905932736,0.175,0.0175,0.9,0.5,5.0,cov,trace,std_dev,0.0025414872172297453
angle_variance_penalty,0.2,0.01,0.1,1.0,0.3535533905932736,0.175,0.0175,0.9,0.5,5.0,cov,trace,median,0.0048395
angle_variance_penalty,0.2,0.01,0.1,1.0,0.3535533905932736,0.175,0.0175,0.9,0.5,5.0,cov,trace,min,0.002608
angle_variance_penalty,0.2,0.01,0.1,1.0,0.3535533905932736,0.175,0.0175,0.9,0.5,5.0,cov,trace,max,0.022616
angle_variance_penalty,0.2,0.01,0.1,1.0,0.3535533905932736,0.175,0.0175,0.9,0.5,5.0,cov,trace,rmse,0.006103618066937204
angle_variance_penalty,0.2,0.01,0.1,1.0,0.3535533905932736,0.175,0.0175,0.9,0.5,5.0,cov,det,mean,3.485717293943661e-10
angle_variance_penalty,0.2,0.01,0.1,1.0,0.3535533905932736,0.175,0.0175,0.9,0.5,5.0,cov,det,std_dev,3.4757195114883623e-10
angle_variance_penalty,0.2,0.01,0.1,1.0,0.3535533905932736,0.175,0.0175,0.9,0.5,5.0,cov,det,median,2.4483304200000016e-10
angle_variance_penalty,0.2,0.01,0.1,1.0,0.3535533905932736,0.175,0.0175,0.9,0.5,5.0,cov,det,min,5.6316477999999847e-11
angle_variance_penalty,0.2,0.01,0.1,1.0,0.3535533905932736,0.175,0.0175,0.9,0.5,5.0,cov,det,max,2.6428262020000033e-09
angle_variance_penalty,0.2,0.01,0.1,1.0,0.3535533905932736,0.175,0.0175,0.9,0.5,5.0,cov,det,rmse,4.922484248409416e-10
angle_variance_penalty,0.2,0.01,0.1,1.0,0.49999999999999983,0.175,0.0175,0.9,0.5,5.0,traj,APE,mean,0.08403312346813473
angle_variance_penalty,0.2,0.01,0.1,1.0,0.49999999999999983,0.175,0.0175,0.9,0.5,5.0,traj,APE,std_dev,0.05827186796842248
angle_variance_penalty,0.2,0.01,0.1,1.0,0.49999999999999983,0.175,0.0175,0.9,0.5,5.0,traj,APE,median,0.06356290052403278
angle_variance_penalty,0.2,0.01,0.1,1.0,0.49999999999999983,0.175,0.0175,0.9,0.5,5.0,traj,APE,min,5.421010862427522e-20
angle_variance_penalty,0.2,0.01,0.1,1.0,0.49999999999999983,0.175,0.0175,0.9,0.5,5.0,traj,APE,max,0.2554001333089926
angle_variance_penalty,0.2,0.01,0.1,1.0,0.49999999999999983,0.175,0.0175,0.9,0.5,5.0,traj,APE,rmse,0.10226033657454897
angle_variance_penalty,0.2,0.01,0.1,1.0,0.49999999999999983,0.175,0.0175,0.9,0.5,5.0,traj,RPE,mean,0.04964345564504542
angle_variance_penalty,0.2,0.01,0.1,1.0,0.49999999999999983,0.175,0.0175,0.9,0.5,5.0,traj,RPE,std_dev,0.026371878233480407
angle_variance_penalty,0.2,0.01,0.1,1.0,0.49999999999999983,0.175,0.0175,0.9,0.5,5.0,traj,RPE,median,0.04218872944055606
angle_variance_penalty,0.2,0.01,0.1,1.0,0.49999999999999983,0.175,0.0175,0.9,0.5,5.0,traj,RPE,min,0.009019031555292076
angle_variance_penalty,0.2,0.01,0.1,1.0,0.49999999999999983,0.175,0.0175,0.9,0.5,5.0,traj,RPE,max,0.12865652886865395
angle_variance_penalty,0.2,0.01,0.1,1.0,0.49999999999999983,0.175,0.0175,0.9,0.5,5.0,traj,RPE,rmse,0.05621342055010628
angle_variance_penalty,0.2,0.01,0.1,1.0,0.49999999999999983,0.175,0.0175,0.9,0.5,5.0,traj,num associated poses,mean,28.0
angle_variance_penalty,0.2,0.01,0.1,1.0,0.49999999999999983,0.175,0.0175,0.9,0.5,5.0,traj,num associated poses,std_dev,0.6324555320336759
angle_variance_penalty,0.2,0.01,0.1,1.0,0.49999999999999983,0.175,0.0175,0.9,0.5,5.0,traj,num associated poses,median,28.0
angle_variance_penalty,0.2,0.01,0.1,1.0,0.49999999999999983,0.175,0.0175,0.9,0.5,5.0,traj,num associated poses,min,27.0
angle_variance_penalty,0.2,0.01,0.1,1.0,0.49999999999999983,0.175,0.0175,0.9,0.5,5.0,traj,num associated poses,max,29.0
angle_variance_penalty,0.2,0.01,0.1,1.0,0.49999999999999983,0.175,0.0175,0.9,0.5,5.0,traj,num gt poses,mean,175.6
angle_variance_penalty,0.2,0.01,0.1,1.0,0.49999999999999983,0.175,0.0175,0.9,0.5,5.0,traj,num gt poses,std_dev,5.314132102234569
angle_variance_penalty,0.2,0.01,0.1,1.0,0.49999999999999983,0.175,0.0175,0.9,0.5,5.0,traj,num gt poses,median,173.0
angle_variance_penalty,0.2,0.01,0.1,1.0,0.49999999999999983,0.175,0.0175,0.9,0.5,5.0,traj,num gt poses,min,172.0
angle_variance_penalty,0.2,0.01,0.1,1.0,0.49999999999999983,0.175,0.0175,0.9,0.5,5.0,traj,num gt poses,max,186.0
angle_variance_penalty,0.2,0.01,0.1,1.0,0.49999999999999983,0.175,0.0175,0.9,0.5,5.0,traj,odom accum path length (m),mean,11.5303264
angle_variance_penalty,0.2,0.01,0.1,1.0,0.49999999999999983,0.175,0.0175,0.9,0.5,5.0,traj,odom accum path length (m),std_dev,0.056899164301771554
angle_variance_penalty,0.2,0.01,0.1,1.0,0.49999999999999983,0.175,0.0175,0.9,0.5,5.0,traj,odom accum path length (m),median,11.545374
angle_variance_penalty,0.2,0.01,0.1,1.0,0.49999999999999983,0.175,0.0175,0.9,0.5,5.0,traj,odom accum path length (m),min,11.429536
angle_variance_penalty,0.2,0.01,0.1,1.0,0.49999999999999983,0.175,0.0175,0.9,0.5,5.0,traj,odom accum path length (m),max,11.58768
angle_variance_penalty,0.2,0.01,0.1,1.0,0.49999999999999983,0.175,0.0175,0.9,0.5,5.0,traj,total rotation (rad),mean,9.6896782
angle_variance_penalty,0.2,0.01,0.1,1.0,0.49999999999999983,0.175,0.0175,0.9,0.5,5.0,traj,total rotation (rad),std_dev,0.6780037100693184
angle_variance_penalty,0.2,0.01,0.1,1.0,0.49999999999999983,0.175,0.0175,0.9,0.5,5.0,traj,total rotation (rad),median,9.43484
angle_variance_penalty,0.2,0.01,0.1,1.0,0.49999999999999983,0.175,0.0175,0.9,0.5,5.0,traj,total rotation (rad),min,9.134809
angle_variance_penalty,0.2,0.01,0.1,1.0,0.49999999999999983,0.175,0.0175,0.9,0.5,5.0,traj,total rotation (rad),max,11.026108
angle_variance_penalty,0.2,0.01,0.1,1.0,0.49999999999999983,0.175,0.0175,0.9,0.5,5.0,traj,duration (s),mean,24.032600000000002
angle_variance_penalty,0.2,0.01,0.1,1.0,0.49999999999999983,0.175,0.0175,0.9,0.5,5.0,traj,duration (s),std_dev,0.7043137369099086
angle_variance_penalty,0.2,0.01,0.1,1.0,0.49999999999999983,0.175,0.0175,0.9,0.5,5.0,traj,duration (s),median,23.769
angle_variance_penalty,0.2,0.01,0.1,1.0,0.49999999999999983,0.175,0.0175,0.9,0.5,5.0,traj,duration (s),min,23.502999999999997
angle_variance_penalty,0.2,0.01,0.1,1.0,0.49999999999999983,0.175,0.0175,0.9,0.5,5.0,traj,duration (s),max,25.418
angle_variance_penalty,0.2,0.01,0.1,1.0,0.49999999999999983,0.175,0.0175,0.9,0.5,5.0,completion,successes,count,5.0
angle_variance_penalty,0.2,0.01,0.1,1.0,0.49999999999999983,0.175,0.0175,0.9,0.5,5.0,completion,failures,count,0.0
angle_variance_penalty,0.2,0.01,0.1,1.0,0.49999999999999983,0.175,0.0175,0.9,0.5,5.0,completion,errors,count,0.0
angle_variance_penalty,0.2,0.01,0.1,1.0,0.49999999999999983,0.175,0.0175,0.9,0.5,5.0,completion,data or metrics missing,count,0.0
angle_variance_penalty,0.2,0.01,0.1,1.0,0.49999999999999983,0.175,0.0175,0.9,0.5,5.0,latency,latency,mean,0.0035857142857142867
angle_variance_penalty,0.2,0.01,0.1,1.0,0.49999999999999983,0.175,0.0175,0.9,0.5,5.0,latency,latency,std_dev,0.0030682375450171817
angle_variance_penalty,0.2,0.01,0.1,1.0,0.49999999999999983,0.175,0.0175,0.9,0.5,5.0,latency,latency,median,0.003
angle_variance_penalty,0.2,0.01,0.1,1.0,0.49999999999999983,0.175,0.0175,0.9,0.5,5.0,latency,latency,min,0.0
angle_variance_penalty,0.2,0.01,0.1,1.0,0.49999999999999983,0.175,0.0175,0.9,0.5,5.0,latency,latency,max,0.029
angle_variance_penalty,0.2,0.01,0.1,1.0,0.49999999999999983,0.175,0.0175,0.9,0.5,5.0,cov,trace,mean,0.0054913888888888885
angle_variance_penalty,0.2,0.01,0.1,1.0,0.49999999999999983,0.175,0.0175,0.9,0.5,5.0,cov,trace,std_dev,0.002034379116691896
angle_variance_penalty,0.2,0.01,0.1,1.0,0.49999999999999983,0.175,0.0175,0.9,0.5,5.0,cov,trace,median,0.004907
angle_variance_penalty,0.2,0.01,0.1,1.0,0.49999999999999983,0.175,0.0175,0.9,0.5,5.0,cov,trace,min,0.0023780000000000003
angle_variance_penalty,0.2,0.01,0.1,1.0,0.49999999999999983,0.175,0.0175,0.9,0.5,5.0,cov,trace,max,0.022263
angle_variance_penalty,0.2,0.01,0.1,1.0,0.49999999999999983,0.175,0.0175,0.9,0.5,5.0,cov,trace,rmse,0.005856112218822693
angle_variance_penalty,0.2,0.01,0.1,1.0,0.49999999999999983,0.175,0.0175,0.9,0.5,5.0,cov,det,mean,3.6124116531944423e-10
angle_variance_penalty,0.2,0.01,0.1,1.0,0.49999999999999983,0.175,0.0175,0.9,0.5,5.0,cov,det,std_dev,3.694622275645227e-10
angle_variance_penalty,0.2,0.01,0.1,1.0,0.49999999999999983,0.175,0.0175,0.9,0.5,5.0,cov,det,median,2.55910645e-10
angle_variance_penalty,0.2,0.01,0.1,1.0,0.49999999999999983,0.175,0.0175,0.9,0.5,5.0,cov,det,min,7.479976199999994e-11
angle_variance_penalty,0.2,0.01,0.1,1.0,0.49999999999999983,0.175,0.0175,0.9,0.5,5.0,cov,det,max,2.9796954800000005e-09
angle_variance_penalty,0.2,0.01,0.1,1.0,0.49999999999999983,0.175,0.0175,0.9,0.5,5.0,cov,det,rmse,5.167180247662057e-10
angle_variance_penalty,0.2,0.01,0.1,1.0,0.7071067811865474,0.175,0.0175,0.9,0.5,5.0,traj,APE,mean,0.0655843866215492
angle_variance_penalty,0.2,0.01,0.1,1.0,0.7071067811865474,0.175,0.0175,0.9,0.5,5.0,traj,APE,std_dev,0.04923620384580638
angle_variance_penalty,0.2,0.01,0.1,1.0,0.7071067811865474,0.175,0.0175,0.9,0.5,5.0,traj,APE,median,0.05019871760618823
angle_variance_penalty,0.2,0.01,0.1,1.0,0.7071067811865474,0.175,0.0175,0.9,0.5,5.0,traj,APE,min,5.421010862427522e-20
angle_variance_penalty,0.2,0.01,0.1,1.0,0.7071067811865474,0.175,0.0175,0.9,0.5,5.0,traj,APE,max,0.24993870722553335
angle_variance_penalty,0.2,0.01,0.1,1.0,0.7071067811865474,0.175,0.0175,0.9,0.5,5.0,traj,APE,rmse,0.08200924056269902
angle_variance_penalty,0.2,0.01,0.1,1.0,0.7071067811865474,0.175,0.0175,0.9,0.5,5.0,traj,RPE,mean,0.04511282456687853
angle_variance_penalty,0.2,0.01,0.1,1.0,0.7071067811865474,0.175,0.0175,0.9,0.5,5.0,traj,RPE,std_dev,0.02500516990789914
angle_variance_penalty,0.2,0.01,0.1,1.0,0.7071067811865474,0.175,0.0175,0.9,0.5,5.0,traj,RPE,median,0.03873888837724612
angle_variance_penalty,0.2,0.01,0.1,1.0,0.7071067811865474,0.175,0.0175,0.9,0.5,5.0,traj,RPE,min,0.01287826365221063
angle_variance_penalty,0.2,0.01,0.1,1.0,0.7071067811865474,0.175,0.0175,0.9,0.5,5.0,traj,RPE,max,0.14859408028853388
angle_variance_penalty,0.2,0.01,0.1,1.0,0.7071067811865474,0.175,0.0175,0.9,0.5,5.0,traj,RPE,rmse,0.05157931235025205
angle_variance_penalty,0.2,0.01,0.1,1.0,0.7071067811865474,0.175,0.0175,0.9,0.5,5.0,traj,num associated poses,mean,28.4
angle_variance_penalty,0.2,0.01,0.1,1.0,0.7071067811865474,0.175,0.0175,0.9,0.5,5.0,traj,num associated poses,std_dev,1.019803902718557
angle_variance_penalty,0.2,0.01,0.1,1.0,0.7071067811865474,0.175,0.0175,0.9,0.5,5.0,traj,num associated poses,median,28.0
angle_variance_penalty,0.2,0.01,0.1,1.0,0.7071067811865474,0.175,0.0175,0.9,0.5,5.0,traj,num associated poses,min,27.0
angle_variance_penalty,0.2,0.01,0.1,1.0,0.7071067811865474,0.175,0.0175,0.9,0.5,5.0,traj,num associated poses,max,30.0
angle_variance_penalty,0.2,0.01,0.1,1.0,0.7071067811865474,0.175,0.0175,0.9,0.5,5.0,traj,num gt poses,mean,177.2
angle_variance_penalty,0.2,0.01,0.1,1.0,0.7071067811865474,0.175,0.0175,0.9,0.5,5.0,traj,num gt poses,std_dev,8.059776671843954
angle_variance_penalty,0.2,0.01,0.1,1.0,0.7071067811865474,0.175,0.0175,0.9,0.5,5.0,traj,num gt poses,median,173.0
angle_variance_penalty,0.2,0.01,0.1,1.0,0.7071067811865474,0.175,0.0175,0.9,0.5,5.0,traj,num gt poses,min,171.0
angle_variance_penalty,0.2,0.01,0.1,1.0,0.7071067811865474,0.175,0.0175,0.9,0.5,5.0,traj,num gt poses,max,193.0
angle_variance_penalty,0.2,0.01,0.1,1.0,0.7071067811865474,0.175,0.0175,0.9,0.5,5.0,traj,odom accum path length (m),mean,11.614817200000001
angle_variance_penalty,0.2,0.01,0.1,1.0,0.7071067811865474,0.175,0.0175,0.9,0.5,5.0,traj,odom accum path length (m),std_dev,0.10366195009047449
angle_variance_penalty,0.2,0.01,0.1,1.0,0.7071067811865474,0.175,0.0175,0.9,0.5,5.0,traj,odom accum path length (m),median,11.567963
angle_variance_penalty,0.2,0.01,0.1,1.0,0.7071067811865474,0.175,0.0175,0.9,0.5,5.0,traj,odom accum path length (m),min,11.524975
angle_variance_penalty,0.2,0.01,0.1,1.0,0.7071067811865474,0.175,0.0175,0.9,0.5,5.0,traj,odom accum path length (m),max,11.807026
angle_variance_penalty,0.2,0.01,0.1,1.0,0.7071067811865474,0.175,0.0175,0.9,0.5,5.0,traj,total rotation (rad),mean,10.127042399999999
angle_variance_penalty,0.2,0.01,0.1,1.0,0.7071067811865474,0.175,0.0175,0.9,0.5,5.0,traj,total rotation (rad),std_dev,0.7275786613689547
angle_variance_penalty,0.2,0.01,0.1,1.0,0.7071067811865474,0.175,0.0175,0.9,0.5,5.0,traj,total rotation (rad),median,9.757216
angle_variance_penalty,0.2,0.01,0.1,1.0,0.7071067811865474,0.175,0.0175,0.9,0.5,5.0,traj,total rotation (rad),min,9.45319
angle_variance_penalty,0.2,0.01,0.1,1.0,0.7071067811865474,0.175,0.0175,0.9,0.5,5.0,traj,total rotation (rad),max,11.481774
angle_variance_penalty,0.2,0.01,0.1,1.0,0.7071067811865474,0.175,0.0175,0.9,0.5,5.0,traj,duration (s),mean,24.2686
angle_variance_penalty,0.2,0.01,0.1,1.0,0.7071067811865474,0.175,0.0175,0.9,0.5,5.0,traj,duration (s),std_dev,1.1742154146492878
angle_variance_penalty,0.2,0.01,0.1,1.0,0.7071067811865474,0.175,0.0175,0.9,0.5,5.0,traj,duration (s),median,23.739
angle_variance_penalty,0.2,0.01,0.1,1.0,0.7071067811865474,0.175,0.0175,0.9,0.5,5.0,traj,duration (s),min,23.39
angle_variance_penalty,0.2,0.01,0.1,1.0,0.7071067811865474,0.175,0.0175,0.9,0.5,5.0,traj,duration (s),max,26.589
angle_variance_penalty,0.2,0.01,0.1,1.0,0.7071067811865474,0.175,0.0175,0.9,0.5,5.0,completion,successes,count,5.0
angle_variance_penalty,0.2,0.01,0.1,1.0,0.7071067811865474,0.175,0.0175,0.9,0.5,5.0,completion,failures,count,0.0
angle_variance_penalty,0.2,0.01,0.1,1.0,0.7071067811865474,0.175,0.0175,0.9,0.5,5.0,completion,errors,count,0.0
angle_variance_penalty,0.2,0.01,0.1,1.0,0.7071067811865474,0.175,0.0175,0.9,0.5,5.0,completion,data or metrics missing,count,0.0
angle_variance_penalty,0.2,0.01,0.1,1.0,0.7071067811865474,0.175,0.0175,0.9,0.5,5.0,latency,latency,mean,0.0026690140845070424
angle_variance_penalty,0.2,0.01,0.1,1.0,0.7071067811865474,0.175,0.0175,0.9,0.5,5.0,latency,latency,std_dev,0.0011910572353290986
angle_variance_penalty,0.2,0.01,0.1,1.0,0.7071067811865474,0.175,0.0175,0.9,0.5,5.0,latency,latency,median,0.003
angle_variance_penalty,0.2,0.01,0.1,1.0,0.7071067811865474,0.175,0.0175,0.9,0.5,5.0,latency,latency,min,0.0
angle_variance_penalty,0.2,0.01,0.1,1.0,0.7071067811865474,0.175,0.0175,0.9,0.5,5.0,latency,latency,max,0.007
angle_variance_penalty,0.2,0.01,0.1,1.0,0.7071067811865474,0.175,0.0175,0.9,0.5,5.0,cov,trace,mean,0.005382828767123288
angle_variance_penalty,0.2,0.01,0.1,1.0,0.7071067811865474,0.175,0.0175,0.9,0.5,5.0,cov,trace,std_dev,0.0016004701593448328
angle_variance_penalty,0.2,0.01,0.1,1.0,0.7071067811865474,0.175,0.0175,0.9,0.5,5.0,cov,trace,median,0.0049405000000000004
angle_variance_penalty,0.2,0.01,0.1,1.0,0.7071067811865474,0.175,0.0175,0.9,0.5,5.0,cov,trace,min,0.002471
angle_variance_penalty,0.2,0.01,0.1,1.0,0.7071067811865474,0.175,0.0175,0.9,0.5,5.0,cov,trace,max,0.012307
angle_variance_penalty,0.2,0.01,0.1,1.0,0.7071067811865474,0.175,0.0175,0.9,0.5,5.0,cov,trace,rmse,0.005615723485635959
angle_variance_penalty,0.2,0.01,0.1,1.0,0.7071067811865474,0.175,0.0175,0.9,0.5,5.0,cov,det,mean,3.2266079547945195e-10
angle_variance_penalty,0.2,0.01,0.1,1.0,0.7071067811865474,0.175,0.0175,0.9,0.5,5.0,cov,det,std_dev,2.5929733604290636e-10
angle_variance_penalty,0.2,0.01,0.1,1.0,0.7071067811865474,0.175,0.0175,0.9,0.5,5.0,cov,det,median,2.5491795199999984e-10
angle_variance_penalty,0.2,0.01,0.1,1.0,0.7071067811865474,0.175,0.0175,0.9,0.5,5.0,cov,det,min,4.570863199999998e-11
angle_variance_penalty,0.2,0.01,0.1,1.0,0.7071067811865474,0.175,0.0175,0.9,0.5,5.0,cov,det,max,1.7634866879999972e-09
angle_variance_penalty,0.2,0.01,0.1,1.0,0.7071067811865474,0.175,0.0175,0.9,0.5,5.0,cov,det,rmse,4.1393851888702093e-10
angle_variance_penalty,0.2,0.01,0.1,1.0,0.9999999999999998,0.175,0.0175,0.9,0.5,5.0,traj,APE,mean,0.0749375762917355
angle_variance_penalty,0.2,0.01,0.1,1.0,0.9999999999999998,0.175,0.0175,0.9,0.5,5.0,traj,APE,std_dev,0.06118113554625351
angle_variance_penalty,0.2,0.01,0.1,1.0,0.9999999999999998,0.175,0.0175,0.9,0.5,5.0,traj,APE,median,0.052107702273384
angle_variance_penalty,0.2,0.01,0.1,1.0,0.9999999999999998,0.175,0.0175,0.9,0.5,5.0,traj,APE,min,8.131516293641283e-19
angle_variance_penalty,0.2,0.01,0.1,1.0,0.9999999999999998,0.175,0.0175,0.9,0.5,5.0,traj,APE,max,0.2773189584882225
angle_variance_penalty,0.2,0.01,0.1,1.0,0.9999999999999998,0.175,0.0175,0.9,0.5,5.0,traj,APE,rmse,0.09674074471084416
angle_variance_penalty,0.2,0.01,0.1,1.0,0.9999999999999998,0.175,0.0175,0.9,0.5,5.0,traj,RPE,mean,0.04579114304632369
angle_variance_penalty,0.2,0.01,0.1,1.0,0.9999999999999998,0.175,0.0175,0.9,0.5,5.0,traj,RPE,std_dev,0.028334258626356378
angle_variance_penalty,0.2,0.01,0.1,1.0,0.9999999999999998,0.175,0.0175,0.9,0.5,5.0,traj,RPE,median,0.037691507277871565
angle_variance_penalty,0.2,0.01,0.1,1.0,0.9999999999999998,0.175,0.0175,0.9,0.5,5.0,traj,RPE,min,0.006648040554502332
angle_variance_penalty,0.2,0.01,0.1,1.0,0.9999999999999998,0.175,0.0175,0.9,0.5,5.0,traj,RPE,max,0.16612303518753138
angle_variance_penalty,0.2,0.01,0.1,1.0,0.9999999999999998,0.175,0.0175,0.9,0.5,5.0,traj,RPE,rmse,0.05384848181141349
angle_variance_penalty,0.2,0.01,0.1,1.0,0.9999999999999998,0.175,0.0175,0.9,0.5,5.0,traj,num associated poses,mean,28.0
angle_variance_penalty,0.2,0.01,0.1,1.0,0.9999999999999998,0.175,0.0175,0.9,0.5,5.0,traj,num associated poses,std_dev,0.6324555320336759
angle_variance_penalty,0.2,0.01,0.1,1.0,0.9999999999999998,0.175,0.0175,0.9,0.5,5.0,traj,num associated poses,median,28.0
angle_variance_penalty,0.2,0.01,0.1,1.0,0.9999999999999998,0.175,0.0175,0.9,0.5,5.0,traj,num associated poses,min,27.0
angle_variance_penalty,0.2,0.01,0.1,1.0,0.9999999999999998,0.175,0.0175,0.9,0.5,5.0,traj,num associated poses,max,29.0
angle_variance_penalty,0.2,0.01,0.1,1.0,0.9999999999999998,0.175,0.0175,0.9,0.5,5.0,traj,num gt poses,mean,172.6
angle_variance_penalty,0.2,0.01,0.1,1.0,0.9999999999999998,0.175,0.0175,0.9,0.5,5.0,traj,num gt poses,std_dev,1.7435595774162693
angle_variance_penalty,0.2,0.01,0.1,1.0,0.9999999999999998,0.175,0.0175,0.9,0.5,5.0,traj,num gt poses,median,172.0
angle_variance_penalty,0.2,0.01,0.1,1.0,0.9999999999999998,0.175,0.0175,0.9,0.5,5.0,traj,num gt poses,min,170.0
angle_variance_penalty,0.2,0.01,0.1,1.0,0.9999999999999998,0.175,0.0175,0.9,0.5,5.0,traj,num gt poses,max,175.0
angle_variance_penalty,0.2,0.01,0.1,1.0,0.9999999999999998,0.175,0.0175,0.9,0.5,5.0,traj,odom accum path length (m),mean,11.4959746
angle_variance_penalty,0.2,0.01,0.1,1.0,0.9999999999999998,0.175,0.0175,0.9,0.5,5.0,traj,odom accum path length (m),std_dev,0.04748638645169761
angle_variance_penalty,0.2,0.01,0.1,1.0,0.9999999999999998,0.175,0.0175,0.9,0.5,5.0,traj,odom accum path length (m),median,11.483291
angle_variance_penalty,0.2,0.01,0.1,1.0,0.9999999999999998,0.175,0.0175,0.9,0.5,5.0,traj,odom accum path length (m),min,11.45752
angle_variance_penalty,0.2,0.01,0.1,1.0,0.9999999999999998,0.175,0.0175,0.9,0.5,5.0,traj,odom accum path length (m),max,11.588662
angle_variance_penalty,0.2,0.01,0.1,1.0,0.9999999999999998,0.175,0.0175,0.9,0.5,5.0,traj,total rotation (rad),mean,9.670955
angle_variance_penalty,0.2,0.01,0.1,1.0,0.9999999999999998,0.175,0.0175,0.9,0.5,5.0,traj,total rotation (rad),std_dev,0.4247817028451201
angle_variance_penalty,0.2,0.01,0.1,1.0,0.9999999999999998,0.175,0.0175,0.9,0.5,5.0,traj,total rotation (rad),median,9.441897
angle_variance_penalty,0.2,0.01,0.1,1.0,0.9999999999999998,0.175,0.0175,0.9,0.5,5.0,traj,total rotation (rad),min,9.283201
angle_variance_penalty,0.2,0.01,0.1,1.0,0.9999999999999998,0.175,0.0175,0.9,0.5,5.0,traj,total rotation (rad),max,10.441423
angle_variance_penalty,0.2,0.01,0.1,1.0,0.9999999999999998,0.175,0.0175,0.9,0.5,5.0,traj,duration (s),mean,23.6274
angle_variance_penalty,0.2,0.01,0.1,1.0,0.9999999999999998,0.175,0.0175,0.9,0.5,5.0,traj,duration (s),std_dev,0.21433394504837328
angle_variance_penalty,0.2,0.01,0.1,1.0,0.9999999999999998,0.175,0.0175,0.9,0.5,5.0,traj,duration (s),median,23.542
angle_variance_penalty,0.2,0.01,0.1,1.0,0.9999999999999998,0.175,0.0175,0.9,0.5,5.0,traj,duration (s),min,23.374000000000002
angle_variance_penalty,0.2,0.01,0.1,1.0,0.9999999999999998,0.175,0.0175,0.9,0.5,5.0,traj,duration (s),max,23.976999999999997
angle_variance_penalty,0.2,0.01,0.1,1.0,0.9999999999999998,0.175,0.0175,0.9,0.5,5.0,completion,successes,count,5.0
angle_variance_penalty,0.2,0.01,0.1,1.0,0.9999999999999998,0.175,0.0175,0.9,0.5,5.0,completion,failures,count,0.0
angle_variance_penalty,0.2,0.01,0.1,1.0,0.9999999999999998,0.175,0.0175,0.9,0.5,5.0,completion,errors,count,0.0
angle_variance_penalty,0.2,0.01,0.1,1.0,0.9999999999999998,0.175,0.0175,0.9,0.5,5.0,completion,data or metrics missing,count,0.0
angle_variance_penalty,0.2,0.01,0.1,1.0,0.9999999999999998,0.175,0.0175,0.9,0.5,5.0,latency,latency,mean,0.004071428571428572
angle_variance_penalty,0.2,0.01,0.1,1.0,0.9999999999999998,0.175,0.0175,0.9,0.5,5.0,latency,latency,std_dev,0.004402341677436903
angle_variance_penalty,0.2,0.01,0.1,1.0,0.9999999999999998,0.175,0.0175,0.9,0.5,5.0,latency,latency,median,0.003
angle_variance_penalty,0.2,0.01,0.1,1.0,0.9999999999999998,0.175,0.0175,0.9,0.5,5.0,latency,latency,min,0.0
angle_variance_penalty,0.2,0.01,0.1,1.0,0.9999999999999998,0.175,0.0175,0.9,0.5,5.0,latency,latency,max,0.023000000000000003
angle_variance_penalty,0.2,0.01,0.1,1.0,0.9999999999999998,0.175,0.0175,0.9,0.5,5.0,cov,trace,mean,0.005529255172413793
angle_variance_penalty,0.2,0.01,0.1,1.0,0.9999999999999998,0.175,0.0175,0.9,0.5,5.0,cov,trace,std_dev,0.0018087974621347107
angle_variance_penalty,0.2,0.01,0.1,1.0,0.9999999999999998,0.175,0.0175,0.9,0.5,5.0,cov,trace,median,0.004992999999999999
angle_variance_penalty,0.2,0.01,0.1,1.0,0.9999999999999998,0.175,0.0175,0.9,0.5,5.0,cov,trace,min,0.002669
angle_variance_penalty,0.2,0.01,0.1,1.0,0.9999999999999998,0.175,0.0175,0.9,0.5,5.0,cov,trace,max,0.019104
angle_variance_penalty,0.2,0.01,0.1,1.0,0.9999999999999998,0.175,0.0175,0.9,0.5,5.0,cov,trace,rmse,0.005817594951583485
angle_variance_penalty,0.2,0.01,0.1,1.0,0.9999999999999998,0.175,0.0175,0.9,0.5,5.0,cov,det,mean,3.412535394758619e-10
angle_variance_penalty,0.2,0.01,0.1,1.0,0.9999999999999998,0.175,0.0175,0.9,0.5,5.0,cov,det,std_dev,2.3933438745467106e-10
angle_variance_penalty,0.2,0.01,0.1,1.0,0.9999999999999998,0.175,0.0175,0.9,0.5,5.0,cov,det,median,2.7455285999999997e-10
angle_variance_penalty,0.2,0.01,0.1,1.0,0.9999999999999998,0.175,0.0175,0.9,0.5,5.0,cov,det,min,6.3729056e-11
angle_variance_penalty,0.2,0.01,0.1,1.0,0.9999999999999998,0.175,0.0175,0.9,0.5,5.0,cov,det,max,1.125433704000001e-09
angle_variance_penalty,0.2,0.01,0.1,1.0,0.9999999999999998,0.175,0.0175,0.9,0.5,5.0,cov,det,rmse,4.1681521951952074e-10
angle_variance_penalty,0.2,0.01,0.1,1.0,1.414213562373095,0.175,0.0175,0.9,0.5,5.0,traj,APE,mean,0.07312815737230179
angle_variance_penalty,0.2,0.01,0.1,1.0,1.414213562373095,0.175,0.0175,0.9,0.5,5.0,traj,APE,std_dev,0.06142124578568506
angle_variance_penalty,0.2,0.01,0.1,1.0,1.414213562373095,0.175,0.0175,0.9,0.5,5.0,traj,APE,median,0.05005942876360554
angle_variance_penalty,0.2,0.01,0.1,1.0,1.414213562373095,0.175,0.0175,0.9,0.5,5.0,traj,APE,min,1.0842021724855044e-19
angle_variance_penalty,0.2,0.01,0.1,1.0,1.414213562373095,0.175,0.0175,0.9,0.5,5.0,traj,APE,max,0.25468159430573817
angle_variance_penalty,0.2,0.01,0.1,1.0,1.414213562373095,0.175,0.0175,0.9,0.5,5.0,traj,APE,rmse,0.09550024520666778
angle_variance_penalty,0.2,0.01,0.1,1.0,1.414213562373095,0.175,0.0175,0.9,0.5,5.0,traj,RPE,mean,0.05081071983687921
angle_variance_penalty,0.2,0.01,0.1,1.0,1.414213562373095,0.175,0.0175,0.9,0.5,5.0,traj,RPE,std_dev,0.03177523422563551
angle_variance_penalty,0.2,0.01,0.1,1.0,1.414213562373095,0.175,0.0175,0.9,0.5,5.0,traj,RPE,median,0.04069320280975347
angle_variance_penalty,0.2,0.01,0.1,1.0,1.414213562373095,0.175,0.0175,0.9,0.5,5.0,traj,RPE,min,0.013417359392717397
angle_variance_penalty,0.2,0.01,0.1,1.0,1.414213562373095,0.175,0.0175,0.9,0.5,5.0,traj,RPE,max,0.20026851241340923
angle_variance_penalty,0.2,0.01,0.1,1.0,1.414213562373095,0.175,0.0175,0.9,0.5,5.0,traj,RPE,rmse,0.05992824676591021
angle_variance_penalty,0.2,0.01,0.1,1.0,1.414213562373095,0.175,0.0175,0.9,0.5,5.0,traj,num associated poses,mean,27.6
angle_variance_penalty,0.2,0.01,0.1,1.0,1.414213562373095,0.175,0.0175,0.9,0.5,5.0,traj,num associated poses,std_dev,0.7999999999999999
angle_variance_penalty,0.2,0.01,0.1,1.0,1.414213562373095,0.175,0.0175,0.9,0.5,5.0,traj,num associated poses,median,27.0
angle_variance_penalty,0.2,0.01,0.1,1.0,1.414213562373095,0.175,0.0175,0.9,0.5,5.0,traj,num associated poses,min,27.0
angle_variance_penalty,0.2,0.01,0.1,1.0,1.414213562373095,0.175,0.0175,0.9,0.5,5.0,traj,num associated poses,max,29.0
angle_variance_penalty,0.2,0.01,0.1,1.0,1.414213562373095,0.175,0.0175,0.9,0.5,5.0,traj,num gt poses,mean,172.0
angle_variance_penalty,0.2,0.01,0.1,1.0,1.414213562373095,0.175,0.0175,0.9,0.5,5.0,traj,num gt poses,std_dev,0.8944271909999159
angle_variance_penalty,0.2,0.01,0.1,1.0,1.414213562373095,0.175,0.0175,0.9,0.5,5.0,traj,num gt poses,median,172.0
angle_variance_penalty,0.2,0.01,0.1,1.0,1.414213562373095,0.175,0.0175,0.9,0.5,5.0,traj,num gt poses,min,171.0
angle_variance_penalty,0.2,0.01,0.1,1.0,1.414213562373095,0.175,0.0175,0.9,0.5,5.0,traj,num gt poses,max,173.0
angle_variance_penalty,0.2,0.01,0.1,1.0,1.414213562373095,0.175,0.0175,0.9,0.5,5.0,traj,odom accum path length (m),mean,11.4664188
angle_variance_penalty,0.2,0.01,0.1,1.0,1.414213562373095,0.175,0.0175,0.9,0.5,5.0,traj,odom accum path length (m),std_dev,0.046332964974842614
angle_variance_penalty,0.2,0.01,0.1,1.0,1.414213562373095,0.175,0.0175,0.9,0.5,5.0,traj,odom accum path length (m),median,11.473215
angle_variance_penalty,0.2,0.01,0.1,1.0,1.414213562373095,0.175,0.0175,0.9,0.5,5.0,traj,odom accum path length (m),min,11.412927
angle_variance_penalty,0.2,0.01,0.1,1.0,1.414213562373095,0.175,0.0175,0.9,0.5,5.0,traj,odom accum path length (m),max,11.531063
angle_variance_penalty,0.2,0.01,0.1,1.0,1.414213562373095,0.175,0.0175,0.9,0.5,5.0,traj,total rotation (rad),mean,9.217319999999999
angle_variance_penalty,0.2,0.01,0.1,1.0,1.414213562373095,0.175,0.0175,0.9,0.5,5.0,traj,total rotation (rad),std_dev,0.10592553166069071
angle_variance_penalty,0.2,0.01,0.1,1.0,1.414213562373095,0.175,0.0175,0.9,0.5,5.0,traj,total rotation (rad),median,9.263846
angle_variance_penalty,0.2,0.01,0.1,1.0,1.414213562373095,0.175,0.0175,0.9,0.5,5.0,traj,total rotation (rad),min,9.059368
angle_variance_penalty,0.2,0.01,0.1,1.0,1.414213562373095,0.175,0.0175,0.9,0.5,5.0,traj,total rotation (rad),max,9.319574
angle_variance_penalty,0.2,0.01,0.1,1.0,1.414213562373095,0.175,0.0175,0.9,0.5,5.0,traj,duration (s),mean,23.5494
angle_variance_penalty,0.2,0.01,0.1,1.0,1.414213562373095,0.175,0.0175,0.9,0.5,5.0,traj,duration (s),std_dev,0.1308091739902058
angle_variance_penalty,0.2,0.01,0.1,1.0,1.414213562373095,0.175,0.0175,0.9,0.5,5.0,traj,duration (s),median,23.601
angle_variance_penalty,0.2,0.01,0.1,1.0,1.414213562373095,0.175,0.0175,0.9,0.5,5.0,traj,duration (s),min,23.369
angle_variance_penalty,0.2,0.01,0.1,1.0,1.414213562373095,0.175,0.0175,0.9,0.5,5.0,traj,duration (s),max,23.723
angle_variance_penalty,0.2,0.01,0.1,1.0,1.414213562373095,0.175,0.0175,0.9,0.5,5.0,completion,successes,count,5.0
angle_variance_penalty,0.2,0.01,0.1,1.0,1.414213562373095,0.175,0.0175,0.9,0.5,5.0,completion,failures,count,0.0
angle_variance_penalty,0.2,0.01,0.1,1.0,1.414213562373095,0.175,0.0175,0.9,0.5,5.0,completion,errors,count,0.0
angle_variance_penalty,0.2,0.01,0.1,1.0,1.414213562373095,0.175,0.0175,0.9,0.5,5.0,completion,data or metrics missing,count,0.0
angle_variance_penalty,0.2,0.01,0.1,1.0,1.414213562373095,0.175,0.0175,0.9,0.5,5.0,latency,latency,mean,0.0049855072463768114
angle_variance_penalty,0.2,0.01,0.1,1.0,1.414213562373095,0.175,0.0175,0.9,0.5,5.0,latency,latency,std_dev,0.0027635974959303875
angle_variance_penalty,0.2,0.01,0.1,1.0,1.414213562373095,0.175,0.0175,0.9,0.5,5.0,latency,latency,median,0.0055
angle_variance_penalty,0.2,0.01,0.1,1.0,1.414213562373095,0.175,0.0175,0.9,0.5,5.0,latency,latency,min,0.0
angle_variance_penalty,0.2,0.01,0.1,1.0,1.414213562373095,0.175,0.0175,0.9,0.5,5.0,latency,latency,max,0.01
angle_variance_penalty,0.2,0.01,0.1,1.0,1.414213562373095,0.175,0.0175,0.9,0.5,5.0,cov,trace,mean,0.005592457746478872
angle_variance_penalty,0.2,0.01,0.1,1.0,1.414213562373095,0.175,0.0175,0.9,0.5,5.0,cov,trace,std_dev,0.002354762102224723
angle_variance_penalty,0.2,0.01,0.1,1.0,1.414213562373095,0.175,0.0175,0.9,0.5,5.0,cov,trace,median,0.004997
angle_variance_penalty,0.2,0.01,0.1,1.0,1.414213562373095,0.175,0.0175,0.9,0.5,5.0,cov,trace,min,0.00254
angle_variance_penalty,0.2,0.01,0.1,1.0,1.414213562373095,0.175,0.0175,0.9,0.5,5.0,cov,trace,max,0.022164
angle_variance_penalty,0.2,0.01,0.1,1.0,1.414213562373095,0.175,0.0175,0.9,0.5,5.0,cov,trace,rmse,0.006067988810489465
angle_variance_penalty,0.2,0.01,0.1,1.0,1.414213562373095,0.175,0.0175,0.9,0.5,5.0,cov,det,mean,3.527958801478871e-10
angle_variance_penalty,0.2,0.01,0.1,1.0,1.414213562373095,0.175,0.0175,0.9,0.5,5.0,cov,det,std_dev,3.2268662520111776e-10
angle_variance_penalty,0.2,0.01,0.1,1.0,1.414213562373095,0.175,0.0175,0.9,0.5,5.0,cov,det,median,2.3740531599999935e-10
angle_variance_penalty,0.2,0.01,0.1,1.0,1.414213562373095,0.175,0.0175,0.9,0.5,5.0,cov,det,min,4.859091900000002e-11
angle_variance_penalty,0.2,0.01,0.1,1.0,1.414213562373095,0.175,0.0175,0.9,0.5,5.0,cov,det,max,1.829323157000001e-09
angle_variance_penalty,0.2,0.01,0.1,1.0,1.414213562373095,0.175,0.0175,0.9,0.5,5.0,cov,det,rmse,4.781125297803948e-10
angle_variance_penalty,0.2,0.01,0.1,1.0,2.0,0.175,0.0175,0.9,0.5,5.0,traj,APE,mean,0.08583827924328631
angle_variance_penalty,0.2,0.01,0.1,1.0,2.0,0.175,0.0175,0.9,0.5,5.0,traj,APE,std_dev,0.07660909185131047
angle_variance_penalty,0.2,0.01,0.1,1.0,2.0,0.175,0.0175,0.9,0.5,5.0,traj,APE,median,0.06138030091007854
angle_variance_penalty,0.2,0.01,0.1,1.0,2.0,0.175,0.0175,0.9,0.5,5.0,traj,APE,min,9.215718466126788e-19
angle_variance_penalty,0.2,0.01,0.1,1.0,2.0,0.175,0.0175,0.9,0.5,5.0,traj,APE,max,0.34613016258826435
angle_variance_penalty,0.2,0.01,0.1,1.0,2.0,0.175,0.0175,0.9,0.5,5.0,traj,APE,rmse,0.11505287105383734
angle_variance_penalty,0.2,0.01,0.1,1.0,2.0,0.175,0.0175,0.9,0.5,5.0,traj,RPE,mean,0.05523750175112572
angle_variance_penalty,0.2,0.01,0.1,1.0,2.0,0.175,0.0175,0.9,0.5,5.0,traj,RPE,std_dev,0.03431503558967174
angle_variance_penalty,0.2,0.01,0.1,1.0,2.0,0.175,0.0175,0.9,0.5,5.0,traj,RPE,median,0.044977936934921
angle_variance_penalty,0.2,0.01,0.1,1.0,2.0,0.175,0.0175,0.9,0.5,5.0,traj,RPE,min,0.01141261553631465
angle_variance_penalty,0.2,0.01,0.1,1.0,2.0,0.175,0.0175,0.9,0.5,5.0,traj,RPE,max,0.2036822194114987
angle_variance_penalty,0.2,0.01,0.1,1.0,2.0,0.175,0.0175,0.9,0.5,5.0,traj,RPE,rmse,0.06502848043146983
angle_variance_penalty,0.2,0.01,0.1,1.0,2.0,0.175,0.0175,0.9,0.5,5.0,traj,num associated poses,mean,28.2
angle_variance_penalty,0.2,0.01,0.1,1.0,2.0,0.175,0.0175,0.9,0.5,5.0,traj,num associated poses,std_dev,0.7483314773547882
angle_variance_penalty,0.2,0.01,0.1,1.0,2.0,0.175,0.0175,0.9,0.5,5.0,traj,num associated poses,median,28.0
angle_variance_penalty,0.2,0.01,0.1,1.0,2.0,0.175,0.0175,0.9,0.5,5.0,traj,num associated poses,min,27.0
angle_variance_penalty,0.2,0.01,0.1,1.0,2.0,0.175,0.0175,0.9,0.5,5.0,traj,num associated poses,max,29.0
angle_variance_penalty,0.2,0.01,0.1,1.0,2.0,0.175,0.0175,0.9,0.5,5.0,traj,num gt poses,mean,172.6
angle_variance_penalty,0.2,0.01,0.1,1.0,2.0,0.175,0.0175,0.9,0.5,5.0,traj,num gt poses,std_dev,3.1999999999999997
angle_variance_penalty,0.2,0.01,0.1,1.0,2.0,0.175,0.0175,0.9,0.5,5.0,traj,num gt poses,median,172.0
angle_variance_penalty,0.2,0.01,0.1,1.0,2.0,0.175,0.0175,0.9,0.5,5.0,traj,num gt poses,min,169.0
angle_variance_penalty,0.2,0.01,0.1,1.0,2.0,0.175,0.0175,0.9,0.5,5.0,traj,num gt poses,max,178.0
angle_variance_penalty,0.2,0.01,0.1,1.0,2.0,0.175,0.0175,0.9,0.5,5.0,traj,odom accum path length (m),mean,11.496976799999999
angle_variance_penalty,0.2,0.01,0.1,1.0,2.0,0.175,0.0175,0.9,0.5,5.0,traj,odom accum path length (m),std_dev,0.11432681494802546
angle_variance_penalty,0.2,0.01,0.1,1.0,2.0,0.175,0.0175,0.9,0.5,5.0,traj,odom accum path length (m),median,11.479491
angle_variance_penalty,0.2,0.01,0.1,1.0,2.0,0.175,0.0175,0.9,0.5,5.0,traj,odom accum path length (m),min,11.366435
angle_variance_penalty,0.2,0.01,0.1,1.0,2.0,0.175,0.0175,0.9,0.5,5.0,traj,odom accum path length (m),max,11.684621
angle_variance_penalty,0.2,0.01,0.1,1.0,2.0,0.175,0.0175,0.9,0.5,5.0,traj,total rotation (rad),mean,9.558471
angle_variance_penalty,0.2,0.01,0.1,1.0,2.0,0.175,0.0175,0.9,0.5,5.0,traj,total rotation (rad),std_dev,0.3910150640944669
angle_variance_penalty,0.2,0.01,0.1,1.0,2.0,0.175,0.0175,0.9,0.5,5.0,traj,total rotation (rad),median,9.529565
angle_variance_penalty,0.2,0.01,0.1,1.0,2.0,0.175,0.0175,0.9,0.5,5.0,traj,total rotation (rad),min,9.104092
angle_variance_penalty,0.2,0.01,0.1,1.0,2.0,0.175,0.0175,0.9,0.5,5.0,traj,total rotation (rad),max,10.110102
angle_variance_penalty,0.2,0.01,0.1,1.0,2.0,0.175,0.0175,0.9,0.5,5.0,traj,duration (s),mean,23.6732
angle_variance_penalty,0.2,0.01,0.1,1.0,2.0,0.175,0.0175,0.9,0.5,5.0,traj,duration (s),std_dev,0.38608206381545546
angle_variance_penalty,0.2,0.01,0.1,1.0,2.0,0.175,0.0175,0.9,0.5,5.0,traj,duration (s),median,23.673
angle_variance_penalty,0.2,0.01,0.1,1.0,2.0,0.175,0.0175,0.9,0.5,5.0,traj,duration (s),min,23.208999999999996
angle_variance_penalty,0.2,0.01,0.1,1.0,2.0,0.175,0.0175,0.9,0.5,5.0,traj,duration (s),max,24.307000000000002
angle_variance_penalty,0.2,0.01,0.1,1.0,2.0,0.175,0.0175,0.9,0.5,5.0,completion,successes,count,5.0
angle_variance_penalty,0.2,0.01,0.1,1.0,2.0,0.175,0.0175,0.9,0.5,5.0,completion,failures,count,0.0
angle_variance_penalty,0.2,0.01,0.1,1.0,2.0,0.175,0.0175,0.9,0.5,5.0,completion,errors,count,0.0
angle_variance_penalty,0.2,0.01,0.1,1.0,2.0,0.175,0.0175,0.9,0.5,5.0,completion,data or metrics missing,count,0.0
angle_variance_penalty,0.2,0.01,0.1,1.0,2.0,0.175,0.0175,0.9,0.5,5.0,latency,latency,mean,0.0030283687943262415
angle_variance_penalty,0.2,0.01,0.1,1.0,2.0,0.175,0.0175,0.9,0.5,5.0,latency,latency,std_dev,0.0013576328084994665
angle_variance_penalty,0.2,0.01,0.1,1.0,2.0,0.175,0.0175,0.9,0.5,5.0,latency,latency,median,0.003
angle_variance_penalty,0.2,0.01,0.1,1.0,2.0,0.175,0.0175,0.9,0.5,5.0,latency,latency,min,0.0
angle_variance_penalty,0.2,0.01,0.1,1.0,2.0,0.175,0.0175,0.9,0.5,5.0,latency,latency,max,0.007
angle_variance_penalty,0.2,0.01,0.1,1.0,2.0,0.175,0.0175,0.9,0.5,5.0,cov,trace,mean,0.0055140616438356166
angle_variance_penalty,0.2,0.01,0.1,1.0,2.0,0.175,0.0175,0.9,0.5,5.0,cov,trace,std_dev,0.0014607248445694704
angle_variance_penalty,0.2,0.01,0.1,1.0,2.0,0.175,0.0175,0.9,0.5,5.0,cov,trace,median,0.005054
angle_variance_penalty,0.2,0.01,0.1,1.0,2.0,0.175,0.0175,0.9,0.5,5.0,cov,trace,min,0.0025050000000000003
angle_variance_penalty,0.2,0.01,0.1,1.0,2.0,0.175,0.0175,0.9,0.5,5.0,cov,trace,max,0.010258999999999999
angle_variance_penalty,0.2,0.01,0.1,1.0,2.0,0.175,0.0175,0.9,0.5,5.0,cov,trace,rmse,0.005704260941047634
angle_variance_penalty,0.2,0.01,0.1,1.0,2.0,0.175,0.0175,0.9,0.5,5.0,cov,det,mean,3.7813736695890395e-10
angle_variance_penalty,0.2,0.01,0.1,1.0,2.0,0.175,0.0175,0.9,0.5,5.0,cov,det,std_dev,2.7767428423507946e-10
angle_variance_penalty,0.2,0.01,0.1,1.0,2.0,0.175,0.0175,0.9,0.5,5.0,cov,det,median,2.8598271700000007e-10
angle_variance_penalty,0.2,0.01,0.1,1.0,2.0,0.175,0.0175,0.9,0.5,5.0,cov,det,min,5.027379399999995e-11
angle_variance_penalty,0.2,0.01,0.1,1.0,2.0,0.175,0.0175,0.9,0.5,5.0,cov,det,max,1.4388923359999964e-09
angle_variance_penalty,0.2,0.01,0.1,1.0,2.0,0.175,0.0175,0.9,0.5,5.0,cov,det,rmse,4.691384405653372e-10
angle_variance_penalty,0.2,0.01,0.1,1.0,2.8284271247461903,0.175,0.0175,0.9,0.5,5.0,traj,APE,mean,0.08416013959243643
angle_variance_penalty,0.2,0.01,0.1,1.0,2.8284271247461903,0.175,0.0175,0.9,0.5,5.0,traj,APE,std_dev,0.06471343560600504
angle_variance_penalty,0.2,0.01,0.1,1.0,2.8284271247461903,0.175,0.0175,0.9,0.5,5.0,traj,APE,median,0.0614106303887771
angle_variance_penalty,0.2,0.01,0.1,1.0,2.8284271247461903,0.175,0.0175,0.9,0.5,5.0,traj,APE,min,8.131516293641283e-19
angle_variance_penalty,0.2,0.01,0.1,1.0,2.8284271247461903,0.175,0.0175,0.9,0.5,5.0,traj,APE,max,0.30041266786929505
angle_variance_penalty,0.2,0.01,0.1,1.0,2.8284271247461903,0.175,0.0175,0.9,0.5,5.0,traj,APE,rmse,0.10616382549696927
angle_variance_penalty,0.2,0.01,0.1,1.0,2.8284271247461903,0.175,0.0175,0.9,0.5,5.0,traj,RPE,mean,0.046950196659722575
angle_variance_penalty,0.2,0.01,0.1,1.0,2.8284271247461903,0.175,0.0175,0.9,0.5,5.0,traj,RPE,std_dev,0.02743317158318063
angle_variance_penalty,0.2,0.01,0.1,1.0,2.8284271247461903,0.175,0.0175,0.9,0.5,5.0,traj,RPE,median,0.03908567868703356
angle_variance_penalty,0.2,0.01,0.1,1.0,2.8284271247461903,0.175,0.0175,0.9,0.5,5.0,traj,RPE,min,0.012894151829116851
angle_variance_penalty,0.2,0.01,0.1,1.0,2.8284271247461903,0.175,0.0175,0.9,0.5,5.0,traj,RPE,max,0.14455104435944355
angle_variance_penalty,0.2,0.01,0.1,1.0,2.8284271247461903,0.175,0.0175,0.9,0.5,5.0,traj,RPE,rmse,0.054377383805207596
angle_variance_penalty,0.2,0.01,0.1,1.0,2.8284271247461903,0.175,0.0175,0.9,0.5,5.0,traj,num associated poses,mean,28.0
angle_variance_penalty,0.2,0.01,0.1,1.0,2.8284271247461903,0.175,0.0175,0.9,0.5,5.0,traj,num associated poses,std_dev,0.7071067811865476
angle_variance_penalty,0.2,0.01,0.1,1.0,2.8284271247461903,0.175,0.0175,0.9,0.5,5.0,traj,num associated poses,median,28.0
angle_variance_penalty,0.2,0.01,0.1,1.0,2.8284271247461903,0.175,0.0175,0.9,0.5,5.0,traj,num associated poses,min,27.0
angle_variance_penalty,0.2,0.01,0.1,1.0,2.8284271247461903,0.175,0.0175,0.9,0.5,5.0,traj,num associated poses,max,29.0
angle_variance_penalty,0.2,0.01,0.1,1.0,2.8284271247461903,0.175,0.0175,0.9,0.5,5.0,traj,num gt poses,mean,172.75
angle_variance_penalty,0.2,0.01,0.1,1.0,2.8284271247461903,0.175,0.0175,0.9,0.5,5.0,traj,num gt poses,std_dev,1.920286436967152
angle_variance_penalty,0.2,0.01,0.1,1.0,2.8284271247461903,0.175,0.0175,0.9,0.5,5.0,traj,num gt poses,median,172.0
angle_variance_penalty,0.2,0.01,0.1,1.0,2.8284271247461903,0.175,0.0175,0.9,0.5,5.0,traj,num gt poses,min,171.0
angle_variance_penalty,0.2,0.01,0.1,1.0,2.8284271247461903,0.175,0.0175,0.9,0.5,5.0,traj,num gt poses,max,176.0
angle_variance_penalty,0.2,0.01,0.1,1.0,2.8284271247461903,0.175,0.0175,0.9,0.5,5.0,traj,odom accum path length (m),mean,11.57298975
angle_variance_penalty,0.2,0.01,0.1,1.0,2.8284271247461903,0.175,0.0175,0.9,0.5,5.0,traj,odom accum path length (m),std_dev,0.11288463343913314
angle_variance_penalty,0.2,0.01,0.1,1.0,2.8284271247461903,0.175,0.0175,0.9,0.5,5.0,traj,odom accum path length (m),median,11.5411815
angle_variance_penalty,0.2,0.01,0.1,1.0,2.8284271247461903,0.175,0.0175,0.9,0.5,5.0,traj,odom accum path length (m),min,11.457077
angle_variance_penalty,0.2,0.01,0.1,1.0,2.8284271247461903,0.175,0.0175,0.9,0.5,5.0,traj,odom accum path length (m),max,11.752519
angle_variance_penalty,0.2,0.01,0.1,1.0,2.8284271247461903,0.175,0.0175,0.9,0.5,5.0,traj,total rotation (rad),mean,9.53453
angle_variance_penalty,0.2,0.01,0.1,1.0,2.8284271247461903,0.175,0.0175,0.9,0.5,5.0,traj,total rotation (rad),std_dev,0.5037112971966186
angle_variance_penalty,0.2,0.01,0.1,1.0,2.8284271247461903,0.175,0.0175,0.9,0.5,5.0,traj,total rotation (rad),median,9.398884500000001
angle_variance_penalty,0.2,0.01,0.1,1.0,2.8284271247461903,0.175,0.0175,0.9,0.5,5.0,traj,total rotation (rad),min,9.00705
angle_variance_penalty,0.2,0.01,0.1,1.0,2.8284271247461903,0.175,0.0175,0.9,0.5,5.0,traj,total rotation (rad),max,10.333301
angle_variance_penalty,0.2,0.01,0.1,1.0,2.8284271247461903,0.175,0.0175,0.9,0.5,5.0,traj,duration (s),mean,23.751500000000004
angle_variance_penalty,0.2,0.01,0.1,1.0,2.8284271247461903,0.175,0.0175,0.9,0.5,5.0,traj,duration (s),std_dev,0.3427918464607948
angle_variance_penalty,0.2,0.01,0.1,1.0,2.8284271247461903,0.175,0.0175,0.9,0.5,5.0,traj,duration (s),median,23.591500000000003
angle_variance_penalty,0.2,0.01,0.1,1.0,2.8284271247461903,0.175,0.0175,0.9,0.5,5.0,traj,duration (s),min,23.491999999999997
angle_variance_penalty,0.2,0.01,0.1,1.0,2.8284271247461903,0.175,0.0175,0.9,0.5,5.0,traj,duration (s),max,24.331000000000003
angle_variance_penalty,0.2,0.01,0.1,1.0,2.8284271247461903,0.175,0.0175,0.9,0.5,5.0,completion,successes,count,4.0
angle_variance_penalty,0.2,0.01,0.1,1.0,2.8284271247461903,0.175,0.0175,0.9,0.5,5.0,completion,failures,count,0.0
angle_variance_penalty,0.2,0.01,0.1,1.0,2.8284271247461903,0.175,0.0175,0.9,0.5,5.0,completion,errors,count,1.0
angle_variance_penalty,0.2,0.01,0.1,1.0,2.8284271247461903,0.175,0.0175,0.9,0.5,5.0,completion,data or metrics missing,count,1.0
angle_variance_penalty,0.2,0.01,0.1,1.0,2.8284271247461903,0.175,0.0175,0.9,0.5,5.0,latency,latency,mean,0.004169642857142859
angle_variance_penalty,0.2,0.01,0.1,1.0,2.8284271247461903,0.175,0.0175,0.9,0.5,5.0,latency,latency,std_dev,0.002780314707447518
angle_variance_penalty,0.2,0.01,0.1,1.0,2.8284271247461903,0.175,0.0175,0.9,0.5,5.0,latency,latency,median,0.003
angle_variance_penalty,0.2,0.01,0.1,1.0,2.8284271247461903,0.175,0.0175,0.9,0.5,5.0,latency,latency,min,0.0
angle_variance_penalty,0.2,0.01,0.1,1.0,2.8284271247461903,0.175,0.0175,0.9,0.5,5.0,latency,latency,max,0.01
angle_variance_penalty,0.2,0.01,0.1,1.0,2.8284271247461903,0.175,0.0175,0.9,0.5,5.0,cov,trace,mean,0.005468947826086956
angle_variance_penalty,0.2,0.01,0.1,1.0,2.8284271247461903,0.175,0.0175,0.9,0.5,5.0,cov,trace,std_dev,0.0015395542485519647
angle_variance_penalty,0.2,0.01,0.1,1.0,2.8284271247461903,0.175,0.0175,0.9,0.5,5.0,cov,trace,median,0.0049380000000000005
angle_variance_penalty,0.2,0.01,0.1,1.0,2.8284271247461903,0.175,0.0175,0.9,0.5,5.0,cov,trace,min,0.0026780000000000003
angle_variance_penalty,0.2,0.01,0.1,1.0,2.8284271247461903,0.175,0.0175,0.9,0.5,5.0,cov,trace,max,0.010634999999999999
angle_variance_penalty,0.2,0.01,0.1,1.0,2.8284271247461903,0.175,0.0175,0.9,0.5,5.0,cov,trace,rmse,0.005681515432408474
angle_variance_penalty,0.2,0.01,0.1,1.0,2.8284271247461903,0.175,0.0175,0.9,0.5,5.0,cov,det,mean,3.3461647074782604e-10
angle_variance_penalty,0.2,0.01,0.1,1.0,2.8284271247461903,0.175,0.0175,0.9,0.5,5.0,cov,det,std_dev,2.621913058483581e-10
angle_variance_penalty,0.2,0.01,0.1,1.0,2.8284271247461903,0.175,0.0175,0.9,0.5,5.0,cov,det,median,2.632555620000005e-10
angle_variance_penalty,0.2,0.01,0.1,1.0,2.8284271247461903,0.175,0.0175,0.9,0.5,5.0,cov,det,min,6.054278299999986e-11
angle_variance_penalty,0.2,0.01,0.1,1.0,2.8284271247461903,0.175,0.0175,0.9,0.5,5.0,cov,det,max,1.356866948999999e-09
angle_variance_penalty,0.2,0.01,0.1,1.0,2.8284271247461903,0.175,0.0175,0.9,0.5,5.0,cov,det,rmse,4.2510288561499787e-10
angle_variance_penalty,0.2,0.01,0.1,1.0,4.000000000000001,0.175,0.0175,0.9,0.5,5.0,traj,APE,mean,0.06495255572173982
angle_variance_penalty,0.2,0.01,0.1,1.0,4.000000000000001,0.175,0.0175,0.9,0.5,5.0,traj,APE,std_dev,0.03706553538230188
angle_variance_penalty,0.2,0.01,0.1,1.0,4.000000000000001,0.175,0.0175,0.9,0.5,5.0,traj,APE,median,0.05763401268151357
angle_variance_penalty,0.2,0.01,0.1,1.0,4.000000000000001,0.175,0.0175,0.9,0.5,5.0,traj,APE,min,5.421010862427522e-20
angle_variance_penalty,0.2,0.01,0.1,1.0,4.000000000000001,0.175,0.0175,0.9,0.5,5.0,traj,APE,max,0.19449708156098394
angle_variance_penalty,0.2,0.01,0.1,1.0,4.000000000000001,0.175,0.0175,0.9,0.5,5.0,traj,APE,rmse,0.07478427914984799
angle_variance_penalty,0.2,0.01,0.1,1.0,4.000000000000001,0.175,0.0175,0.9,0.5,5.0,traj,RPE,mean,0.05020302598591909
angle_variance_penalty,0.2,0.01,0.1,1.0,4.000000000000001,0.175,0.0175,0.9,0.5,5.0,traj,RPE,std_dev,0.02627180562269641
angle_variance_penalty,0.2,0.01,0.1,1.0,4.000000000000001,0.175,0.0175,0.9,0.5,5.0,traj,RPE,median,0.04448637793311177
angle_variance_penalty,0.2,0.01,0.1,1.0,4.000000000000001,0.175,0.0175,0.9,0.5,5.0,traj,RPE,min,0.008012083946109678
angle_variance_penalty,0.2,0.01,0.1,1.0,4.000000000000001,0.175,0.0175,0.9,0.5,5.0,traj,RPE,max,0.16284704200008376
angle_variance_penalty,0.2,0.01,0.1,1.0,4.000000000000001,0.175,0.0175,0.9,0.5,5.0,traj,RPE,rmse,0.05666172949019126
angle_variance_penalty,0.2,0.01,0.1,1.0,4.000000000000001,0.175,0.0175,0.9,0.5,5.0,traj,num associated poses,mean,29.2
angle_variance_penalty,0.2,0.01,0.1,1.0,4.000000000000001,0.175,0.0175,0.9,0.5,5.0,traj,num associated poses,std_dev,3.9698866482558417
angle_variance_penalty,0.2,0.01,0.1,1.0,4.000000000000001,0.175,0.0175,0.9,0.5,5.0,traj,num associated poses,median,28.0
angle_variance_penalty,0.2,0.01,0.1,1.0,4.000000000000001,0.175,0.0175,0.9,0.5,5.0,traj,num associated poses,min,26.0
angle_variance_penalty,0.2,0.01,0.1,1.0,4.000000000000001,0.175,0.0175,0.9,0.5,5.0,traj,num associated poses,max,37.0
angle_variance_penalty,0.2,0.01,0.1,1.0,4.000000000000001,0.175,0.0175,0.9,0.5,5.0,traj,num gt poses,mean,178.4
angle_variance_penalty,0.2,0.01,0.1,1.0,4.000000000000001,0.175,0.0175,0.9,0.5,5.0,traj,num gt poses,std_dev,12.831211945876353
angle_variance_penalty,0.2,0.01,0.1,1.0,4.000000000000001,0.175,0.0175,0.9,0.5,5.0,traj,num gt poses,median,173.0
angle_variance_penalty,0.2,0.01,0.1,1.0,4.000000000000001,0.175,0.0175,0.9,0.5,5.0,traj,num gt poses,min,171.0
angle_variance_penalty,0.2,0.01,0.1,1.0,4.000000000000001,0.175,0.0175,0.9,0.5,5.0,traj,num gt poses,max,204.0
angle_variance_penalty,0.2,0.01,0.1,1.0,4.000000000000001,0.175,0.0175,0.9,0.5,5.0,traj,odom accum path length (m),mean,11.6034918
angle_variance_penalty,0.2,0.01,0.1,1.0,4.000000000000001,0.175,0.0175,0.9,0.5,5.0,traj,odom accum path length (m),std_dev,0.24502350381904198
angle_variance_penalty,0.2,0.01,0.1,1.0,4.000000000000001,0.175,0.0175,0.9,0.5,5.0,traj,odom accum path length (m),median,11.506035
angle_variance_penalty,0.2,0.01,0.1,1.0,4.000000000000001,0.175,0.0175,0.9,0.5,5.0,traj,odom accum path length (m),min,11.418998
angle_variance_penalty,0.2,0.01,0.1,1.0,4.000000000000001,0.175,0.0175,0.9,0.5,5.0,traj,odom accum path length (m),max,12.085235
angle_variance_penalty,0.2,0.01,0.1,1.0,4.000000000000001,0.175,0.0175,0.9,0.5,5.0,traj,total rotation (rad),mean,10.6148366
angle_variance_penalty,0.2,0.01,0.1,1.0,4.000000000000001,0.175,0.0175,0.9,0.5,5.0,traj,total rotation (rad),std_dev,2.6427516828158937
angle_variance_penalty,0.2,0.01,0.1,1.0,4.000000000000001,0.175,0.0175,0.9,0.5,5.0,traj,total rotation (rad),median,9.50238
angle_variance_penalty,0.2,0.01,0.1,1.0,4.000000000000001,0.175,0.0175,0.9,0.5,5.0,traj,total rotation (rad),min,8.82698
angle_variance_penalty,0.2,0.01,0.1,1.0,4.000000000000001,0.175,0.0175,0.9,0.5,5.0,traj,total rotation (rad),max,15.856252
angle_variance_penalty,0.2,0.01,0.1,1.0,4.000000000000001,0.175,0.0175,0.9,0.5,5.0,traj,duration (s),mean,24.4444
angle_variance_penalty,0.2,0.01,0.1,1.0,4.000000000000001,0.175,0.0175,0.9,0.5,5.0,traj,duration (s),std_dev,1.7627862717867961
angle_variance_penalty,0.2,0.01,0.1,1.0,4.000000000000001,0.175,0.0175,0.9,0.5,5.0,traj,duration (s),median,23.637999999999998
angle_variance_penalty,0.2,0.01,0.1,1.0,4.000000000000001,0.175,0.0175,0.9,0.5,5.0,traj,duration (s),min,23.393000000000004
angle_variance_penalty,0.2,0.01,0.1,1.0,4.000000000000001,0.175,0.0175,0.9,0.5,5.0,traj,duration (s),max,27.958999999999996
angle_variance_penalty,0.2,0.01,0.1,1.0,4.000000000000001,0.175,0.0175,0.9,0.5,5.0,completion,successes,count,5.0
angle_variance_penalty,0.2,0.01,0.1,1.0,4.000000000000001,0.175,0.0175,0.9,0.5,5.0,completion,failures,count,0.0
angle_variance_penalty,0.2,0.01,0.1,1.0,4.000000000000001,0.175,0.0175,0.9,0.5,5.0,completion,errors,count,0.0
angle_variance_penalty,0.2,0.01,0.1,1.0,4.000000000000001,0.175,0.0175,0.9,0.5,5.0,completion,data or metrics missing,count,0.0
angle_variance_penalty,0.2,0.01,0.1,1.0,4.000000000000001,0.175,0.0175,0.9,0.5,5.0,latency,latency,mean,0.004821917808219179
angle_variance_penalty,0.2,0.01,0.1,1.0,4.000000000000001,0.175,0.0175,0.9,0.5,5.0,latency,latency,std_dev,0.004031867801137241
angle_variance_penalty,0.2,0.01,0.1,1.0,4.000000000000001,0.175,0.0175,0.9,0.5,5.0,latency,latency,median,0.003
angle_variance_penalty,0.2,0.01,0.1,1.0,4.000000000000001,0.175,0.0175,0.9,0.5,5.0,latency,latency,min,0.0
angle_variance_penalty,0.2,0.01,0.1,1.0,4.000000000000001,0.175,0.0175,0.9,0.5,5.0,latency,latency,max,0.016
angle_variance_penalty,0.2,0.01,0.1,1.0,4.000000000000001,0.175,0.0175,0.9,0.5,5.0,cov,trace,mean,0.00539005298013245
angle_variance_penalty,0.2,0.01,0.1,1.0,4.000000000000001,0.175,0.0175,0.9,0.5,5.0,cov,trace,std_dev,0.0014137655780842478
angle_variance_penalty,0.2,0.01,0.1,1.0,4.000000000000001,0.175,0.0175,0.9,0.5,5.0,cov,trace,median,0.0049889999999999995
angle_variance_penalty,0.2,0.01,0.1,1.0,4.000000000000001,0.175,0.0175,0.9,0.5,5.0,cov,trace,min,0.0024040000000000003
angle_variance_penalty,0.2,0.01,0.1,1.0,4.000000000000001,0.175,0.0175,0.9,0.5,5.0,cov,trace,max,0.009807999999999999
angle_variance_penalty,0.2,0.01,0.1,1.0,4.000000000000001,0.175,0.0175,0.9,0.5,5.0,cov,trace,rmse,0.0055723786876351634
angle_variance_penalty,0.2,0.01,0.1,1.0,4.000000000000001,0.175,0.0175,0.9,0.5,5.0,cov,det,mean,3.3235550160264904e-10
angle_variance_penalty,0.2,0.01,0.1,1.0,4.000000000000001,0.175,0.0175,0.9,0.5,5.0,cov,det,std_dev,2.289282427817185e-10
angle_variance_penalty,0.2,0.01,0.1,1.0,4.000000000000001,0.175,0.0175,0.9,0.5,5.0,cov,det,median,2.647136329999998e-10
angle_variance_penalty,0.2,0.01,0.1,1.0,4.000000000000001,0.175,0.0175,0.9,0.5,5.0,cov,det,min,5.894844199999995e-11
angle_variance_penalty,0.2,0.01,0.1,1.0,4.000000000000001,0.175,0.0175,0.9,0.5,5.0,cov,det,max,1.4017960660000024e-09
angle_variance_penalty,0.2,0.01,0.1,1.0,4.000000000000001,0.175,0.0175,0.9,0.5,5.0,cov,det,rmse,4.035694733111932e-10
angle_variance_penalty,0.2,0.01,0.1,1.0,5.6568542494923815,0.175,0.0175,0.9,0.5,5.0,traj,APE,mean,0.06433174969744072
angle_variance_penalty,0.2,0.01,0.1,1.0,5.6568542494923815,0.175,0.0175,0.9,0.5,5.0,traj,APE,std_dev,0.04119664864377263
angle_variance_penalty,0.2,0.01,0.1,1.0,5.6568542494923815,0.175,0.0175,0.9,0.5,5.0,traj,APE,median,0.05249259096576478
angle_variance_penalty,0.2,0.01,0.1,1.0,5.6568542494923815,0.175,0.0175,0.9,0.5,5.0,traj,APE,min,8.131516293641283e-19
angle_variance_penalty,0.2,0.01,0.1,1.0,5.6568542494923815,0.175,0.0175,0.9,0.5,5.0,traj,APE,max,0.19860542964817732
angle_variance_penalty,0.2,0.01,0.1,1.0,5.6568542494923815,0.175,0.0175,0.9,0.5,5.0,traj,APE,rmse,0.0763920014046799
angle_variance_penalty,0.2,0.01,0.1,1.0,5.6568542494923815,0.175,0.0175,0.9,0.5,5.0,traj,RPE,mean,0.04929044999160187
angle_variance_penalty,0.2,0.01,0.1,1.0,5.6568542494923815,0.175,0.0175,0.9,0.5,5.0,traj,RPE,std_dev,0.026846274596510303
angle_variance_penalty,0.2,0.01,0.1,1.0,5.6568542494923815,0.175,0.0175,0.9,0.5,5.0,traj,RPE,median,0.04445244658688633
angle_variance_penalty,0.2,0.01,0.1,1.0,5.6568542494923815,0.175,0.0175,0.9,0.5,5.0,traj,RPE,min,0.007849007259997015
angle_variance_penalty,0.2,0.01,0.1,1.0,5.6568542494923815,0.175,0.0175,0.9,0.5,5.0,traj,RPE,max,0.1723176323098199
angle_variance_penalty,0.2,0.01,0.1,1.0,5.6568542494923815,0.175,0.0175,0.9,0.5,5.0,traj,RPE,rmse,0.05612727429766956
angle_variance_penalty,0.2,0.01,0.1,1.0,5.6568542494923815,0.175,0.0175,0.9,0.5,5.0,traj,num associated poses,mean,28.0
angle_variance_penalty,0.2,0.01,0.1,1.0,5.6568542494923815,0.175,0.0175,0.9,0.5,5.0,traj,num associated poses,std_dev,1.0954451150103321
angle_variance_penalty,0.2,0.01,0.1,1.0,5.6568542494923815,0.175,0.0175,0.9,0.5,5.0,traj,num associated poses,median,28.0
angle_variance_penalty,0.2,0.01,0.1,1.0,5.6568542494923815,0.175,0.0175,0.9,0.5,5.0,traj,num associated poses,min,26.0
angle_variance_penalty,0.2,0.01,0.1,1.0,5.6568542494923815,0.175,0.0175,0.9,0.5,5.0,traj,num associated poses,max,29.0
angle_variance_penalty,0.2,0.01,0.1,1.0,5.6568542494923815,0.175,0.0175,0.9,0.5,5.0,traj,num gt poses,mean,172.2
angle_variance_penalty,0.2,0.01,0.1,1.0,5.6568542494923815,0.175,0.0175,0.9,0.5,5.0,traj,num gt poses,std_dev,1.9390719429665317
angle_variance_penalty,0.2,0.01,0.1,1.0,5.6568542494923815,0.175,0.0175,0.9,0.5,5.0,traj,num gt poses,median,171.0
angle_variance_penalty,0.2,0.01,0.1,1.0,5.6568542494923815,0.175,0.0175,0.9,0.5,5.0,traj,num gt poses,min,170.0
angle_variance_penalty,0.2,0.01,0.1,1.0,5.6568542494923815,0.175,0.0175,0.9,0.5,5.0,traj,num gt poses,max,175.0
angle_variance_penalty,0.2,0.01,0.1,1.0,5.6568542494923815,0.175,0.0175,0.9,0.5,5.0,traj,odom accum path length (m),mean,11.478566400000002
angle_variance_penalty,0.2,0.01,0.1,1.0,5.6568542494923815,0.175,0.0175,0.9,0.5,5.0,traj,odom accum path length (m),std_dev,0.04967258750498116
angle_variance_penalty,0.2,0.01,0.1,1.0,5.6568542494923815,0.175,0.0175,0.9,0.5,5.0,traj,odom accum path length (m),median,11.469683
angle_variance_penalty,0.2,0.01,0.1,1.0,5.6568542494923815,0.175,0.0175,0.9,0.5,5.0,traj,odom accum path length (m),min,11.400851
angle_variance_penalty,0.2,0.01,0.1,1.0,5.6568542494923815,0.175,0.0175,0.9,0.5,5.0,traj,odom accum path length (m),max,11.542734
angle_variance_penalty,0.2,0.01,0.1,1.0,5.6568542494923815,0.175,0.0175,0.9,0.5,5.0,traj,total rotation (rad),mean,9.403709600000001
angle_variance_penalty,0.2,0.01,0.1,1.0,5.6568542494923815,0.175,0.0175,0.9,0.5,5.0,traj,total rotation (rad),std_dev,0.6962264320861707
angle_variance_penalty,0.2,0.01,0.1,1.0,5.6568542494923815,0.175,0.0175,0.9,0.5,5.0,traj,total rotation (rad),median,9.432474
angle_variance_penalty,0.2,0.01,0.1,1.0,5.6568542494923815,0.175,0.0175,0.9,0.5,5.0,traj,total rotation (rad),min,8.402046
angle_variance_penalty,0.2,0.01,0.1,1.0,5.6568542494923815,0.175,0.0175,0.9,0.5,5.0,traj,total rotation (rad),max,10.423988
angle_variance_penalty,0.2,0.01,0.1,1.0,5.6568542494923815,0.175,0.0175,0.9,0.5,5.0,traj,duration (s),mean,23.691
angle_variance_penalty,0.2,0.01,0.1,1.0,5.6568542494923815,0.175,0.0175,0.9,0.5,5.0,traj,duration (s),std_dev,0.286992682833552
angle_variance_penalty,0.2,0.01,0.1,1.0,5.6568542494923815,0.175,0.0175,0.9,0.5,5.0,traj,duration (s),median,23.564
angle_variance_penalty,0.2,0.01,0.1,1.0,5.6568542494923815,0.175,0.0175,0.9,0.5,5.0,traj,duration (s),min,23.332
angle_variance_penalty,0.2,0.01,0.1,1.0,5.6568542494923815,0.175,0.0175,0.9,0.5,5.0,traj,duration (s),max,24.069
angle_variance_penalty,0.2,0.01,0.1,1.0,5.6568542494923815,0.175,0.0175,0.9,0.5,5.0,completion,successes,count,5.0
angle_variance_penalty,0.2,0.01,0.1,1.0,5.6568542494923815,0.175,0.0175,0.9,0.5,5.0,completion,failures,count,0.0
angle_variance_penalty,0.2,0.01,0.1,1.0,5.6568542494923815,0.175,0.0175,0.9,0.5,5.0,completion,errors,count,0.0
angle_variance_penalty,0.2,0.01,0.1,1.0,5.6568542494923815,0.175,0.0175,0.9,0.5,5.0,completion,data or metrics missing,count,0.0
angle_variance_penalty,0.2,0.01,0.1,1.0,5.6568542494923815,0.175,0.0175,0.9,0.5,5.0,latency,latency,mean,0.004857142857142858
angle_variance_penalty,0.2,0.01,0.1,1.0,5.6568542494923815,0.175,0.0175,0.9,0.5,5.0,latency,latency,std_dev,0.0033178552206668275
angle_variance_penalty,0.2,0.01,0.1,1.0,5.6568542494923815,0.175,0.0175,0.9,0.5,5.0,latency,latency,median,0.004
angle_variance_penalty,0.2,0.01,0.1,1.0,5.6568542494923815,0.175,0.0175,0.9,0.5,5.0,latency,latency,min,0.0
angle_variance_penalty,0.2,0.01,0.1,1.0,5.6568542494923815,0.175,0.0175,0.9,0.5,5.0,latency,latency,max,0.014
angle_variance_penalty,0.2,0.01,0.1,1.0,5.6568542494923815,0.175,0.0175,0.9,0.5,5.0,cov,trace,mean,0.005587622377622377
angle_variance_penalty,0.2,0.01,0.1,1.0,5.6568542494923815,0.175,0.0175,0.9,0.5,5.0,cov,trace,std_dev,0.0021027341136021535
angle_variance_penalty,0.2,0.01,0.1,1.0,5.6568542494923815,0.175,0.0175,0.9,0.5,5.0,cov,trace,median,0.004997000000000001
angle_variance_penalty,0.2,0.01,0.1,1.0,5.6568542494923815,0.175,0.0175,0.9,0.5,5.0,cov,trace,min,0.002605
angle_variance_penalty,0.2,0.01,0.1,1.0,5.6568542494923815,0.175,0.0175,0.9,0.5,5.0,cov,trace,max,0.022146
angle_variance_penalty,0.2,0.01,0.1,1.0,5.6568542494923815,0.175,0.0175,0.9,0.5,5.0,cov,trace,rmse,0.005970177098496541
angle_variance_penalty,0.2,0.01,0.1,1.0,5.6568542494923815,0.175,0.0175,0.9,0.5,5.0,cov,det,mean,3.519276466853145e-10
angle_variance_penalty,0.2,0.01,0.1,1.0,5.6568542494923815,0.175,0.0175,0.9,0.5,5.0,cov,det,std_dev,2.7716803274006204e-10
angle_variance_penalty,0.2,0.01,0.1,1.0,5.6568542494923815,0.175,0.0175,0.9,0.5,5.0,cov,det,median,2.7143925499999973e-10
angle_variance_penalty,0.2,0.01,0.1,1.0,5.6568542494923815,0.175,0.0175,0.9,0.5,5.0,cov,det,min,5.134728400000004e-11
angle_variance_penalty,0.2,0.01,0.1,1.0,5.6568542494923815,0.175,0.0175,0.9,0.5,5.0,cov,det,max,1.9127065250000002e-09
angle_variance_penalty,0.2,0.01,0.1,1.0,5.6568542494923815,0.175,0.0175,0.9,0.5,5.0,cov,det,rmse,4.479678413395984e-10
angle_variance_penalty,0.2,0.01,0.1,1.0,8.000000000000002,0.175,0.0175,0.9,0.5,5.0,traj,APE,mean,0.07552552586134767
angle_variance_penalty,0.2,0.01,0.1,1.0,8.000000000000002,0.175,0.0175,0.9,0.5,5.0,traj,APE,std_dev,0.05152505663244702
angle_variance_penalty,0.2,0.01,0.1,1.0,8.000000000000002,0.175,0.0175,0.9,0.5,5.0,traj,APE,median,0.058292919122758455
angle_variance_penalty,0.2,0.01,0.1,1.0,8.000000000000002,0.175,0.0175,0.9,0.5,5.0,traj,APE,min,1.1102231569740467e-16
angle_variance_penalty,0.2,0.01,0.1,1.0,8.000000000000002,0.175,0.0175,0.9,0.5,5.0,traj,APE,max,0.2557899226866645
angle_variance_penalty,0.2,0.01,0.1,1.0,8.000000000000002,0.175,0.0175,0.9,0.5,5.0,traj,APE,rmse,0.09142721978497415
angle_variance_penalty,0.2,0.01,0.1,1.0,8.000000000000002,0.175,0.0175,0.9,0.5,5.0,traj,RPE,mean,0.05036061888343197
angle_variance_penalty,0.2,0.01,0.1,1.0,8.000000000000002,0.175,0.0175,0.9,0.5,5.0,traj,RPE,std_dev,0.03168802859394456
angle_variance_penalty,0.2,0.01,0.1,1.0,8.000000000000002,0.175,0.0175,0.9,0.5,5.0,traj,RPE,median,0.0422088426294383
angle_variance_penalty,0.2,0.01,0.1,1.0,8.000000000000002,0.175,0.0175,0.9,0.5,5.0,traj,RPE,min,0.005950542178034253
angle_variance_penalty,0.2,0.01,0.1,1.0,8.000000000000002,0.175,0.0175,0.9,0.5,5.0,traj,RPE,max,0.15804034432646025
angle_variance_penalty,0.2,0.01,0.1,1.0,8.000000000000002,0.175,0.0175,0.9,0.5,5.0,traj,RPE,rmse,0.05950061420265283
angle_variance_penalty,0.2,0.01,0.1,1.0,8.000000000000002,0.175,0.0175,0.9,0.5,5.0,traj,num associated poses,mean,30.8
angle_variance_penalty,0.2,0.01,0.1,1.0,8.000000000000002,0.175,0.0175,0.9,0.5,5.0,traj,num associated poses,std_dev,6.615134163416491
angle_variance_penalty,0.2,0.01,0.1,1.0,8.000000000000002,0.175,0.0175,0.9,0.5,5.0,traj,num associated poses,median,28.0
angle_variance_penalty,0.2,0.01,0.1,1.0,8.000000000000002,0.175,0.0175,0.9,0.5,5.0,traj,num associated poses,min,27.0
angle_variance_penalty,0.2,0.01,0.1,1.0,8.000000000000002,0.175,0.0175,0.9,0.5,5.0,traj,num associated poses,max,44.0
angle_variance_penalty,0.2,0.01,0.1,1.0,8.000000000000002,0.175,0.0175,0.9,0.5,5.0,traj,num gt poses,mean,185.2
angle_variance_penalty,0.2,0.01,0.1,1.0,8.000000000000002,0.175,0.0175,0.9,0.5,5.0,traj,num gt poses,std_dev,24.76610587072582
angle_variance_penalty,0.2,0.01,0.1,1.0,8.000000000000002,0.175,0.0175,0.9,0.5,5.0,traj,num gt poses,median,172.0
angle_variance_penalty,0.2,0.01,0.1,1.0,8.000000000000002,0.175,0.0175,0.9,0.5,5.0,traj,num gt poses,min,169.0
angle_variance_penalty,0.2,0.01,0.1,1.0,8.000000000000002,0.175,0.0175,0.9,0.5,5.0,traj,num gt poses,max,234.0
angle_variance_penalty,0.2,0.01,0.1,1.0,8.000000000000002,0.175,0.0175,0.9,0.5,5.0,traj,odom accum path length (m),mean,12.043819000000001
angle_variance_penalty,0.2,0.01,0.1,1.0,8.000000000000002,0.175,0.0175,0.9,0.5,5.0,traj,odom accum path length (m),std_dev,1.0642875083662307
angle_variance_penalty,0.2,0.01,0.1,1.0,8.000000000000002,0.175,0.0175,0.9,0.5,5.0,traj,odom accum path length (m),median,11.517037
angle_variance_penalty,0.2,0.01,0.1,1.0,8.000000000000002,0.175,0.0175,0.9,0.5,5.0,traj,odom accum path length (m),min,11.407581
angle_variance_penalty,0.2,0.01,0.1,1.0,8.000000000000002,0.175,0.0175,0.9,0.5,5.0,traj,odom accum path length (m),max,14.167947
angle_variance_penalty,0.2,0.01,0.1,1.0,8.000000000000002,0.175,0.0175,0.9,0.5,5.0,traj,total rotation (rad),mean,11.252544599999998
angle_variance_penalty,0.2,0.01,0.1,1.0,8.000000000000002,0.175,0.0175,0.9,0.5,5.0,traj,total rotation (rad),std_dev,3.7411657615296123
angle_variance_penalty,0.2,0.01,0.1,1.0,8.000000000000002,0.175,0.0175,0.9,0.5,5.0,traj,total rotation (rad),median,9.472386
angle_variance_penalty,0.2,0.01,0.1,1.0,8.000000000000002,0.175,0.0175,0.9,0.5,5.0,traj,total rotation (rad),min,8.836358
angle_variance_penalty,0.2,0.01,0.1,1.0,8.000000000000002,0.175,0.0175,0.9,0.5,5.0,traj,total rotation (rad),max,18.664287
angle_variance_penalty,0.2,0.01,0.1,1.0,8.000000000000002,0.175,0.0175,0.9,0.5,5.0,traj,duration (s),mean,25.4646
angle_variance_penalty,0.2,0.01,0.1,1.0,8.000000000000002,0.175,0.0175,0.9,0.5,5.0,traj,duration (s),std_dev,3.332157355227993
angle_variance_penalty,0.2,0.01,0.1,1.0,8.000000000000002,0.175,0.0175,0.9,0.5,5.0,traj,duration (s),median,23.578000000000003
angle_variance_penalty,0.2,0.01,0.1,1.0,8.000000000000002,0.175,0.0175,0.9,0.5,5.0,traj,duration (s),min,23.212000000000003
angle_variance_penalty,0.2,0.01,0.1,1.0,8.000000000000002,0.175,0.0175,0.9,0.5,5.0,traj,duration (s),max,32.016000000000005
angle_variance_penalty,0.2,0.01,0.1,1.0,8.000000000000002,0.175,0.0175,0.9,0.5,5.0,completion,successes,count,5.0
angle_variance_penalty,0.2,0.01,0.1,1.0,8.000000000000002,0.175,0.0175,0.9,0.5,5.0,completion,failures,count,0.0
angle_variance_penalty,0.2,0.01,0.1,1.0,8.000000000000002,0.175,0.0175,0.9,0.5,5.0,completion,errors,count,0.0
angle_variance_penalty,0.2,0.01,0.1,1.0,8.000000000000002,0.175,0.0175,0.9,0.5,5.0,completion,data or metrics missing,count,0.0
angle_variance_penalty,0.2,0.01,0.1,1.0,8.000000000000002,0.175,0.0175,0.9,0.5,5.0,latency,latency,mean,0.004116883116883117
angle_variance_penalty,0.2,0.01,0.1,1.0,8.000000000000002,0.175,0.0175,0.9,0.5,5.0,latency,latency,std_dev,0.0035692555372562555
angle_variance_penalty,0.2,0.01,0.1,1.0,8.000000000000002,0.175,0.0175,0.9,0.5,5.0,latency,latency,median,0.003
angle_variance_penalty,0.2,0.01,0.1,1.0,8.000000000000002,0.175,0.0175,0.9,0.5,5.0,latency,latency,min,0.0
angle_variance_penalty,0.2,0.01,0.1,1.0,8.000000000000002,0.175,0.0175,0.9,0.5,5.0,latency,latency,max,0.021
angle_variance_penalty,0.2,0.01,0.1,1.0,8.000000000000002,0.175,0.0175,0.9,0.5,5.0,cov,trace,mean,0.005632284810126582
angle_variance_penalty,0.2,0.01,0.1,1.0,8.000000000000002,0.175,0.0175,0.9,0.5,5.0,cov,trace,std_dev,0.002035872851379589
angle_variance_penalty,0.2,0.01,0.1,1.0,8.000000000000002,0.175,0.0175,0.9,0.5,5.0,cov,trace,median,0.0050550000000000005
angle_variance_penalty,0.2,0.01,0.1,1.0,8.000000000000002,0.175,0.0175,0.9,0.5,5.0,cov,trace,min,0.002551
angle_variance_penalty,0.2,0.01,0.1,1.0,8.000000000000002,0.175,0.0175,0.9,0.5,5.0,cov,trace,max,0.020312
angle_variance_penalty,0.2,0.01,0.1,1.0,8.000000000000002,0.175,0.0175,0.9,0.5,5.0,cov,trace,rmse,0.005988940678397732
angle_variance_penalty,0.2,0.01,0.1,1.0,8.000000000000002,0.175,0.0175,0.9,0.5,5.0,cov,det,mean,3.7260995881012643e-10
angle_variance_penalty,0.2,0.01,0.1,1.0,8.000000000000002,0.175,0.0175,0.9,0.5,5.0,cov,det,std_dev,3.465723068684924e-10
angle_variance_penalty,0.2,0.01,0.1,1.0,8.000000000000002,0.175,0.0175,0.9,0.5,5.0,cov,det,median,2.7189310200000013e-10
angle_variance_penalty,0.2,0.01,0.1,1.0,8.000000000000002,0.175,0.0175,0.9,0.5,5.0,cov,det,min,5.1267273000000004e-11
angle_variance_penalty,0.2,0.01,0.1,1.0,8.000000000000002,0.175,0.0175,0.9,0.5,5.0,cov,det,max,2.7778383119999963e-09
angle_variance_penalty,0.2,0.01,0.1,1.0,8.000000000000002,0.175,0.0175,0.9,0.5,5.0,cov,det,rmse,5.088718358217838e-10
angle_variance_penalty,0.2,0.01,0.1,1.0,11.313708498984763,0.175,0.0175,0.9,0.5,5.0,traj,APE,mean,0.06806128521053156
angle_variance_penalty,0.2,0.01,0.1,1.0,11.313708498984763,0.175,0.0175,0.9,0.5,5.0,traj,APE,std_dev,0.03698407353098094
angle_variance_penalty,0.2,0.01,0.1,1.0,11.313708498984763,0.175,0.0175,0.9,0.5,5.0,traj,APE,median,0.05837374730324306
angle_variance_penalty,0.2,0.01,0.1,1.0,11.313708498984763,0.175,0.0175,0.9,0.5,5.0,traj,APE,min,9.75781955236954e-19
angle_variance_penalty,0.2,0.01,0.1,1.0,11.313708498984763,0.175,0.0175,0.9,0.5,5.0,traj,APE,max,0.18799645206244464
angle_variance_penalty,0.2,0.01,0.1,1.0,11.313708498984763,0.175,0.0175,0.9,0.5,5.0,traj,APE,rmse,0.07746070125847253
angle_variance_penalty,0.2,0.01,0.1,1.0,11.313708498984763,0.175,0.0175,0.9,0.5,5.0,traj,RPE,mean,0.05108597281770345
angle_variance_penalty,0.2,0.01,0.1,1.0,11.313708498984763,0.175,0.0175,0.9,0.5,5.0,traj,RPE,std_dev,0.02731578048071898
angle_variance_penalty,0.2,0.01,0.1,1.0,11.313708498984763,0.175,0.0175,0.9,0.5,5.0,traj,RPE,median,0.04474363471267914
angle_variance_penalty,0.2,0.01,0.1,1.0,11.313708498984763,0.175,0.0175,0.9,0.5,5.0,traj,RPE,min,0.00744340262648785
angle_variance_penalty,0.2,0.01,0.1,1.0,11.313708498984763,0.175,0.0175,0.9,0.5,5.0,traj,RPE,max,0.13289066874995795
angle_variance_penalty,0.2,0.01,0.1,1.0,11.313708498984763,0.175,0.0175,0.9,0.5,5.0,traj,RPE,rmse,0.057930376159679504
angle_variance_penalty,0.2,0.01,0.1,1.0,11.313708498984763,0.175,0.0175,0.9,0.5,5.0,traj,num associated poses,mean,30.0
angle_variance_penalty,0.2,0.01,0.1,1.0,11.313708498984763,0.175,0.0175,0.9,0.5,5.0,traj,num associated poses,std_dev,4.560701700396552
angle_variance_penalty,0.2,0.01,0.1,1.0,11.313708498984763,0.175,0.0175,0.9,0.5,5.0,traj,num associated poses,median,28.0
angle_variance_penalty,0.2,0.01,0.1,1.0,11.313708498984763,0.175,0.0175,0.9,0.5,5.0,traj,num associated poses,min,27.0
angle_variance_penalty,0.2,0.01,0.1,1.0,11.313708498984763,0.175,0.0175,0.9,0.5,5.0,traj,num associated poses,max,39.0
angle_variance_penalty,0.2,0.01,0.1,1.0,11.313708498984763,0.175,0.0175,0.9,0.5,5.0,traj,num gt poses,mean,182.4
angle_variance_penalty,0.2,0.01,0.1,1.0,11.313708498984763,0.175,0.0175,0.9,0.5,5.0,traj,num gt poses,std_dev,14.732277488562318
angle_variance_penalty,0.2,0.01,0.1,1.0,11.313708498984763,0.175,0.0175,0.9,0.5,5.0,traj,num gt poses,median,174.0
angle_variance_penalty,0.2,0.01,0.1,1.0,11.313708498984763,0.175,0.0175,0.9,0.5,5.0,traj,num gt poses,min,172.0
angle_variance_penalty,0.2,0.01,0.1,1.0,11.313708498984763,0.175,0.0175,0.9,0.5,5.0,traj,num gt poses,max,211.0
angle_variance_penalty,0.2,0.01,0.1,1.0,11.313708498984763,0.175,0.0175,0.9,0.5,5.0,traj,odom accum path length (m),mean,11.8146952
angle_variance_penalty,0.2,0.01,0.1,1.0,11.313708498984763,0.175,0.0175,0.9,0.5,5.0,traj,odom accum path length (m),std_dev,0.5954269380414019
angle_variance_penalty,0.2,0.01,0.1,1.0,11.313708498984763,0.175,0.0175,0.9,0.5,5.0,traj,odom accum path length (m),median,11.531112
angle_variance_penalty,0.2,0.01,0.1,1.0,11.313708498984763,0.175,0.0175,0.9,0.5,5.0,traj,odom accum path length (m),min,11.418677
angle_variance_penalty,0.2,0.01,0.1,1.0,11.313708498984763,0.175,0.0175,0.9,0.5,5.0,traj,odom accum path length (m),max,12.998648
angle_variance_penalty,0.2,0.01,0.1,1.0,11.313708498984763,0.175,0.0175,0.9,0.5,5.0,traj,total rotation (rad),mean,10.8693952
angle_variance_penalty,0.2,0.01,0.1,1.0,11.313708498984763,0.175,0.0175,0.9,0.5,5.0,traj,total rotation (rad),std_dev,2.6529407743885582
angle_variance_penalty,0.2,0.01,0.1,1.0,11.313708498984763,0.175,0.0175,0.9,0.5,5.0,traj,total rotation (rad),median,9.517218
angle_variance_penalty,0.2,0.01,0.1,1.0,11.313708498984763,0.175,0.0175,0.9,0.5,5.0,traj,total rotation (rad),min,8.870591
angle_variance_penalty,0.2,0.01,0.1,1.0,11.313708498984763,0.175,0.0175,0.9,0.5,5.0,traj,total rotation (rad),max,16.008786
angle_variance_penalty,0.2,0.01,0.1,1.0,11.313708498984763,0.175,0.0175,0.9,0.5,5.0,traj,duration (s),mean,25.0208
angle_variance_penalty,0.2,0.01,0.1,1.0,11.313708498984763,0.175,0.0175,0.9,0.5,5.0,traj,duration (s),std_dev,2.088660949029305
angle_variance_penalty,0.2,0.01,0.1,1.0,11.313708498984763,0.175,0.0175,0.9,0.5,5.0,traj,duration (s),median,23.985000000000003
angle_variance_penalty,0.2,0.01,0.1,1.0,11.313708498984763,0.175,0.0175,0.9,0.5,5.0,traj,duration (s),min,23.492
angle_variance_penalty,0.2,0.01,0.1,1.0,11.313708498984763,0.175,0.0175,0.9,0.5,5.0,traj,duration (s),max,29.076999999999998
angle_variance_penalty,0.2,0.01,0.1,1.0,11.313708498984763,0.175,0.0175,0.9,0.5,5.0,completion,successes,count,5.0
angle_variance_penalty,0.2,0.01,0.1,1.0,11.313708498984763,0.175,0.0175,0.9,0.5,5.0,completion,failures,count,0.0
angle_variance_penalty,0.2,0.01,0.1,1.0,11.313708498984763,0.175,0.0175,0.9,0.5,5.0,completion,errors,count,0.0
angle_variance_penalty,0.2,0.01,0.1,1.0,11.313708498984763,0.175,0.0175,0.9,0.5,5.0,completion,data or metrics missing,count,0.0
angle_variance_penalty,0.2,0.01,0.1,1.0,11.313708498984763,0.175,0.0175,0.9,0.5,5.0,latency,latency,mean,0.0037466666666666672
angle_variance_penalty,0.2,0.01,0.1,1.0,11.313708498984763,0.175,0.0175,0.9,0.5,5.0,latency,latency,std_dev,0.002896403900624973
angle_variance_penalty,0.2,0.01,0.1,1.0,11.313708498984763,0.175,0.0175,0.9,0.5,5.0,latency,latency,median,0.003
angle_variance_penalty,0.2,0.01,0.1,1.0,11.313708498984763,0.175,0.0175,0.9,0.5,5.0,latency,latency,min,0.0
angle_variance_penalty,0.2,0.01,0.1,1.0,11.313708498984763,0.175,0.0175,0.9,0.5,5.0,latency,latency,max,0.026000000000000002
angle_variance_penalty,0.2,0.01,0.1,1.0,11.313708498984763,0.175,0.0175,0.9,0.5,5.0,cov,trace,mean,0.005690441558441559
angle_variance_penalty,0.2,0.01,0.1,1.0,11.313708498984763,0.175,0.0175,0.9,0.5,5.0,cov,trace,std_dev,0.0022135898357352247
angle_variance_penalty,0.2,0.01,0.1,1.0,11.313708498984763,0.175,0.0175,0.9,0.5,5.0,cov,trace,median,0.005164
angle_variance_penalty,0.2,0.01,0.1,1.0,11.313708498984763,0.175,0.0175,0.9,0.5,5.0,cov,trace,min,0.002881
angle_variance_penalty,0.2,0.01,0.1,1.0,11.313708498984763,0.175,0.0175,0.9,0.5,5.0,cov,trace,max,0.021728
angle_variance_penalty,0.2,0.01,0.1,1.0,11.313708498984763,0.175,0.0175,0.9,0.5,5.0,cov,trace,rmse,0.006105825504459581
angle_variance_penalty,0.2,0.01,0.1,1.0,11.313708498984763,0.175,0.0175,0.9,0.5,5.0,cov,det,mean,3.823619471688311e-10
angle_variance_penalty,0.2,0.01,0.1,1.0,11.313708498984763,0.175,0.0175,0.9,0.5,5.0,cov,det,std_dev,3.387277750783037e-10
angle_variance_penalty,0.2,0.01,0.1,1.0,11.313708498984763,0.175,0.0175,0.9,0.5,5.0,cov,det,median,2.6070175549999966e-10
angle_variance_penalty,0.2,0.01,0.1,1.0,11.313708498984763,0.175,0.0175,0.9,0.5,5.0,cov,det,min,7.39764240000002e-11
angle_variance_penalty,0.2,0.01,0.1,1.0,11.313708498984763,0.175,0.0175,0.9,0.5,5.0,cov,det,max,2.5500952800000014e-09
angle_variance_penalty,0.2,0.01,0.1,1.0,11.313708498984763,0.175,0.0175,0.9,0.5,5.0,cov,det,rmse,5.1082008990665e-10
coarse_search_angle_offset,0.2,0.01,0.1,1.0,2.0,0.030935921676911442,0.0175,0.9,0.5,5.0,traj,APE,mean,0.05798015023666488
coarse_search_angle_offset,0.2,0.01,0.1,1.0,2.0,0.030935921676911442,0.0175,0.9,0.5,5.0,traj,APE,std_dev,0.03789878601660352
coarse_search_angle_offset,0.2,0.01,0.1,1.0,2.0,0.030935921676911442,0.0175,0.9,0.5,5.0,traj,APE,median,0.04814907770178127
coarse_search_angle_offset,0.2,0.01,0.1,1.0,2.0,0.030935921676911442,0.0175,0.9,0.5,5.0,traj,APE,min,8.131516293641283e-19
coarse_search_angle_offset,0.2,0.01,0.1,1.0,2.0,0.030935921676911442,0.0175,0.9,0.5,5.0,traj,APE,max,0.17490754713365053
coarse_search_angle_offset,0.2,0.01,0.1,1.0,2.0,0.030935921676911442,0.0175,0.9,0.5,5.0,traj,APE,rmse,0.06926771111418749
coarse_search_angle_offset,0.2,0.01,0.1,1.0,2.0,0.030935921676911442,0.0175,0.9,0.5,5.0,traj,RPE,mean,0.04599230053850787
coarse_search_angle_offset,0.2,0.01,0.1,1.0,2.0,0.030935921676911442,0.0175,0.9,0.5,5.0,traj,RPE,std_dev,0.02452211551165699
coarse_search_angle_offset,0.2,0.01,0.1,1.0,2.0,0.030935921676911442,0.0175,0.9,0.5,5.0,traj,RPE,median,0.04175256493113696
coarse_search_angle_offset,0.2,0.01,0.1,1.0,2.0,0.030935921676911442,0.0175,0.9,0.5,5.0,traj,RPE,min,0.006068306132673979
coarse_search_angle_offset,0.2,0.01,0.1,1.0,2.0,0.030935921676911442,0.0175,0.9,0.5,5.0,traj,RPE,max,0.14656469635586467
coarse_search_angle_offset,0.2,0.01,0.1,1.0,2.0,0.030935921676911442,0.0175,0.9,0.5,5.0,traj,RPE,rmse,0.05212126109364084
coarse_search_angle_offset,0.2,0.01,0.1,1.0,2.0,0.030935921676911442,0.0175,0.9,0.5,5.0,traj,num associated poses,mean,27.2
coarse_search_angle_offset,0.2,0.01,0.1,1.0,2.0,0.030935921676911442,0.0175,0.9,0.5,5.0,traj,num associated poses,std_dev,0.4
coarse_search_angle_offset,0.2,0.01,0.1,1.0,2.0,0.030935921676911442,0.0175,0.9,0.5,5.0,traj,num associated poses,median,27.0
coarse_search_angle_offset,0.2,0.01,0.1,1.0,2.0,0.030935921676911442,0.0175,0.9,0.5,5.0,traj,num associated poses,min,27.0
coarse_search_angle_offset,0.2,0.01,0.1,1.0,2.0,0.030935921676911442,0.0175,0.9,0.5,5.0,traj,num associated poses,max,28.0
coarse_search_angle_offset,0.2,0.01,0.1,1.0,2.0,0.030935921676911442,0.0175,0.9,0.5,5.0,traj,num gt poses,mean,170.4
coarse_search_angle_offset,0.2,0.01,0.1,1.0,2.0,0.030935921676911442,0.0175,0.9,0.5,5.0,traj,num gt poses,std_dev,2.33238075793812
coarse_search_angle_offset,0.2,0.01,0.1,1.0,2.0,0.030935921676911442,0.0175,0.9,0.5,5.0,traj,num gt poses,median,171.0
coarse_search_angle_offset,0.2,0.01,0.1,1.0,2.0,0.030935921676911442,0.0175,0.9,0.5,5.0,traj,num gt poses,min,166.0
coarse_search_angle_offset,0.2,0.01,0.1,1.0,2.0,0.030935921676911442,0.0175,0.9,0.5,5.0,traj,num gt poses,max,173.0
coarse_search_angle_offset,0.2,0.01,0.1,1.0,2.0,0.030935921676911442,0.0175,0.9,0.5,5.0,traj,odom accum path length (m),mean,11.4927664
coarse_search_angle_offset,0.2,0.01,0.1,1.0,2.0,0.030935921676911442,0.0175,0.9,0.5,5.0,traj,odom accum path length (m),std_dev,0.08054942464747934
coarse_search_angle_offset,0.2,0.01,0.1,1.0,2.0,0.030935921676911442,0.0175,0.9,0.5,5.0,traj,odom accum path length (m),median,11.471301
coarse_search_angle_offset,0.2,0.01,0.1,1.0,2.0,0.030935921676911442,0.0175,0.9,0.5,5.0,traj,odom accum path length (m),min,11.417043
coarse_search_angle_offset,0.2,0.01,0.1,1.0,2.0,0.030935921676911442,0.0175,0.9,0.5,5.0,traj,odom accum path length (m),max,11.644357
coarse_search_angle_offset,0.2,0.01,0.1,1.0,2.0,0.030935921676911442,0.0175,0.9,0.5,5.0,traj,total rotation (rad),mean,9.2771104
coarse_search_angle_offset,0.2,0.01,0.1,1.0,2.0,0.030935921676911442,0.0175,0.9,0.5,5.0,traj,total rotation (rad),std_dev,0.3168723478005611
coarse_search_angle_offset,0.2,0.01,0.1,1.0,2.0,0.030935921676911442,0.0175,0.9,0.5,5.0,traj,total rotation (rad),median,9.469237
coarse_search_angle_offset,0.2,0.01,0.1,1.0,2.0,0.030935921676911442,0.0175,0.9,0.5,5.0,traj,total rotation (rad),min,8.777606
coarse_search_angle_offset,0.2,0.01,0.1,1.0,2.0,0.030935921676911442,0.0175,0.9,0.5,5.0,traj,total rotation (rad),max,9.579187
coarse_search_angle_offset,0.2,0.01,0.1,1.0,2.0,0.030935921676911442,0.0175,0.9,0.5,5.0,traj,duration (s),mean,23.479200000000002
coarse_search_angle_offset,0.2,0.01,0.1,1.0,2.0,0.030935921676911442,0.0175,0.9,0.5,5.0,traj,duration (s),std_dev,0.1727812489826383
coarse_search_angle_offset,0.2,0.01,0.1,1.0,2.0,0.030935921676911442,0.0175,0.9,0.5,5.0,traj,duration (s),median,23.481
coarse_search_angle_offset,0.2,0.01,0.1,1.0,2.0,0.030935921676911442,0.0175,0.9,0.5,5.0,traj,duration (s),min,23.298000000000002
coarse_search_angle_offset,0.2,0.01,0.1,1.0,2.0,0.030935921676911442,0.0175,0.9,0.5,5.0,traj,duration (s),max,23.784000000000002
coarse_search_angle_offset,0.2,0.01,0.1,1.0,2.0,0.030935921676911442,0.0175,0.9,0.5,5.0,completion,successes,count,5.0
coarse_search_angle_offset,0.2,0.01,0.1,1.0,2.0,0.030935921676911442,0.0175,0.9,0.5,5.0,completion,failures,count,0.0
coarse_search_angle_offset,0.2,0.01,0.1,1.0,2.0,0.030935921676911442,0.0175,0.9,0.5,5.0,completion,errors,count,0.0
coarse_search_angle_offset,0.2,0.01,0.1,1.0,2.0,0.030935921676911442,0.0175,0.9,0.5,5.0,completion,data or metrics missing,count,0.0
coarse_search_angle_offset,0.2,0.01,0.1,1.0,2.0,0.030935921676911442,0.0175,0.9,0.5,5.0,latency,latency,mean,0.004595588235294119
coarse_search_angle_offset,0.2,0.01,0.1,1.0,2.0,0.030935921676911442,0.0175,0.9,0.5,5.0,latency,latency,std_dev,0.003864199704966294
coarse_search_angle_offset,0.2,0.01,0.1,1.0,2.0,0.030935921676911442,0.0175,0.9,0.5,5.0,latency,latency,median,0.003
coarse_search_angle_offset,0.2,0.01,0.1,1.0,2.0,0.030935921676911442,0.0175,0.9,0.5,5.0,latency,latency,min,0.0
coarse_search_angle_offset,0.2,0.01,0.1,1.0,2.0,0.030935921676911442,0.0175,0.9,0.5,5.0,latency,latency,max,0.015000000000000001
coarse_search_angle_offset,0.2,0.01,0.1,1.0,2.0,0.030935921676911442,0.0175,0.9,0.5,5.0,cov,trace,mean,0.005251735714285715
coarse_search_angle_offset,0.2,0.01,0.1,1.0,2.0,0.030935921676911442,0.0175,0.9,0.5,5.0,cov,trace,std_dev,0.0013758315387467333
coarse_search_angle_offset,0.2,0.01,0.1,1.0,2.0,0.030935921676911442,0.0175,0.9,0.5,5.0,cov,trace,median,0.0049169999999999995
coarse_search_angle_offset,0.2,0.01,0.1,1.0,2.0,0.030935921676911442,0.0175,0.9,0.5,5.0,cov,trace,min,0.0024999999999999996
coarse_search_angle_offset,0.2,0.01,0.1,1.0,2.0,0.030935921676911442,0.0175,0.9,0.5,5.0,cov,trace,max,0.008903
coarse_search_angle_offset,0.2,0.01,0.1,1.0,2.0,0.030935921676911442,0.0175,0.9,0.5,5.0,cov,trace,rmse,0.00542896310870817
coarse_search_angle_offset,0.2,0.01,0.1,1.0,2.0,0.030935921676911442,0.0175,0.9,0.5,5.0,cov,det,mean,3.1130727777142847e-10
coarse_search_angle_offset,0.2,0.01,0.1,1.0,2.0,0.030935921676911442,0.0175,0.9,0.5,5.0,cov,det,std_dev,2.4228273110652946e-10
coarse_search_angle_offset,0.2,0.01,0.1,1.0,2.0,0.030935921676911442,0.0175,0.9,0.5,5.0,cov,det,median,2.2900803649999997e-10
coarse_search_angle_offset,0.2,0.01,0.1,1.0,2.0,0.030935921676911442,0.0175,0.9,0.5,5.0,cov,det,min,5.328092399999983e-11
coarse_search_angle_offset,0.2,0.01,0.1,1.0,2.0,0.030935921676911442,0.0175,0.9,0.5,5.0,cov,det,max,1.6523909420000009e-09
coarse_search_angle_offset,0.2,0.01,0.1,1.0,2.0,0.030935921676911442,0.0175,0.9,0.5,5.0,cov,det,rmse,3.9447831751047636e-10
coarse_search_angle_offset,0.2,0.01,0.1,1.0,2.0,0.04374999999999998,0.0175,0.9,0.5,5.0,traj,APE,mean,0.08156587308125494
coarse_search_angle_offset,0.2,0.01,0.1,1.0,2.0,0.04374999999999998,0.0175,0.9,0.5,5.0,traj,APE,std_dev,0.05795571867175635
coarse_search_angle_offset,0.2,0.01,0.1,1.0,2.0,0.04374999999999998,0.0175,0.9,0.5,5.0,traj,APE,median,0.06060394095826532
coarse_search_angle_offset,0.2,0.01,0.1,1.0,2.0,0.04374999999999998,0.0175,0.9,0.5,5.0,traj,APE,min,8.131516293641283e-19
coarse_search_angle_offset,0.2,0.01,0.1,1.0,2.0,0.04374999999999998,0.0175,0.9,0.5,5.0,traj,APE,max,0.26471379686728325
coarse_search_angle_offset,0.2,0.01,0.1,1.0,2.0,0.04374999999999998,0.0175,0.9,0.5,5.0,traj,APE,rmse,0.10005926732825479
coarse_search_angle_offset,0.2,0.01,0.1,1.0,2.0,0.04374999999999998,0.0175,0.9,0.5,5.0,traj,RPE,mean,0.04839581202291028
coarse_search_angle_offset,0.2,0.01,0.1,1.0,2.0,0.04374999999999998,0.0175,0.9,0.5,5.0,traj,RPE,std_dev,0.030343177904646718
coarse_search_angle_offset,0.2,0.01,0.1,1.0,2.0,0.04374999999999998,0.0175,0.9,0.5,5.0,traj,RPE,median,0.04061619920999805
coarse_search_angle_offset,0.2,0.01,0.1,1.0,2.0,0.04374999999999998,0.0175,0.9,0.5,5.0,traj,RPE,min,0.0030895835444583607
coarse_search_angle_offset,0.2,0.01,0.1,1.0,2.0,0.04374999999999998,0.0175,0.9,0.5,5.0,traj,RPE,max,0.1762624162878444
coarse_search_angle_offset,0.2,0.01,0.1,1.0,2.0,0.04374999999999998,0.0175,0.9,0.5,5.0,traj,RPE,rmse,0.057121476405200766
coarse_search_angle_offset,0.2,0.01,0.1,1.0,2.0,0.04374999999999998,0.0175,0.9,0.5,5.0,traj,num associated poses,mean,28.0
coarse_search_angle_offset,0.2,0.01,0.1,1.0,2.0,0.04374999999999998,0.0175,0.9,0.5,5.0,traj,num associated poses,std_dev,0.0
coarse_search_angle_offset,0.2,0.01,0.1,1.0,2.0,0.04374999999999998,0.0175,0.9,0.5,5.0,traj,num associated poses,median,28.0
coarse_search_angle_offset,0.2,0.01,0.1,1.0,2.0,0.04374999999999998,0.0175,0.9,0.5,5.0,traj,num associated poses,min,28.0
coarse_search_angle_offset,0.2,0.01,0.1,1.0,2.0,0.04374999999999998,0.0175,0.9,0.5,5.0,traj,num associated poses,max,28.0
coarse_search_angle_offset,0.2,0.01,0.1,1.0,2.0,0.04374999999999998,0.0175,0.9,0.5,5.0,traj,num gt poses,mean,173.0
coarse_search_angle_offset,0.2,0.01,0.1,1.0,2.0,0.04374999999999998,0.0175,0.9,0.5,5.0,traj,num gt poses,std_dev,2.449489742783178
coarse_search_angle_offset,0.2,0.01,0.1,1.0,2.0,0.04374999999999998,0.0175,0.9,0.5,5.0,traj,num gt poses,median,173.0
coarse_search_angle_offset,0.2,0.01,0.1,1.0,2.0,0.04374999999999998,0.0175,0.9,0.5,5.0,traj,num gt poses,min,170.0
coarse_search_angle_offset,0.2,0.01,0.1,1.0,2.0,0.04374999999999998,0.0175,0.9,0.5,5.0,traj,num gt poses,max,177.0
coarse_search_angle_offset,0.2,0.01,0.1,1.0,2.0,0.04374999999999998,0.0175,0.9,0.5,5.0,traj,odom accum path length (m),mean,11.5137226
coarse_search_angle_offset,0.2,0.01,0.1,1.0,2.0,0.04374999999999998,0.0175,0.9,0.5,5.0,traj,odom accum path length (m),std_dev,0.046558443026372714
coarse_search_angle_offset,0.2,0.01,0.1,1.0,2.0,0.04374999999999998,0.0175,0.9,0.5,5.0,traj,odom accum path length (m),median,11.510679
coarse_search_angle_offset,0.2,0.01,0.1,1.0,2.0,0.04374999999999998,0.0175,0.9,0.5,5.0,traj,odom accum path length (m),min,11.434051
coarse_search_angle_offset,0.2,0.01,0.1,1.0,2.0,0.04374999999999998,0.0175,0.9,0.5,5.0,traj,odom accum path length (m),max,11.561498
coarse_search_angle_offset,0.2,0.01,0.1,1.0,2.0,0.04374999999999998,0.0175,0.9,0.5,5.0,traj,total rotation (rad),mean,9.3759376
coarse_search_angle_offset,0.2,0.01,0.1,1.0,2.0,0.04374999999999998,0.0175,0.9,0.5,5.0,traj,total rotation (rad),std_dev,0.3675826648146508
coarse_search_angle_offset,0.2,0.01,0.1,1.0,2.0,0.04374999999999998,0.0175,0.9,0.5,5.0,traj,total rotation (rad),median,9.480202
coarse_search_angle_offset,0.2,0.01,0.1,1.0,2.0,0.04374999999999998,0.0175,0.9,0.5,5.0,traj,total rotation (rad),min,8.870149
coarse_search_angle_offset,0.2,0.01,0.1,1.0,2.0,0.04374999999999998,0.0175,0.9,0.5,5.0,traj,total rotation (rad),max,9.821798
coarse_search_angle_offset,0.2,0.01,0.1,1.0,2.0,0.04374999999999998,0.0175,0.9,0.5,5.0,traj,duration (s),mean,23.814600000000002
coarse_search_angle_offset,0.2,0.01,0.1,1.0,2.0,0.04374999999999998,0.0175,0.9,0.5,5.0,traj,duration (s),std_dev,0.3036791728123618
coarse_search_angle_offset,0.2,0.01,0.1,1.0,2.0,0.04374999999999998,0.0175,0.9,0.5,5.0,traj,duration (s),median,23.72
coarse_search_angle_offset,0.2,0.01,0.1,1.0,2.0,0.04374999999999998,0.0175,0.9,0.5,5.0,traj,duration (s),min,23.396
coarse_search_angle_offset,0.2,0.01,0.1,1.0,2.0,0.04374999999999998,0.0175,0.9,0.5,5.0,traj,duration (s),max,24.303
coarse_search_angle_offset,0.2,0.01,0.1,1.0,2.0,0.04374999999999998,0.0175,0.9,0.5,5.0,completion,successes,count,5.0
coarse_search_angle_offset,0.2,0.01,0.1,1.0,2.0,0.04374999999999998,0.0175,0.9,0.5,5.0,completion,failures,count,0.0
coarse_search_angle_offset,0.2,0.01,0.1,1.0,2.0,0.04374999999999998,0.0175,0.9,0.5,5.0,completion,errors,count,0.0
coarse_search_angle_offset,0.2,0.01,0.1,1.0,2.0,0.04374999999999998,0.0175,0.9,0.5,5.0,completion,data or metrics missing,count,0.0
coarse_search_angle_offset,0.2,0.01,0.1,1.0,2.0,0.04374999999999998,0.0175,0.9,0.5,5.0,latency,latency,mean,0.0020642857142857147
coarse_search_angle_offset,0.2,0.01,0.1,1.0,2.0,0.04374999999999998,0.0175,0.9,0.5,5.0,latency,latency,std_dev,0.0009197104690818603
coarse_search_angle_offset,0.2,0.01,0.1,1.0,2.0,0.04374999999999998,0.0175,0.9,0.5,5.0,latency,latency,median,0.002
coarse_search_angle_offset,0.2,0.01,0.1,1.0,2.0,0.04374999999999998,0.0175,0.9,0.5,5.0,latency,latency,min,0.0
coarse_search_angle_offset,0.2,0.01,0.1,1.0,2.0,0.04374999999999998,0.0175,0.9,0.5,5.0,latency,latency,max,0.006
coarse_search_angle_offset,0.2,0.01,0.1,1.0,2.0,0.04374999999999998,0.0175,0.9,0.5,5.0,cov,trace,mean,0.005473448275862069
coarse_search_angle_offset,0.2,0.01,0.1,1.0,2.0,0.04374999999999998,0.0175,0.9,0.5,5.0,cov,trace,std_dev,0.0021569242850555848
coarse_search_angle_offset,0.2,0.01,0.1,1.0,2.0,0.04374999999999998,0.0175,0.9,0.5,5.0,cov,trace,median,0.004934
coarse_search_angle_offset,0.2,0.01,0.1,1.0,2.0,0.04374999999999998,0.0175,0.9,0.5,5.0,cov,trace,min,0.002568
coarse_search_angle_offset,0.2,0.01,0.1,1.0,2.0,0.04374999999999998,0.0175,0.9,0.5,5.0,cov,trace,max,0.020534
coarse_search_angle_offset,0.2,0.01,0.1,1.0,2.0,0.04374999999999998,0.0175,0.9,0.5,5.0,cov,trace,rmse,0.005883107886143174
coarse_search_angle_offset,0.2,0.01,0.1,1.0,2.0,0.04374999999999998,0.0175,0.9,0.5,5.0,cov,det,mean,3.9213546116551686e-10
coarse_search_angle_offset,0.2,0.01,0.1,1.0,2.0,0.04374999999999998,0.0175,0.9,0.5,5.0,cov,det,std_dev,3.281738299470003e-10
coarse_search_angle_offset,0.2,0.01,0.1,1.0,2.0,0.04374999999999998,0.0175,0.9,0.5,5.0,cov,det,median,3.320163019999988e-10
coarse_search_angle_offset,0.2,0.01,0.1,1.0,2.0,0.04374999999999998,0.0175,0.9,0.5,5.0,cov,det,min,5.122743800000001e-11
coarse_search_angle_offset,0.2,0.01,0.1,1.0,2.0,0.04374999999999998,0.0175,0.9,0.5,5.0,cov,det,max,2.4711672939999948e-09
coarse_search_angle_offset,0.2,0.01,0.1,1.0,2.0,0.04374999999999998,0.0175,0.9,0.5,5.0,cov,det,rmse,5.113396939076559e-10
coarse_search_angle_offset,0.2,0.01,0.1,1.0,2.0,0.06187184335382289,0.0175,0.9,0.5,5.0,traj,APE,mean,0.0866200981349048
coarse_search_angle_offset,0.2,0.01,0.1,1.0,2.0,0.06187184335382289,0.0175,0.9,0.5,5.0,traj,APE,std_dev,0.05690524624122877
coarse_search_angle_offset,0.2,0.01,0.1,1.0,2.0,0.06187184335382289,0.0175,0.9,0.5,5.0,traj,APE,median,0.06435489482410559
coarse_search_angle_offset,0.2,0.01,0.1,1.0,2.0,0.06187184335382289,0.0175,0.9,0.5,5.0,traj,APE,min,5.421010862427522e-20
coarse_search_angle_offset,0.2,0.01,0.1,1.0,2.0,0.06187184335382289,0.0175,0.9,0.5,5.0,traj,APE,max,0.23713716302911944
coarse_search_angle_offset,0.2,0.01,0.1,1.0,2.0,0.06187184335382289,0.0175,0.9,0.5,5.0,traj,APE,rmse,0.1036399944552074
coarse_search_angle_offset,0.2,0.01,0.1,1.0,2.0,0.06187184335382289,0.0175,0.9,0.5,5.0,traj,RPE,mean,0.05403488711473353
coarse_search_angle_offset,0.2,0.01,0.1,1.0,2.0,0.06187184335382289,0.0175,0.9,0.5,5.0,traj,RPE,std_dev,0.03002508102685564
coarse_search_angle_offset,0.2,0.01,0.1,1.0,2.0,0.06187184335382289,0.0175,0.9,0.5,5.0,traj,RPE,median,0.04594179883548763
coarse_search_angle_offset,0.2,0.01,0.1,1.0,2.0,0.06187184335382289,0.0175,0.9,0.5,5.0,traj,RPE,min,0.010730984310422496
coarse_search_angle_offset,0.2,0.01,0.1,1.0,2.0,0.06187184335382289,0.0175,0.9,0.5,5.0,traj,RPE,max,0.17645306560847138
coarse_search_angle_offset,0.2,0.01,0.1,1.0,2.0,0.06187184335382289,0.0175,0.9,0.5,5.0,traj,RPE,rmse,0.06181645829527313
coarse_search_angle_offset,0.2,0.01,0.1,1.0,2.0,0.06187184335382289,0.0175,0.9,0.5,5.0,traj,num associated poses,mean,27.8
coarse_search_angle_offset,0.2,0.01,0.1,1.0,2.0,0.06187184335382289,0.0175,0.9,0.5,5.0,traj,num associated poses,std_dev,0.39999999999999997
coarse_search_angle_offset,0.2,0.01,0.1,1.0,2.0,0.06187184335382289,0.0175,0.9,0.5,5.0,traj,num associated poses,median,28.0
coarse_search_angle_offset,0.2,0.01,0.1,1.0,2.0,0.06187184335382289,0.0175,0.9,0.5,5.0,traj,num associated poses,min,27.0
coarse_search_angle_offset,0.2,0.01,0.1,1.0,2.0,0.06187184335382289,0.0175,0.9,0.5,5.0,traj,num associated poses,max,28.0
coarse_search_angle_offset,0.2,0.01,0.1,1.0,2.0,0.06187184335382289,0.0175,0.9,0.5,5.0,traj,num gt poses,mean,172.0
coarse_search_angle_offset,0.2,0.01,0.1,1.0,2.0,0.06187184335382289,0.0175,0.9,0.5,5.0,traj,num gt poses,std_dev,1.5491933384829668
coarse_search_angle_offset,0.2,0.01,0.1,1.0,2.0,0.06187184335382289,0.0175,0.9,0.5,5.0,traj,num gt poses,median,173.0
coarse_search_angle_offset,0.2,0.01,0.1,1.0,2.0,0.06187184335382289,0.0175,0.9,0.5,5.0,traj,num gt poses,min,169.0
coarse_search_angle_offset,0.2,0.01,0.1,1.0,2.0,0.06187184335382289,0.0175,0.9,0.5,5.0,traj,num gt poses,max,173.0
coarse_search_angle_offset,0.2,0.01,0.1,1.0,2.0,0.06187184335382289,0.0175,0.9,0.5,5.0,traj,odom accum path length (m),mean,11.4843718
coarse_search_angle_offset,0.2,0.01,0.1,1.0,2.0,0.06187184335382289,0.0175,0.9,0.5,5.0,traj,odom accum path length (m),std_dev,0.05636341509312607
coarse_search_angle_offset,0.2,0.01,0.1,1.0,2.0,0.06187184335382289,0.0175,0.9,0.5,5.0,traj,odom accum path length (m),median,11.476386
coarse_search_angle_offset,0.2,0.01,0.1,1.0,2.0,0.06187184335382289,0.0175,0.9,0.5,5.0,traj,odom accum path length (m),min,11.396441
coarse_search_angle_offset,0.2,0.01,0.1,1.0,2.0,0.06187184335382289,0.0175,0.9,0.5,5.0,traj,odom accum path length (m),max,11.571538
coarse_search_angle_offset,0.2,0.01,0.1,1.0,2.0,0.06187184335382289,0.0175,0.9,0.5,5.0,traj,total rotation (rad),mean,9.457914599999999
coarse_search_angle_offset,0.2,0.01,0.1,1.0,2.0,0.06187184335382289,0.0175,0.9,0.5,5.0,traj,total rotation (rad),std_dev,0.34842631187130496
coarse_search_angle_offset,0.2,0.01,0.1,1.0,2.0,0.06187184335382289,0.0175,0.9,0.5,5.0,traj,total rotation (rad),median,9.311662
coarse_search_angle_offset,0.2,0.01,0.1,1.0,2.0,0.06187184335382289,0.0175,0.9,0.5,5.0,traj,total rotation (rad),min,9.109765
coarse_search_angle_offset,0.2,0.01,0.1,1.0,2.0,0.06187184335382289,0.0175,0.9,0.5,5.0,traj,total rotation (rad),max,10.046261
coarse_search_angle_offset,0.2,0.01,0.1,1.0,2.0,0.06187184335382289,0.0175,0.9,0.5,5.0,traj,duration (s),mean,23.5986
coarse_search_angle_offset,0.2,0.01,0.1,1.0,2.0,0.06187184335382289,0.0175,0.9,0.5,5.0,traj,duration (s),std_dev,0.2128037593652895
coarse_search_angle_offset,0.2,0.01,0.1,1.0,2.0,0.06187184335382289,0.0175,0.9,0.5,5.0,traj,duration (s),median,23.660000000000004
coarse_search_angle_offset,0.2,0.01,0.1,1.0,2.0,0.06187184335382289,0.0175,0.9,0.5,5.0,traj,duration (s),min,23.256
coarse_search_angle_offset,0.2,0.01,0.1,1.0,2.0,0.06187184335382289,0.0175,0.9,0.5,5.0,traj,duration (s),max,23.872
coarse_search_angle_offset,0.2,0.01,0.1,1.0,2.0,0.06187184335382289,0.0175,0.9,0.5,5.0,completion,successes,count,5.0
coarse_search_angle_offset,0.2,0.01,0.1,1.0,2.0,0.06187184335382289,0.0175,0.9,0.5,5.0,completion,failures,count,0.0
coarse_search_angle_offset,0.2,0.01,0.1,1.0,2.0,0.06187184335382289,0.0175,0.9,0.5,5.0,completion,errors,count,0.0
coarse_search_angle_offset,0.2,0.01,0.1,1.0,2.0,0.06187184335382289,0.0175,0.9,0.5,5.0,completion,data or metrics missing,count,0.0
coarse_search_angle_offset,0.2,0.01,0.1,1.0,2.0,0.06187184335382289,0.0175,0.9,0.5,5.0,latency,latency,mean,0.004345323741007195
coarse_search_angle_offset,0.2,0.01,0.1,1.0,2.0,0.06187184335382289,0.0175,0.9,0.5,5.0,latency,latency,std_dev,0.004502137350473649
coarse_search_angle_offset,0.2,0.01,0.1,1.0,2.0,0.06187184335382289,0.0175,0.9,0.5,5.0,latency,latency,median,0.003
coarse_search_angle_offset,0.2,0.01,0.1,1.0,2.0,0.06187184335382289,0.0175,0.9,0.5,5.0,latency,latency,min,0.0
coarse_search_angle_offset,0.2,0.01,0.1,1.0,2.0,0.06187184335382289,0.0175,0.9,0.5,5.0,latency,latency,max,0.016
coarse_search_angle_offset,0.2,0.01,0.1,1.0,2.0,0.06187184335382289,0.0175,0.9,0.5,5.0,cov,trace,mean,0.0057138652482269505
coarse_search_angle_offset,0.2,0.01,0.1,1.0,2.0,0.06187184335382289,0.0175,0.9,0.5,5.0,cov,trace,std_dev,0.002329416382695378
coarse_search_angle_offset,0.2,0.01,0.1,1.0,2.0,0.06187184335382289,0.0175,0.9,0.5,5.0,cov,trace,median,0.005055
coarse_search_angle_offset,0.2,0.01,0.1,1.0,2.0,0.06187184335382289,0.0175,0.9,0.5,5.0,cov,trace,min,0.002553
coarse_search_angle_offset,0.2,0.01,0.1,1.0,2.0,0.06187184335382289,0.0175,0.9,0.5,5.0,cov,trace,max,0.022956
coarse_search_angle_offset,0.2,0.01,0.1,1.0,2.0,0.06187184335382289,0.0175,0.9,0.5,5.0,cov,trace,rmse,0.0061704486675496495
coarse_search_angle_offset,0.2,0.01,0.1,1.0,2.0,0.06187184335382289,0.0175,0.9,0.5,5.0,cov,det,mean,4.157270779929076e-10
coarse_search_angle_offset,0.2,0.01,0.1,1.0,2.0,0.06187184335382289,0.0175,0.9,0.5,5.0,cov,det,std_dev,3.8007727934747834e-10
coarse_search_angle_offset,0.2,0.01,0.1,1.0,2.0,0.06187184335382289,0.0175,0.9,0.5,5.0,cov,det,median,3.4401498e-10
coarse_search_angle_offset,0.2,0.01,0.1,1.0,2.0,0.06187184335382289,0.0175,0.9,0.5,5.0,cov,det,min,5.329454900000001e-11
coarse_search_angle_offset,0.2,0.01,0.1,1.0,2.0,0.06187184335382289,0.0175,0.9,0.5,5.0,cov,det,max,3.704141887999993e-09
coarse_search_angle_offset,0.2,0.01,0.1,1.0,2.0,0.06187184335382289,0.0175,0.9,0.5,5.0,cov,det,rmse,5.632830031633319e-10
coarse_search_angle_offset,0.2,0.01,0.1,1.0,2.0,0.08749999999999998,0.0175,0.9,0.5,5.0,traj,APE,mean,0.07491108719850485
coarse_search_angle_offset,0.2,0.01,0.1,1.0,2.0,0.08749999999999998,0.0175,0.9,0.5,5.0,traj,APE,std_dev,0.04898678588549123
coarse_search_angle_offset,0.2,0.01,0.1,1.0,2.0,0.08749999999999998,0.0175,0.9,0.5,5.0,traj,APE,median,0.0597172912371291
coarse_search_angle_offset,0.2,0.01,0.1,1.0,2.0,0.08749999999999998,0.0175,0.9,0.5,5.0,traj,APE,min,5.421010862427522e-20
coarse_search_angle_offset,0.2,0.01,0.1,1.0,2.0,0.08749999999999998,0.0175,0.9,0.5,5.0,traj,APE,max,0.23429488855724068
coarse_search_angle_offset,0.2,0.01,0.1,1.0,2.0,0.08749999999999998,0.0175,0.9,0.5,5.0,traj,APE,rmse,0.08950629126856367
coarse_search_angle_offset,0.2,0.01,0.1,1.0,2.0,0.08749999999999998,0.0175,0.9,0.5,5.0,traj,RPE,mean,0.0569840665136576
coarse_search_angle_offset,0.2,0.01,0.1,1.0,2.0,0.08749999999999998,0.0175,0.9,0.5,5.0,traj,RPE,std_dev,0.03425697624411918
coarse_search_angle_offset,0.2,0.01,0.1,1.0,2.0,0.08749999999999998,0.0175,0.9,0.5,5.0,traj,RPE,median,0.04672268672179786
coarse_search_angle_offset,0.2,0.01,0.1,1.0,2.0,0.08749999999999998,0.0175,0.9,0.5,5.0,traj,RPE,min,0.003955805782206583
coarse_search_angle_offset,0.2,0.01,0.1,1.0,2.0,0.08749999999999998,0.0175,0.9,0.5,5.0,traj,RPE,max,0.15698225884384234
coarse_search_angle_offset,0.2,0.01,0.1,1.0,2.0,0.08749999999999998,0.0175,0.9,0.5,5.0,traj,RPE,rmse,0.06648852726465747
coarse_search_angle_offset,0.2,0.01,0.1,1.0,2.0,0.08749999999999998,0.0175,0.9,0.5,5.0,traj,num associated poses,mean,27.2
coarse_search_angle_offset,0.2,0.01,0.1,1.0,2.0,0.08749999999999998,0.0175,0.9,0.5,5.0,traj,num associated poses,std_dev,0.7483314773547883
coarse_search_angle_offset,0.2,0.01,0.1,1.0,2.0,0.08749999999999998,0.0175,0.9,0.5,5.0,traj,num associated poses,median,27.0
coarse_search_angle_offset,0.2,0.01,0.1,1.0,2.0,0.08749999999999998,0.0175,0.9,0.5,5.0,traj,num associated poses,min,26.0
coarse_search_angle_offset,0.2,0.01,0.1,1.0,2.0,0.08749999999999998,0.0175,0.9,0.5,5.0,traj,num associated poses,max,28.0
coarse_search_angle_offset,0.2,0.01,0.1,1.0,2.0,0.08749999999999998,0.0175,0.9,0.5,5.0,traj,num gt poses,mean,176.4
coarse_search_angle_offset,0.2,0.01,0.1,1.0,2.0,0.08749999999999998,0.0175,0.9,0.5,5.0,traj,num gt poses,std_dev,5.276362383309167
coarse_search_angle_offset,0.2,0.01,0.1,1.0,2.0,0.08749999999999998,0.0175,0.9,0.5,5.0,traj,num gt poses,median,176.0
coarse_search_angle_offset,0.2,0.01,0.1,1.0,2.0,0.08749999999999998,0.0175,0.9,0.5,5.0,traj,num gt poses,min,171.0
coarse_search_angle_offset,0.2,0.01,0.1,1.0,2.0,0.08749999999999998,0.0175,0.9,0.5,5.0,traj,num gt poses,max,185.0
coarse_search_angle_offset,0.2,0.01,0.1,1.0,2.0,0.08749999999999998,0.0175,0.9,0.5,5.0,traj,odom accum path length (m),mean,11.5302488
coarse_search_angle_offset,0.2,0.01,0.1,1.0,2.0,0.08749999999999998,0.0175,0.9,0.5,5.0,traj,odom accum path length (m),std_dev,0.08938152347862473
coarse_search_angle_offset,0.2,0.01,0.1,1.0,2.0,0.08749999999999998,0.0175,0.9,0.5,5.0,traj,odom accum path length (m),median,11.530851
coarse_search_angle_offset,0.2,0.01,0.1,1.0,2.0,0.08749999999999998,0.0175,0.9,0.5,5.0,traj,odom accum path length (m),min,11.434727
coarse_search_angle_offset,0.2,0.01,0.1,1.0,2.0,0.08749999999999998,0.0175,0.9,0.5,5.0,traj,odom accum path length (m),max,11.686653
coarse_search_angle_offset,0.2,0.01,0.1,1.0,2.0,0.08749999999999998,0.0175,0.9,0.5,5.0,traj,total rotation (rad),mean,9.805146600000002
coarse_search_angle_offset,0.2,0.01,0.1,1.0,2.0,0.08749999999999998,0.0175,0.9,0.5,5.0,traj,total rotation (rad),std_dev,0.3197574890910921
coarse_search_angle_offset,0.2,0.01,0.1,1.0,2.0,0.08749999999999998,0.0175,0.9,0.5,5.0,traj,total rotation (rad),median,9.764397
coarse_search_angle_offset,0.2,0.01,0.1,1.0,2.0,0.08749999999999998,0.0175,0.9,0.5,5.0,traj,total rotation (rad),min,9.383653
coarse_search_angle_offset,0.2,0.01,0.1,1.0,2.0,0.08749999999999998,0.0175,0.9,0.5,5.0,traj,total rotation (rad),max,10.28267
coarse_search_angle_offset,0.2,0.01,0.1,1.0,2.0,0.08749999999999998,0.0175,0.9,0.5,5.0,traj,duration (s),mean,24.2486
coarse_search_angle_offset,0.2,0.01,0.1,1.0,2.0,0.08749999999999998,0.0175,0.9,0.5,5.0,traj,duration (s),std_dev,0.7335738817597043
coarse_search_angle_offset,0.2,0.01,0.1,1.0,2.0,0.08749999999999998,0.0175,0.9,0.5,5.0,traj,duration (s),median,24.226999999999997
coarse_search_angle_offset,0.2,0.01,0.1,1.0,2.0,0.08749999999999998,0.0175,0.9,0.5,5.0,traj,duration (s),min,23.392
coarse_search_angle_offset,0.2,0.01,0.1,1.0,2.0,0.08749999999999998,0.0175,0.9,0.5,5.0,traj,duration (s),max,25.415
coarse_search_angle_offset,0.2,0.01,0.1,1.0,2.0,0.08749999999999998,0.0175,0.9,0.5,5.0,completion,successes,count,5.0
coarse_search_angle_offset,0.2,0.01,0.1,1.0,2.0,0.08749999999999998,0.0175,0.9,0.5,5.0,completion,failures,count,0.0
coarse_search_angle_offset,0.2,0.01,0.1,1.0,2.0,0.08749999999999998,0.0175,0.9,0.5,5.0,completion,errors,count,0.0
coarse_search_angle_offset,0.2,0.01,0.1,1.0,2.0,0.08749999999999998,0.0175,0.9,0.5,5.0,completion,data or metrics missing,count,0.0
coarse_search_angle_offset,0.2,0.01,0.1,1.0,2.0,0.08749999999999998,0.0175,0.9,0.5,5.0,latency,latency,mean,0.0036323529411764707
coarse_search_angle_offset,0.2,0.01,0.1,1.0,2.0,0.08749999999999998,0.0175,0.9,0.5,5.0,latency,latency,std_dev,0.002313034750665339
coarse_search_angle_offset,0.2,0.01,0.1,1.0,2.0,0.08749999999999998,0.0175,0.9,0.5,5.0,latency,latency,median,0.003
coarse_search_angle_offset,0.2,0.01,0.1,1.0,2.0,0.08749999999999998,0.0175,0.9,0.5,5.0,latency,latency,min,0.001
coarse_search_angle_offset,0.2,0.01,0.1,1.0,2.0,0.08749999999999998,0.0175,0.9,0.5,5.0,latency,latency,max,0.016
coarse_search_angle_offset,0.2,0.01,0.1,1.0,2.0,0.08749999999999998,0.0175,0.9,0.5,5.0,cov,trace,mean,0.0056363191489361706
coarse_search_angle_offset,0.2,0.01,0.1,1.0,2.0,0.08749999999999998,0.0175,0.9,0.5,5.0,cov,trace,std_dev,0.002413787407771655
coarse_search_angle_offset,0.2,0.01,0.1,1.0,2.0,0.08749999999999998,0.0175,0.9,0.5,5.0,cov,trace,median,0.004982
coarse_search_angle_offset,0.2,0.01,0.1,1.0,2.0,0.08749999999999998,0.0175,0.9,0.5,5.0,cov,trace,min,0.002653
coarse_search_angle_offset,0.2,0.01,0.1,1.0,2.0,0.08749999999999998,0.0175,0.9,0.5,5.0,cov,trace,max,0.021833
coarse_search_angle_offset,0.2,0.01,0.1,1.0,2.0,0.08749999999999998,0.0175,0.9,0.5,5.0,cov,trace,rmse,0.006131432393705533
coarse_search_angle_offset,0.2,0.01,0.1,1.0,2.0,0.08749999999999998,0.0175,0.9,0.5,5.0,cov,det,mean,3.8915464995744665e-10
coarse_search_angle_offset,0.2,0.01,0.1,1.0,2.0,0.08749999999999998,0.0175,0.9,0.5,5.0,cov,det,std_dev,4.262349745518975e-10
coarse_search_angle_offset,0.2,0.01,0.1,1.0,2.0,0.08749999999999998,0.0175,0.9,0.5,5.0,cov,det,median,2.3194565399999976e-10
coarse_search_angle_offset,0.2,0.01,0.1,1.0,2.0,0.08749999999999998,0.0175,0.9,0.5,5.0,cov,det,min,5.903305199999995e-11
coarse_search_angle_offset,0.2,0.01,0.1,1.0,2.0,0.08749999999999998,0.0175,0.9,0.5,5.0,cov,det,max,3.3614114479999967e-09
coarse_search_angle_offset,0.2,0.01,0.1,1.0,2.0,0.08749999999999998,0.0175,0.9,0.5,5.0,cov,det,rmse,5.771634041714354e-10
coarse_search_angle_offset,0.2,0.01,0.1,1.0,2.0,0.1237436867076458,0.0175,0.9,0.5,5.0,traj,APE,mean,0.08392998707915922
coarse_search_angle_offset,0.2,0.01,0.1,1.0,2.0,0.1237436867076458,0.0175,0.9,0.5,5.0,traj,APE,std_dev,0.06379520365322484
coarse_search_angle_offset,0.2,0.01,0.1,1.0,2.0,0.1237436867076458,0.0175,0.9,0.5,5.0,traj,APE,median,0.06382654187724665
coarse_search_angle_offset,0.2,0.01,0.1,1.0,2.0,0.1237436867076458,0.0175,0.9,0.5,5.0,traj,APE,min,5.421010862427522e-20
coarse_search_angle_offset,0.2,0.01,0.1,1.0,2.0,0.1237436867076458,0.0175,0.9,0.5,5.0,traj,APE,max,0.29434801000375205
coarse_search_angle_offset,0.2,0.01,0.1,1.0,2.0,0.1237436867076458,0.0175,0.9,0.5,5.0,traj,APE,rmse,0.10542329315793672
coarse_search_angle_offset,0.2,0.01,0.1,1.0,2.0,0.1237436867076458,0.0175,0.9,0.5,5.0,traj,RPE,mean,0.05105035219296434
coarse_search_angle_offset,0.2,0.01,0.1,1.0,2.0,0.1237436867076458,0.0175,0.9,0.5,5.0,traj,RPE,std_dev,0.029498646243175993
coarse_search_angle_offset,0.2,0.01,0.1,1.0,2.0,0.1237436867076458,0.0175,0.9,0.5,5.0,traj,RPE,median,0.040943053283571916
coarse_search_angle_offset,0.2,0.01,0.1,1.0,2.0,0.1237436867076458,0.0175,0.9,0.5,5.0,traj,RPE,min,0.0121288571417894
coarse_search_angle_offset,0.2,0.01,0.1,1.0,2.0,0.1237436867076458,0.0175,0.9,0.5,5.0,traj,RPE,max,0.15988425281688778
coarse_search_angle_offset,0.2,0.01,0.1,1.0,2.0,0.1237436867076458,0.0175,0.9,0.5,5.0,traj,RPE,rmse,0.05896022887680933
coarse_search_angle_offset,0.2,0.01,0.1,1.0,2.0,0.1237436867076458,0.0175,0.9,0.5,5.0,traj,num associated poses,mean,28.0
coarse_search_angle_offset,0.2,0.01,0.1,1.0,2.0,0.1237436867076458,0.0175,0.9,0.5,5.0,traj,num associated poses,std_dev,0.8944271909999159
coarse_search_angle_offset,0.2,0.01,0.1,1.0,2.0,0.1237436867076458,0.0175,0.9,0.5,5.0,traj,num associated poses,median,28.0
coarse_search_angle_offset,0.2,0.01,0.1,1.0,2.0,0.1237436867076458,0.0175,0.9,0.5,5.0,traj,num associated poses,min,27.0
coarse_search_angle_offset,0.2,0.01,0.1,1.0,2.0,0.1237436867076458,0.0175,0.9,0.5,5.0,traj,num associated poses,max,29.0
coarse_search_angle_offset,0.2,0.01,0.1,1.0,2.0,0.1237436867076458,0.0175,0.9,0.5,5.0,traj,num gt poses,mean,172.6
coarse_search_angle_offset,0.2,0.01,0.1,1.0,2.0,0.1237436867076458,0.0175,0.9,0.5,5.0,traj,num gt poses,std_dev,2.416609194718914
coarse_search_angle_offset,0.2,0.01,0.1,1.0,2.0,0.1237436867076458,0.0175,0.9,0.5,5.0,traj,num gt poses,median,171.0
coarse_search_angle_offset,0.2,0.01,0.1,1.0,2.0,0.1237436867076458,0.0175,0.9,0.5,5.0,traj,num gt poses,min,170.0
coarse_search_angle_offset,0.2,0.01,0.1,1.0,2.0,0.1237436867076458,0.0175,0.9,0.5,5.0,traj,num gt poses,max,176.0
coarse_search_angle_offset,0.2,0.01,0.1,1.0,2.0,0.1237436867076458,0.0175,0.9,0.5,5.0,traj,odom accum path length (m),mean,11.5434968
coarse_search_angle_offset,0.2,0.01,0.1,1.0,2.0,0.1237436867076458,0.0175,0.9,0.5,5.0,traj,odom accum path length (m),std_dev,0.12459738037759852
coarse_search_angle_offset,0.2,0.01,0.1,1.0,2.0,0.1237436867076458,0.0175,0.9,0.5,5.0,traj,odom accum path length (m),median,11.526873
coarse_search_angle_offset,0.2,0.01,0.1,1.0,2.0,0.1237436867076458,0.0175,0.9,0.5,5.0,traj,odom accum path length (m),min,11.410401
coarse_search_angle_offset,0.2,0.01,0.1,1.0,2.0,0.1237436867076458,0.0175,0.9,0.5,5.0,traj,odom accum path length (m),max,11.728593
coarse_search_angle_offset,0.2,0.01,0.1,1.0,2.0,0.1237436867076458,0.0175,0.9,0.5,5.0,traj,total rotation (rad),mean,9.4786228
coarse_search_angle_offset,0.2,0.01,0.1,1.0,2.0,0.1237436867076458,0.0175,0.9,0.5,5.0,traj,total rotation (rad),std_dev,0.45954223571088615
coarse_search_angle_offset,0.2,0.01,0.1,1.0,2.0,0.1237436867076458,0.0175,0.9,0.5,5.0,traj,total rotation (rad),median,9.529943
coarse_search_angle_offset,0.2,0.01,0.1,1.0,2.0,0.1237436867076458,0.0175,0.9,0.5,5.0,traj,total rotation (rad),min,8.83622
coarse_search_angle_offset,0.2,0.01,0.1,1.0,2.0,0.1237436867076458,0.0175,0.9,0.5,5.0,traj,total rotation (rad),max,10.186428
coarse_search_angle_offset,0.2,0.01,0.1,1.0,2.0,0.1237436867076458,0.0175,0.9,0.5,5.0,traj,duration (s),mean,23.6708
coarse_search_angle_offset,0.2,0.01,0.1,1.0,2.0,0.1237436867076458,0.0175,0.9,0.5,5.0,traj,duration (s),std_dev,0.3336263778540307
coarse_search_angle_offset,0.2,0.01,0.1,1.0,2.0,0.1237436867076458,0.0175,0.9,0.5,5.0,traj,duration (s),median,23.497
coarse_search_angle_offset,0.2,0.01,0.1,1.0,2.0,0.1237436867076458,0.0175,0.9,0.5,5.0,traj,duration (s),min,23.248999999999995
coarse_search_angle_offset,0.2,0.01,0.1,1.0,2.0,0.1237436867076458,0.0175,0.9,0.5,5.0,traj,duration (s),max,24.092999999999996
coarse_search_angle_offset,0.2,0.01,0.1,1.0,2.0,0.1237436867076458,0.0175,0.9,0.5,5.0,completion,successes,count,5.0
coarse_search_angle_offset,0.2,0.01,0.1,1.0,2.0,0.1237436867076458,0.0175,0.9,0.5,5.0,completion,failures,count,0.0
coarse_search_angle_offset,0.2,0.01,0.1,1.0,2.0,0.1237436867076458,0.0175,0.9,0.5,5.0,completion,errors,count,0.0
coarse_search_angle_offset,0.2,0.01,0.1,1.0,2.0,0.1237436867076458,0.0175,0.9,0.5,5.0,completion,data or metrics missing,count,0.0
coarse_search_angle_offset,0.2,0.01,0.1,1.0,2.0,0.1237436867076458,0.0175,0.9,0.5,5.0,latency,latency,mean,0.003285714285714286
coarse_search_angle_offset,0.2,0.01,0.1,1.0,2.0,0.1237436867076458,0.0175,0.9,0.5,5.0,latency,latency,std_dev,0.0021885602386882905
coarse_search_angle_offset,0.2,0.01,0.1,1.0,2.0,0.1237436867076458,0.0175,0.9,0.5,5.0,latency,latency,median,0.003
coarse_search_angle_offset,0.2,0.01,0.1,1.0,2.0,0.1237436867076458,0.0175,0.9,0.5,5.0,latency,latency,min,0.0
coarse_search_angle_offset,0.2,0.01,0.1,1.0,2.0,0.1237436867076458,0.0175,0.9,0.5,5.0,latency,latency,max,0.011000000000000001
coarse_search_angle_offset,0.2,0.01,0.1,1.0,2.0,0.1237436867076458,0.0175,0.9,0.5,5.0,cov,trace,mean,0.005539736111111111
coarse_search_angle_offset,0.2,0.01,0.1,1.0,2.0,0.1237436867076458,0.0175,0.9,0.5,5.0,cov,trace,std_dev,0.001619309690827267
coarse_search_angle_offset,0.2,0.01,0.1,1.0,2.0,0.1237436867076458,0.0175,0.9,0.5,5.0,cov,trace,median,0.0050475
coarse_search_angle_offset,0.2,0.01,0.1,1.0,2.0,0.1237436867076458,0.0175,0.9,0.5,5.0,cov,trace,min,0.002445
coarse_search_angle_offset,0.2,0.01,0.1,1.0,2.0,0.1237436867076458,0.0175,0.9,0.5,5.0,cov,trace,max,0.010078
coarse_search_angle_offset,0.2,0.01,0.1,1.0,2.0,0.1237436867076458,0.0175,0.9,0.5,5.0,cov,trace,rmse,0.00577155438816577
coarse_search_angle_offset,0.2,0.01,0.1,1.0,2.0,0.1237436867076458,0.0175,0.9,0.5,5.0,cov,det,mean,3.7123371958333315e-10
coarse_search_angle_offset,0.2,0.01,0.1,1.0,2.0,0.1237436867076458,0.0175,0.9,0.5,5.0,cov,det,std_dev,3.2066781289034934e-10
coarse_search_angle_offset,0.2,0.01,0.1,1.0,2.0,0.1237436867076458,0.0175,0.9,0.5,5.0,cov,det,median,2.5584904199999985e-10
coarse_search_angle_offset,0.2,0.01,0.1,1.0,2.0,0.1237436867076458,0.0175,0.9,0.5,5.0,cov,det,min,5.48411840000001e-11
coarse_search_angle_offset,0.2,0.01,0.1,1.0,2.0,0.1237436867076458,0.0175,0.9,0.5,5.0,cov,det,max,1.8481662859999982e-09
coarse_search_angle_offset,0.2,0.01,0.1,1.0,2.0,0.1237436867076458,0.0175,0.9,0.5,5.0,cov,det,rmse,4.905530764143233e-10
coarse_search_angle_offset,0.2,0.01,0.1,1.0,2.0,0.175,0.0175,0.9,0.5,5.0,traj,APE,mean,0.08928280784457758
coarse_search_angle_offset,0.2,0.01,0.1,1.0,2.0,0.175,0.0175,0.9,0.5,5.0,traj,APE,std_dev,0.06387252678416395
coarse_search_angle_offset,0.2,0.01,0.1,1.0,2.0,0.175,0.0175,0.9,0.5,5.0,traj,APE,median,0.06515783334474706
coarse_search_angle_offset,0.2,0.01,0.1,1.0,2.0,0.175,0.0175,0.9,0.5,5.0,traj,APE,min,5.421010862427522e-20
coarse_search_angle_offset,0.2,0.01,0.1,1.0,2.0,0.175,0.0175,0.9,0.5,5.0,traj,APE,max,0.31176147989786374
coarse_search_angle_offset,0.2,0.01,0.1,1.0,2.0,0.175,0.0175,0.9,0.5,5.0,traj,APE,rmse,0.10977759085717587
coarse_search_angle_offset,0.2,0.01,0.1,1.0,2.0,0.175,0.0175,0.9,0.5,5.0,traj,RPE,mean,0.05751800015141055
coarse_search_angle_offset,0.2,0.01,0.1,1.0,2.0,0.175,0.0175,0.9,0.5,5.0,traj,RPE,std_dev,0.03611973460539427
coarse_search_angle_offset,0.2,0.01,0.1,1.0,2.0,0.175,0.0175,0.9,0.5,5.0,traj,RPE,median,0.04751872326390198
coarse_search_angle_offset,0.2,0.01,0.1,1.0,2.0,0.175,0.0175,0.9,0.5,5.0,traj,RPE,min,0.009339914440796937
coarse_search_angle_offset,0.2,0.01,0.1,1.0,2.0,0.175,0.0175,0.9,0.5,5.0,traj,RPE,max,0.202844790065996
coarse_search_angle_offset,0.2,0.01,0.1,1.0,2.0,0.175,0.0175,0.9,0.5,5.0,traj,RPE,rmse,0.0679187424013562
coarse_search_angle_offset,0.2,0.01,0.1,1.0,2.0,0.175,0.0175,0.9,0.5,5.0,traj,num associated poses,mean,29.0
coarse_search_angle_offset,0.2,0.01,0.1,1.0,2.0,0.175,0.0175,0.9,0.5,5.0,traj,num associated poses,std_dev,2.756809750418044
coarse_search_angle_offset,0.2,0.01,0.1,1.0,2.0,0.175,0.0175,0.9,0.5,5.0,traj,num associated poses,median,27.0
coarse_search_angle_offset,0.2,0.01,0.1,1.0,2.0,0.175,0.0175,0.9,0.5,5.0,traj,num associated poses,min,27.0
coarse_search_angle_offset,0.2,0.01,0.1,1.0,2.0,0.175,0.0175,0.9,0.5,5.0,traj,num associated poses,max,34.0
coarse_search_angle_offset,0.2,0.01,0.1,1.0,2.0,0.175,0.0175,0.9,0.5,5.0,traj,num gt poses,mean,181.4
coarse_search_angle_offset,0.2,0.01,0.1,1.0,2.0,0.175,0.0175,0.9,0.5,5.0,traj,num gt poses,std_dev,13.54400236266961
coarse_search_angle_offset,0.2,0.01,0.1,1.0,2.0,0.175,0.0175,0.9,0.5,5.0,traj,num gt poses,median,175.0
coarse_search_angle_offset,0.2,0.01,0.1,1.0,2.0,0.175,0.0175,0.9,0.5,5.0,traj,num gt poses,min,170.0
coarse_search_angle_offset,0.2,0.01,0.1,1.0,2.0,0.175,0.0175,0.9,0.5,5.0,traj,num gt poses,max,207.0
coarse_search_angle_offset,0.2,0.01,0.1,1.0,2.0,0.175,0.0175,0.9,0.5,5.0,traj,odom accum path length (m),mean,11.8008898
coarse_search_angle_offset,0.2,0.01,0.1,1.0,2.0,0.175,0.0175,0.9,0.5,5.0,traj,odom accum path length (m),std_dev,0.5335212227289182
coarse_search_angle_offset,0.2,0.01,0.1,1.0,2.0,0.175,0.0175,0.9,0.5,5.0,traj,odom accum path length (m),median,11.520534
coarse_search_angle_offset,0.2,0.01,0.1,1.0,2.0,0.175,0.0175,0.9,0.5,5.0,traj,odom accum path length (m),min,11.382607
coarse_search_angle_offset,0.2,0.01,0.1,1.0,2.0,0.175,0.0175,0.9,0.5,5.0,traj,odom accum path length (m),max,12.842611
coarse_search_angle_offset,0.2,0.01,0.1,1.0,2.0,0.175,0.0175,0.9,0.5,5.0,traj,total rotation (rad),mean,10.494087400000002
coarse_search_angle_offset,0.2,0.01,0.1,1.0,2.0,0.175,0.0175,0.9,0.5,5.0,traj,total rotation (rad),std_dev,1.8609614949270281
coarse_search_angle_offset,0.2,0.01,0.1,1.0,2.0,0.175,0.0175,0.9,0.5,5.0,traj,total rotation (rad),median,9.448753
coarse_search_angle_offset,0.2,0.01,0.1,1.0,2.0,0.175,0.0175,0.9,0.5,5.0,traj,total rotation (rad),min,8.819461
coarse_search_angle_offset,0.2,0.01,0.1,1.0,2.0,0.175,0.0175,0.9,0.5,5.0,traj,total rotation (rad),max,13.50555
coarse_search_angle_offset,0.2,0.01,0.1,1.0,2.0,0.175,0.0175,0.9,0.5,5.0,traj,duration (s),mean,24.9874
coarse_search_angle_offset,0.2,0.01,0.1,1.0,2.0,0.175,0.0175,0.9,0.5,5.0,traj,duration (s),std_dev,1.875371493864614
coarse_search_angle_offset,0.2,0.01,0.1,1.0,2.0,0.175,0.0175,0.9,0.5,5.0,traj,duration (s),median,24.14
coarse_search_angle_offset,0.2,0.01,0.1,1.0,2.0,0.175,0.0175,0.9,0.5,5.0,traj,duration (s),min,23.415999999999997
coarse_search_angle_offset,0.2,0.01,0.1,1.0,2.0,0.175,0.0175,0.9,0.5,5.0,traj,duration (s),max,28.491999999999997
coarse_search_angle_offset,0.2,0.01,0.1,1.0,2.0,0.175,0.0175,0.9,0.5,5.0,completion,successes,count,5.0
coarse_search_angle_offset,0.2,0.01,0.1,1.0,2.0,0.175,0.0175,0.9,0.5,5.0,completion,failures,count,0.0
coarse_search_angle_offset,0.2,0.01,0.1,1.0,2.0,0.175,0.0175,0.9,0.5,5.0,completion,errors,count,0.0
coarse_search_angle_offset,0.2,0.01,0.1,1.0,2.0,0.175,0.0175,0.9,0.5,5.0,completion,data or metrics missing,count,0.0
coarse_search_angle_offset,0.2,0.01,0.1,1.0,2.0,0.175,0.0175,0.9,0.5,5.0,latency,latency,mean,0.0053241379310344835
coarse_search_angle_offset,0.2,0.01,0.1,1.0,2.0,0.175,0.0175,0.9,0.5,5.0,latency,latency,std_dev,0.0046710890092888585
coarse_search_angle_offset,0.2,0.01,0.1,1.0,2.0,0.175,0.0175,0.9,0.5,5.0,latency,latency,median,0.003
coarse_search_angle_offset,0.2,0.01,0.1,1.0,2.0,0.175,0.0175,0.9,0.5,5.0,latency,latency,min,0.0
coarse_search_angle_offset,0.2,0.01,0.1,1.0,2.0,0.175,0.0175,0.9,0.5,5.0,latency,latency,max,0.019
coarse_search_angle_offset,0.2,0.01,0.1,1.0,2.0,0.175,0.0175,0.9,0.5,5.0,cov,trace,mean,0.005683253333333332
coarse_search_angle_offset,0.2,0.01,0.1,1.0,2.0,0.175,0.0175,0.9,0.5,5.0,cov,trace,std_dev,0.002379389331142669
coarse_search_angle_offset,0.2,0.01,0.1,1.0,2.0,0.175,0.0175,0.9,0.5,5.0,cov,trace,median,0.005089
coarse_search_angle_offset,0.2,0.01,0.1,1.0,2.0,0.175,0.0175,0.9,0.5,5.0,cov,trace,min,0.002607
coarse_search_angle_offset,0.2,0.01,0.1,1.0,2.0,0.175,0.0175,0.9,0.5,5.0,cov,trace,max,0.022941
coarse_search_angle_offset,0.2,0.01,0.1,1.0,2.0,0.175,0.0175,0.9,0.5,5.0,cov,trace,rmse,0.006161238677408951
coarse_search_angle_offset,0.2,0.01,0.1,1.0,2.0,0.175,0.0175,0.9,0.5,5.0,cov,det,mean,4.056915339533333e-10
coarse_search_angle_offset,0.2,0.01,0.1,1.0,2.0,0.175,0.0175,0.9,0.5,5.0,cov,det,std_dev,5.131920765639963e-10
coarse_search_angle_offset,0.2,0.01,0.1,1.0,2.0,0.175,0.0175,0.9,0.5,5.0,cov,det,median,2.8186057000000036e-10
coarse_search_angle_offset,0.2,0.01,0.1,1.0,2.0,0.175,0.0175,0.9,0.5,5.0,cov,det,min,5.6272345999999903e-11
coarse_search_angle_offset,0.2,0.01,0.1,1.0,2.0,0.175,0.0175,0.9,0.5,5.0,cov,det,max,4.948278644000008e-09
coarse_search_angle_offset,0.2,0.01,0.1,1.0,2.0,0.175,0.0175,0.9,0.5,5.0,cov,det,rmse,6.541801954885788e-10
coarse_search_angle_offset,0.2,0.01,0.1,1.0,2.0,0.24748737341529164,0.0175,0.9,0.5,5.0,traj,APE,mean,0.07719232311260475
coarse_search_angle_offset,0.2,0.01,0.1,1.0,2.0,0.24748737341529164,0.0175,0.9,0.5,5.0,traj,APE,std_dev,0.054489442982591015
coarse_search_angle_offset,0.2,0.01,0.1,1.0,2.0,0.24748737341529164,0.0175,0.9,0.5,5.0,traj,APE,median,0.06162095290919913
coarse_search_angle_offset,0.2,0.01,0.1,1.0,2.0,0.24748737341529164,0.0175,0.9,0.5,5.0,traj,APE,min,5.421010862427522e-20
coarse_search_angle_offset,0.2,0.01,0.1,1.0,2.0,0.24748737341529164,0.0175,0.9,0.5,5.0,traj,APE,max,0.26143855672467453
coarse_search_angle_offset,0.2,0.01,0.1,1.0,2.0,0.24748737341529164,0.0175,0.9,0.5,5.0,traj,APE,rmse,0.09448679349027468
coarse_search_angle_offset,0.2,0.01,0.1,1.0,2.0,0.24748737341529164,0.0175,0.9,0.5,5.0,traj,RPE,mean,0.04838161063021013
coarse_search_angle_offset,0.2,0.01,0.1,1.0,2.0,0.24748737341529164,0.0175,0.9,0.5,5.0,traj,RPE,std_dev,0.02363918506669775
coarse_search_angle_offset,0.2,0.01,0.1,1.0,2.0,0.24748737341529164,0.0175,0.9,0.5,5.0,traj,RPE,median,0.04333819165172669
coarse_search_angle_offset,0.2,0.01,0.1,1.0,2.0,0.24748737341529164,0.0175,0.9,0.5,5.0,traj,RPE,min,0.012805412434058411
coarse_search_angle_offset,0.2,0.01,0.1,1.0,2.0,0.24748737341529164,0.0175,0.9,0.5,5.0,traj,RPE,max,0.1423093921725662
coarse_search_angle_offset,0.2,0.01,0.1,1.0,2.0,0.24748737341529164,0.0175,0.9,0.5,5.0,traj,RPE,rmse,0.053847853418598296
coarse_search_angle_offset,0.2,0.01,0.1,1.0,2.0,0.24748737341529164,0.0175,0.9,0.5,5.0,traj,num associated poses,mean,28.6
coarse_search_angle_offset,0.2,0.01,0.1,1.0,2.0,0.24748737341529164,0.0175,0.9,0.5,5.0,traj,num associated poses,std_dev,1.624807680927192
coarse_search_angle_offset,0.2,0.01,0.1,1.0,2.0,0.24748737341529164,0.0175,0.9,0.5,5.0,traj,num associated poses,median,28.0
coarse_search_angle_offset,0.2,0.01,0.1,1.0,2.0,0.24748737341529164,0.0175,0.9,0.5,5.0,traj,num associated poses,min,27.0
coarse_search_angle_offset,0.2,0.01,0.1,1.0,2.0,0.24748737341529164,0.0175,0.9,0.5,5.0,traj,num associated poses,max,31.0
coarse_search_angle_offset,0.2,0.01,0.1,1.0,2.0,0.24748737341529164,0.0175,0.9,0.5,5.0,traj,num gt poses,mean,180.8
coarse_search_angle_offset,0.2,0.01,0.1,1.0,2.0,0.24748737341529164,0.0175,0.9,0.5,5.0,traj,num gt poses,std_dev,8.37615663654877
coarse_search_angle_offset,0.2,0.01,0.1,1.0,2.0,0.24748737341529164,0.0175,0.9,0.5,5.0,traj,num gt poses,median,175.0
coarse_search_angle_offset,0.2,0.01,0.1,1.0,2.0,0.24748737341529164,0.0175,0.9,0.5,5.0,traj,num gt poses,min,173.0
coarse_search_angle_offset,0.2,0.01,0.1,1.0,2.0,0.24748737341529164,0.0175,0.9,0.5,5.0,traj,num gt poses,max,192.0
coarse_search_angle_offset,0.2,0.01,0.1,1.0,2.0,0.24748737341529164,0.0175,0.9,0.5,5.0,traj,odom accum path length (m),mean,11.581759800000002
coarse_search_angle_offset,0.2,0.01,0.1,1.0,2.0,0.24748737341529164,0.0175,0.9,0.5,5.0,traj,odom accum path length (m),std_dev,0.09693446852466887
coarse_search_angle_offset,0.2,0.01,0.1,1.0,2.0,0.24748737341529164,0.0175,0.9,0.5,5.0,traj,odom accum path length (m),median,11.574412
coarse_search_angle_offset,0.2,0.01,0.1,1.0,2.0,0.24748737341529164,0.0175,0.9,0.5,5.0,traj,odom accum path length (m),min,11.455662
coarse_search_angle_offset,0.2,0.01,0.1,1.0,2.0,0.24748737341529164,0.0175,0.9,0.5,5.0,traj,odom accum path length (m),max,11.72869
coarse_search_angle_offset,0.2,0.01,0.1,1.0,2.0,0.24748737341529164,0.0175,0.9,0.5,5.0,traj,total rotation (rad),mean,10.4520316
coarse_search_angle_offset,0.2,0.01,0.1,1.0,2.0,0.24748737341529164,0.0175,0.9,0.5,5.0,traj,total rotation (rad),std_dev,1.2939195931268064
coarse_search_angle_offset,0.2,0.01,0.1,1.0,2.0,0.24748737341529164,0.0175,0.9,0.5,5.0,traj,total rotation (rad),median,10.172958
coarse_search_angle_offset,0.2,0.01,0.1,1.0,2.0,0.24748737341529164,0.0175,0.9,0.5,5.0,traj,total rotation (rad),min,8.848176
coarse_search_angle_offset,0.2,0.01,0.1,1.0,2.0,0.24748737341529164,0.0175,0.9,0.5,5.0,traj,total rotation (rad),max,12.345926
coarse_search_angle_offset,0.2,0.01,0.1,1.0,2.0,0.24748737341529164,0.0175,0.9,0.5,5.0,traj,duration (s),mean,24.8644
coarse_search_angle_offset,0.2,0.01,0.1,1.0,2.0,0.24748737341529164,0.0175,0.9,0.5,5.0,traj,duration (s),std_dev,1.169915484126952
coarse_search_angle_offset,0.2,0.01,0.1,1.0,2.0,0.24748737341529164,0.0175,0.9,0.5,5.0,traj,duration (s),median,24.354
coarse_search_angle_offset,0.2,0.01,0.1,1.0,2.0,0.24748737341529164,0.0175,0.9,0.5,5.0,traj,duration (s),min,23.576999999999998
coarse_search_angle_offset,0.2,0.01,0.1,1.0,2.0,0.24748737341529164,0.0175,0.9,0.5,5.0,traj,duration (s),max,26.391
coarse_search_angle_offset,0.2,0.01,0.1,1.0,2.0,0.24748737341529164,0.0175,0.9,0.5,5.0,completion,successes,count,5.0
coarse_search_angle_offset,0.2,0.01,0.1,1.0,2.0,0.24748737341529164,0.0175,0.9,0.5,5.0,completion,failures,count,0.0
coarse_search_angle_offset,0.2,0.01,0.1,1.0,2.0,0.24748737341529164,0.0175,0.9,0.5,5.0,completion,errors,count,0.0
coarse_search_angle_offset,0.2,0.01,0.1,1.0,2.0,0.24748737341529164,0.0175,0.9,0.5,5.0,completion,data or metrics missing,count,0.0
coarse_search_angle_offset,0.2,0.01,0.1,1.0,2.0,0.24748737341529164,0.0175,0.9,0.5,5.0,latency,latency,mean,0.003447552447552448
coarse_search_angle_offset,0.2,0.01,0.1,1.0,2.0,0.24748737341529164,0.0175,0.9,0.5,5.0,latency,latency,std_dev,0.0014420184070982219
coarse_search_angle_offset,0.2,0.01,0.1,1.0,2.0,0.24748737341529164,0.0175,0.9,0.5,5.0,latency,latency,median,0.003
coarse_search_angle_offset,0.2,0.01,0.1,1.0,2.0,0.24748737341529164,0.0175,0.9,0.5,5.0,latency,latency,min,0.0
coarse_search_angle_offset,0.2,0.01,0.1,1.0,2.0,0.24748737341529164,0.0175,0.9,0.5,5.0,latency,latency,max,0.008
coarse_search_angle_offset,0.2,0.01,0.1,1.0,2.0,0.24748737341529164,0.0175,0.9,0.5,5.0,cov,trace,mean,0.005428182432432431
coarse_search_angle_offset,0.2,0.01,0.1,1.0,2.0,0.24748737341529164,0.0175,0.9,0.5,5.0,cov,trace,std_dev,0.0014619912607290572
coarse_search_angle_offset,0.2,0.01,0.1,1.0,2.0,0.24748737341529164,0.0175,0.9,0.5,5.0,cov,trace,median,0.00499
coarse_search_angle_offset,0.2,0.01,0.1,1.0,2.0,0.24748737341529164,0.0175,0.9,0.5,5.0,cov,trace,min,0.002689
coarse_search_angle_offset,0.2,0.01,0.1,1.0,2.0,0.24748737341529164,0.0175,0.9,0.5,5.0,cov,trace,max,0.010388999999999999
coarse_search_angle_offset,0.2,0.01,0.1,1.0,2.0,0.24748737341529164,0.0175,0.9,0.5,5.0,cov,trace,rmse,0.005621617468862162
coarse_search_angle_offset,0.2,0.01,0.1,1.0,2.0,0.24748737341529164,0.0175,0.9,0.5,5.0,cov,det,mean,3.578782450405405e-10
coarse_search_angle_offset,0.2,0.01,0.1,1.0,2.0,0.24748737341529164,0.0175,0.9,0.5,5.0,cov,det,std_dev,2.721347262220591e-10
coarse_search_angle_offset,0.2,0.01,0.1,1.0,2.0,0.24748737341529164,0.0175,0.9,0.5,5.0,cov,det,median,2.743883274999998e-10
coarse_search_angle_offset,0.2,0.01,0.1,1.0,2.0,0.24748737341529164,0.0175,0.9,0.5,5.0,cov,det,min,9.090111400000005e-11
coarse_search_angle_offset,0.2,0.01,0.1,1.0,2.0,0.24748737341529164,0.0175,0.9,0.5,5.0,cov,det,max,1.7251334639999982e-09
coarse_search_angle_offset,0.2,0.01,0.1,1.0,2.0,0.24748737341529164,0.0175,0.9,0.5,5.0,cov,det,rmse,4.4959331343921495e-10
coarse_search_angle_offset,0.2,0.01,0.1,1.0,2.0,0.35000000000000003,0.0175,0.9,0.5,5.0,traj,APE,mean,0.06357861501966862
coarse_search_angle_offset,0.2,0.01,0.1,1.0,2.0,0.35000000000000003,0.0175,0.9,0.5,5.0,traj,APE,std_dev,0.04385709712204683
coarse_search_angle_offset,0.2,0.01,0.1,1.0,2.0,0.35000000000000003,0.0175,0.9,0.5,5.0,traj,APE,median,0.049822657551885564
coarse_search_angle_offset,0.2,0.01,0.1,1.0,2.0,0.35000000000000003,0.0175,0.9,0.5,5.0,traj,APE,min,5.421010862427522e-20
coarse_search_angle_offset,0.2,0.01,0.1,1.0,2.0,0.35000000000000003,0.0175,0.9,0.5,5.0,traj,APE,max,0.21547189227475158
coarse_search_angle_offset,0.2,0.01,0.1,1.0,2.0,0.35000000000000003,0.0175,0.9,0.5,5.0,traj,APE,rmse,0.07723784859634479
coarse_search_angle_offset,0.2,0.01,0.1,1.0,2.0,0.35000000000000003,0.0175,0.9,0.5,5.0,traj,RPE,mean,0.047275444607792545
coarse_search_angle_offset,0.2,0.01,0.1,1.0,2.0,0.35000000000000003,0.0175,0.9,0.5,5.0,traj,RPE,std_dev,0.02820155553932326
coarse_search_angle_offset,0.2,0.01,0.1,1.0,2.0,0.35000000000000003,0.0175,0.9,0.5,5.0,traj,RPE,median,0.039140654967224006
coarse_search_angle_offset,0.2,0.01,0.1,1.0,2.0,0.35000000000000003,0.0175,0.9,0.5,5.0,traj,RPE,min,0.009364849517070022
coarse_search_angle_offset,0.2,0.01,0.1,1.0,2.0,0.35000000000000003,0.0175,0.9,0.5,5.0,traj,RPE,max,0.19555066550703906
coarse_search_angle_offset,0.2,0.01,0.1,1.0,2.0,0.35000000000000003,0.0175,0.9,0.5,5.0,traj,RPE,rmse,0.055048118929732694
coarse_search_angle_offset,0.2,0.01,0.1,1.0,2.0,0.35000000000000003,0.0175,0.9,0.5,5.0,traj,num associated poses,mean,27.2
coarse_search_angle_offset,0.2,0.01,0.1,1.0,2.0,0.35000000000000003,0.0175,0.9,0.5,5.0,traj,num associated poses,std_dev,0.39999999999999997
coarse_search_angle_offset,0.2,0.01,0.1,1.0,2.0,0.35000000000000003,0.0175,0.9,0.5,5.0,traj,num associated poses,median,27.0
coarse_search_angle_offset,0.2,0.01,0.1,1.0,2.0,0.35000000000000003,0.0175,0.9,0.5,5.0,traj,num associated poses,min,27.0
coarse_search_angle_offset,0.2,0.01,0.1,1.0,2.0,0.35000000000000003,0.0175,0.9,0.5,5.0,traj,num associated poses,max,28.0
coarse_search_angle_offset,0.2,0.01,0.1,1.0,2.0,0.35000000000000003,0.0175,0.9,0.5,5.0,traj,num gt poses,mean,171.8
coarse_search_angle_offset,0.2,0.01,0.1,1.0,2.0,0.35000000000000003,0.0175,0.9,0.5,5.0,traj,num gt poses,std_dev,1.469693845669907
coarse_search_angle_offset,0.2,0.01,0.1,1.0,2.0,0.35000000000000003,0.0175,0.9,0.5,5.0,traj,num gt poses,median,171.0
coarse_search_angle_offset,0.2,0.01,0.1,1.0,2.0,0.35000000000000003,0.0175,0.9,0.5,5.0,traj,num gt poses,min,170.0
coarse_search_angle_offset,0.2,0.01,0.1,1.0,2.0,0.35000000000000003,0.0175,0.9,0.5,5.0,traj,num gt poses,max,174.0
coarse_search_angle_offset,0.2,0.01,0.1,1.0,2.0,0.35000000000000003,0.0175,0.9,0.5,5.0,traj,odom accum path length (m),mean,11.4990482
coarse_search_angle_offset,0.2,0.01,0.1,1.0,2.0,0.35000000000000003,0.0175,0.9,0.5,5.0,traj,odom accum path length (m),std_dev,0.0521544913555868
coarse_search_angle_offset,0.2,0.01,0.1,1.0,2.0,0.35000000000000003,0.0175,0.9,0.5,5.0,traj,odom accum path length (m),median,11.511834
coarse_search_angle_offset,0.2,0.01,0.1,1.0,2.0,0.35000000000000003,0.0175,0.9,0.5,5.0,traj,odom accum path length (m),min,11.410481
coarse_search_angle_offset,0.2,0.01,0.1,1.0,2.0,0.35000000000000003,0.0175,0.9,0.5,5.0,traj,odom accum path length (m),max,11.570622
coarse_search_angle_offset,0.2,0.01,0.1,1.0,2.0,0.35000000000000003,0.0175,0.9,0.5,5.0,traj,total rotation (rad),mean,9.295978
coarse_search_angle_offset,0.2,0.01,0.1,1.0,2.0,0.35000000000000003,0.0175,0.9,0.5,5.0,traj,total rotation (rad),std_dev,0.5048920293825209
coarse_search_angle_offset,0.2,0.01,0.1,1.0,2.0,0.35000000000000003,0.0175,0.9,0.5,5.0,traj,total rotation (rad),median,9.018806
coarse_search_angle_offset,0.2,0.01,0.1,1.0,2.0,0.35000000000000003,0.0175,0.9,0.5,5.0,traj,total rotation (rad),min,8.798412
coarse_search_angle_offset,0.2,0.01,0.1,1.0,2.0,0.35000000000000003,0.0175,0.9,0.5,5.0,traj,total rotation (rad),max,10.032203
coarse_search_angle_offset,0.2,0.01,0.1,1.0,2.0,0.35000000000000003,0.0175,0.9,0.5,5.0,traj,duration (s),mean,23.5968
coarse_search_angle_offset,0.2,0.01,0.1,1.0,2.0,0.35000000000000003,0.0175,0.9,0.5,5.0,traj,duration (s),std_dev,0.21151491673165718
coarse_search_angle_offset,0.2,0.01,0.1,1.0,2.0,0.35000000000000003,0.0175,0.9,0.5,5.0,traj,duration (s),median,23.566000000000003
coarse_search_angle_offset,0.2,0.01,0.1,1.0,2.0,0.35000000000000003,0.0175,0.9,0.5,5.0,traj,duration (s),min,23.261
coarse_search_angle_offset,0.2,0.01,0.1,1.0,2.0,0.35000000000000003,0.0175,0.9,0.5,5.0,traj,duration (s),max,23.891
coarse_search_angle_offset,0.2,0.01,0.1,1.0,2.0,0.35000000000000003,0.0175,0.9,0.5,5.0,completion,successes,count,5.0
coarse_search_angle_offset,0.2,0.01,0.1,1.0,2.0,0.35000000000000003,0.0175,0.9,0.5,5.0,completion,failures,count,0.0
coarse_search_angle_offset,0.2,0.01,0.1,1.0,2.0,0.35000000000000003,0.0175,0.9,0.5,5.0,completion,errors,count,0.0
coarse_search_angle_offset,0.2,0.01,0.1,1.0,2.0,0.35000000000000003,0.0175,0.9,0.5,5.0,completion,data or metrics missing,count,0.0
coarse_search_angle_offset,0.2,0.01,0.1,1.0,2.0,0.35000000000000003,0.0175,0.9,0.5,5.0,latency,latency,mean,0.0032205882352941174
coarse_search_angle_offset,0.2,0.01,0.1,1.0,2.0,0.35000000000000003,0.0175,0.9,0.5,5.0,latency,latency,std_dev,0.00132115800626142
coarse_search_angle_offset,0.2,0.01,0.1,1.0,2.0,0.35000000000000003,0.0175,0.9,0.5,5.0,latency,latency,median,0.003
coarse_search_angle_offset,0.2,0.01,0.1,1.0,2.0,0.35000000000000003,0.0175,0.9,0.5,5.0,latency,latency,min,0.0
coarse_search_angle_offset,0.2,0.01,0.1,1.0,2.0,0.35000000000000003,0.0175,0.9,0.5,5.0,latency,latency,max,0.007
coarse_search_angle_offset,0.2,0.01,0.1,1.0,2.0,0.35000000000000003,0.0175,0.9,0.5,5.0,cov,trace,mean,0.005442321428571428
coarse_search_angle_offset,0.2,0.01,0.1,1.0,2.0,0.35000000000000003,0.0175,0.9,0.5,5.0,cov,trace,std_dev,0.0013975570229503907
coarse_search_angle_offset,0.2,0.01,0.1,1.0,2.0,0.35000000000000003,0.0175,0.9,0.5,5.0,cov,trace,median,0.00505
coarse_search_angle_offset,0.2,0.01,0.1,1.0,2.0,0.35000000000000003,0.0175,0.9,0.5,5.0,cov,trace,min,0.002485
coarse_search_angle_offset,0.2,0.01,0.1,1.0,2.0,0.35000000000000003,0.0175,0.9,0.5,5.0,cov,trace,max,0.010133
coarse_search_angle_offset,0.2,0.01,0.1,1.0,2.0,0.35000000000000003,0.0175,0.9,0.5,5.0,cov,trace,rmse,0.005618899195063542
coarse_search_angle_offset,0.2,0.01,0.1,1.0,2.0,0.35000000000000003,0.0175,0.9,0.5,5.0,cov,det,mean,3.4273600362857134e-10
coarse_search_angle_offset,0.2,0.01,0.1,1.0,2.0,0.35000000000000003,0.0175,0.9,0.5,5.0,cov,det,std_dev,2.672803394008502e-10
coarse_search_angle_offset,0.2,0.01,0.1,1.0,2.0,0.35000000000000003,0.0175,0.9,0.5,5.0,cov,det,median,2.3278481000000023e-10
coarse_search_angle_offset,0.2,0.01,0.1,1.0,2.0,0.35000000000000003,0.0175,0.9,0.5,5.0,cov,det,min,6.350704400000001e-11
coarse_search_angle_offset,0.2,0.01,0.1,1.0,2.0,0.35000000000000003,0.0175,0.9,0.5,5.0,cov,det,max,1.5492142740000038e-09
coarse_search_angle_offset,0.2,0.01,0.1,1.0,2.0,0.35000000000000003,0.0175,0.9,0.5,5.0,cov,det,rmse,4.3463403917953515e-10
coarse_search_angle_offset,0.2,0.01,0.1,1.0,2.0,0.49497474683058335,0.0175,0.9,0.5,5.0,traj,APE,mean,0.09497202345542165
coarse_search_angle_offset,0.2,0.01,0.1,1.0,2.0,0.49497474683058335,0.0175,0.9,0.5,5.0,traj,APE,std_dev,0.066013240075819
coarse_search_angle_offset,0.2,0.01,0.1,1.0,2.0,0.49497474683058335,0.0175,0.9,0.5,5.0,traj,APE,median,0.07623113836471573
coarse_search_angle_offset,0.2,0.01,0.1,1.0,2.0,0.49497474683058335,0.0175,0.9,0.5,5.0,traj,APE,min,5.421010862427522e-20
coarse_search_angle_offset,0.2,0.01,0.1,1.0,2.0,0.49497474683058335,0.0175,0.9,0.5,5.0,traj,APE,max,0.31404100260070394
coarse_search_angle_offset,0.2,0.01,0.1,1.0,2.0,0.49497474683058335,0.0175,0.9,0.5,5.0,traj,APE,rmse,0.11566085381201746
coarse_search_angle_offset,0.2,0.01,0.1,1.0,2.0,0.49497474683058335,0.0175,0.9,0.5,5.0,traj,RPE,mean,0.054576659770742275
coarse_search_angle_offset,0.2,0.01,0.1,1.0,2.0,0.49497474683058335,0.0175,0.9,0.5,5.0,traj,RPE,std_dev,0.040261856991240415
coarse_search_angle_offset,0.2,0.01,0.1,1.0,2.0,0.49497474683058335,0.0175,0.9,0.5,5.0,traj,RPE,median,0.043656000428012216
coarse_search_angle_offset,0.2,0.01,0.1,1.0,2.0,0.49497474683058335,0.0175,0.9,0.5,5.0,traj,RPE,min,0.005297785037095419
coarse_search_angle_offset,0.2,0.01,0.1,1.0,2.0,0.49497474683058335,0.0175,0.9,0.5,5.0,traj,RPE,max,0.29722195741868945
coarse_search_angle_offset,0.2,0.01,0.1,1.0,2.0,0.49497474683058335,0.0175,0.9,0.5,5.0,traj,RPE,rmse,0.06782056413886907
coarse_search_angle_offset,0.2,0.01,0.1,1.0,2.0,0.49497474683058335,0.0175,0.9,0.5,5.0,traj,num associated poses,mean,30.0
coarse_search_angle_offset,0.2,0.01,0.1,1.0,2.0,0.49497474683058335,0.0175,0.9,0.5,5.0,traj,num associated poses,std_dev,5.019960159204453
coarse_search_angle_offset,0.2,0.01,0.1,1.0,2.0,0.49497474683058335,0.0175,0.9,0.5,5.0,traj,num associated poses,median,28.0
coarse_search_angle_offset,0.2,0.01,0.1,1.0,2.0,0.49497474683058335,0.0175,0.9,0.5,5.0,traj,num associated poses,min,27.0
coarse_search_angle_offset,0.2,0.01,0.1,1.0,2.0,0.49497474683058335,0.0175,0.9,0.5,5.0,traj,num associated poses,max,40.0
coarse_search_angle_offset,0.2,0.01,0.1,1.0,2.0,0.49497474683058335,0.0175,0.9,0.5,5.0,traj,num gt poses,mean,188.2
coarse_search_angle_offset,0.2,0.01,0.1,1.0,2.0,0.49497474683058335,0.0175,0.9,0.5,5.0,traj,num gt poses,std_dev,29.935931587308254
coarse_search_angle_offset,0.2,0.01,0.1,1.0,2.0,0.49497474683058335,0.0175,0.9,0.5,5.0,traj,num gt poses,median,173.0
coarse_search_angle_offset,0.2,0.01,0.1,1.0,2.0,0.49497474683058335,0.0175,0.9,0.5,5.0,traj,num gt poses,min,172.0
coarse_search_angle_offset,0.2,0.01,0.1,1.0,2.0,0.49497474683058335,0.0175,0.9,0.5,5.0,traj,num gt poses,max,248.0
coarse_search_angle_offset,0.2,0.01,0.1,1.0,2.0,0.49497474683058335,0.0175,0.9,0.5,5.0,traj,odom accum path length (m),mean,11.511862
coarse_search_angle_offset,0.2,0.01,0.1,1.0,2.0,0.49497474683058335,0.0175,0.9,0.5,5.0,traj,odom accum path length (m),std_dev,0.07462377020494156
coarse_search_angle_offset,0.2,0.01,0.1,1.0,2.0,0.49497474683058335,0.0175,0.9,0.5,5.0,traj,odom accum path length (m),median,11.515313
coarse_search_angle_offset,0.2,0.01,0.1,1.0,2.0,0.49497474683058335,0.0175,0.9,0.5,5.0,traj,odom accum path length (m),min,11.4029
coarse_search_angle_offset,0.2,0.01,0.1,1.0,2.0,0.49497474683058335,0.0175,0.9,0.5,5.0,traj,odom accum path length (m),max,11.629366
coarse_search_angle_offset,0.2,0.01,0.1,1.0,2.0,0.49497474683058335,0.0175,0.9,0.5,5.0,traj,total rotation (rad),mean,9.697258799999998
coarse_search_angle_offset,0.2,0.01,0.1,1.0,2.0,0.49497474683058335,0.0175,0.9,0.5,5.0,traj,total rotation (rad),std_dev,0.40920774615757194
coarse_search_angle_offset,0.2,0.01,0.1,1.0,2.0,0.49497474683058335,0.0175,0.9,0.5,5.0,traj,total rotation (rad),median,9.799874
coarse_search_angle_offset,0.2,0.01,0.1,1.0,2.0,0.49497474683058335,0.0175,0.9,0.5,5.0,traj,total rotation (rad),min,9.087517
coarse_search_angle_offset,0.2,0.01,0.1,1.0,2.0,0.49497474683058335,0.0175,0.9,0.5,5.0,traj,total rotation (rad),max,10.194007
coarse_search_angle_offset,0.2,0.01,0.1,1.0,2.0,0.49497474683058335,0.0175,0.9,0.5,5.0,traj,duration (s),mean,25.792199999999998
coarse_search_angle_offset,0.2,0.01,0.1,1.0,2.0,0.49497474683058335,0.0175,0.9,0.5,5.0,traj,duration (s),std_dev,4.037551852298616
coarse_search_angle_offset,0.2,0.01,0.1,1.0,2.0,0.49497474683058335,0.0175,0.9,0.5,5.0,traj,duration (s),median,23.820999999999998
coarse_search_angle_offset,0.2,0.01,0.1,1.0,2.0,0.49497474683058335,0.0175,0.9,0.5,5.0,traj,duration (s),min,23.653
coarse_search_angle_offset,0.2,0.01,0.1,1.0,2.0,0.49497474683058335,0.0175,0.9,0.5,5.0,traj,duration (s),max,33.864999999999995
coarse_search_angle_offset,0.2,0.01,0.1,1.0,2.0,0.49497474683058335,0.0175,0.9,0.5,5.0,completion,successes,count,5.0
coarse_search_angle_offset,0.2,0.01,0.1,1.0,2.0,0.49497474683058335,0.0175,0.9,0.5,5.0,completion,failures,count,0.0
coarse_search_angle_offset,0.2,0.01,0.1,1.0,2.0,0.49497474683058335,0.0175,0.9,0.5,5.0,completion,errors,count,0.0
coarse_search_angle_offset,0.2,0.01,0.1,1.0,2.0,0.49497474683058335,0.0175,0.9,0.5,5.0,completion,data or metrics missing,count,0.0
coarse_search_angle_offset,0.2,0.01,0.1,1.0,2.0,0.49497474683058335,0.0175,0.9,0.5,5.0,latency,latency,mean,0.005313333333333334
coarse_search_angle_offset,0.2,0.01,0.1,1.0,2.0,0.49497474683058335,0.0175,0.9,0.5,5.0,latency,latency,std_dev,0.0039414661682622065
coarse_search_angle_offset,0.2,0.01,0.1,1.0,2.0,0.49497474683058335,0.0175,0.9,0.5,5.0,latency,latency,median,0.004
coarse_search_angle_offset,0.2,0.01,0.1,1.0,2.0,0.49497474683058335,0.0175,0.9,0.5,5.0,latency,latency,min,0.0
coarse_search_angle_offset,0.2,0.01,0.1,1.0,2.0,0.49497474683058335,0.0175,0.9,0.5,5.0,latency,latency,max,0.019
coarse_search_angle_offset,0.2,0.01,0.1,1.0,2.0,0.49497474683058335,0.0175,0.9,0.5,5.0,cov,trace,mean,0.005501564935064935
coarse_search_angle_offset,0.2,0.01,0.1,1.0,2.0,0.49497474683058335,0.0175,0.9,0.5,5.0,cov,trace,std_dev,0.00176619350003041
coarse_search_angle_offset,0.2,0.01,0.1,1.0,2.0,0.49497474683058335,0.0175,0.9,0.5,5.0,cov,trace,median,0.005012
coarse_search_angle_offset,0.2,0.01,0.1,1.0,2.0,0.49497474683058335,0.0175,0.9,0.5,5.0,cov,trace,min,0.002553
coarse_search_angle_offset,0.2,0.01,0.1,1.0,2.0,0.49497474683058335,0.0175,0.9,0.5,5.0,cov,trace,max,0.016217
coarse_search_angle_offset,0.2,0.01,0.1,1.0,2.0,0.49497474683058335,0.0175,0.9,0.5,5.0,cov,trace,rmse,0.005778118743525934
coarse_search_angle_offset,0.2,0.01,0.1,1.0,2.0,0.49497474683058335,0.0175,0.9,0.5,5.0,cov,det,mean,4.055399896168829e-10
coarse_search_angle_offset,0.2,0.01,0.1,1.0,2.0,0.49497474683058335,0.0175,0.9,0.5,5.0,cov,det,std_dev,2.96684637192781e-10
coarse_search_angle_offset,0.2,0.01,0.1,1.0,2.0,0.49497474683058335,0.0175,0.9,0.5,5.0,cov,det,median,3.3612020150000036e-10
coarse_search_angle_offset,0.2,0.01,0.1,1.0,2.0,0.49497474683058335,0.0175,0.9,0.5,5.0,cov,det,min,8.13645500000001e-11
coarse_search_angle_offset,0.2,0.01,0.1,1.0,2.0,0.49497474683058335,0.0175,0.9,0.5,5.0,cov,det,max,2.13178043e-09
coarse_search_angle_offset,0.2,0.01,0.1,1.0,2.0,0.49497474683058335,0.0175,0.9,0.5,5.0,cov,det,rmse,5.024783150790426e-10
coarse_search_angle_offset,0.2,0.01,0.1,1.0,2.0,0.7000000000000002,0.0175,0.9,0.5,5.0,traj,APE,mean,0.08653144849619364
coarse_search_angle_offset,0.2,0.01,0.1,1.0,2.0,0.7000000000000002,0.0175,0.9,0.5,5.0,traj,APE,std_dev,0.0593822838644753
coarse_search_angle_offset,0.2,0.01,0.1,1.0,2.0,0.7000000000000002,0.0175,0.9,0.5,5.0,traj,APE,median,0.06857749654189141
coarse_search_angle_offset,0.2,0.01,0.1,1.0,2.0,0.7000000000000002,0.0175,0.9,0.5,5.0,traj,APE,min,5.421010862427522e-20
coarse_search_angle_offset,0.2,0.01,0.1,1.0,2.0,0.7000000000000002,0.0175,0.9,0.5,5.0,traj,APE,max,0.325606266708342
coarse_search_angle_offset,0.2,0.01,0.1,1.0,2.0,0.7000000000000002,0.0175,0.9,0.5,5.0,traj,APE,rmse,0.1049473544964833
coarse_search_angle_offset,0.2,0.01,0.1,1.0,2.0,0.7000000000000002,0.0175,0.9,0.5,5.0,traj,RPE,mean,0.056281440390088394
coarse_search_angle_offset,0.2,0.01,0.1,1.0,2.0,0.7000000000000002,0.0175,0.9,0.5,5.0,traj,RPE,std_dev,0.0362400682574473
coarse_search_angle_offset,0.2,0.01,0.1,1.0,2.0,0.7000000000000002,0.0175,0.9,0.5,5.0,traj,RPE,median,0.04449088487064147
coarse_search_angle_offset,0.2,0.01,0.1,1.0,2.0,0.7000000000000002,0.0175,0.9,0.5,5.0,traj,RPE,min,0.012663377671801784
coarse_search_angle_offset,0.2,0.01,0.1,1.0,2.0,0.7000000000000002,0.0175,0.9,0.5,5.0,traj,RPE,max,0.19630957412565483
coarse_search_angle_offset,0.2,0.01,0.1,1.0,2.0,0.7000000000000002,0.0175,0.9,0.5,5.0,traj,RPE,rmse,0.06693984672590393
coarse_search_angle_offset,0.2,0.01,0.1,1.0,2.0,0.7000000000000002,0.0175,0.9,0.5,5.0,traj,num associated poses,mean,30.4
coarse_search_angle_offset,0.2,0.01,0.1,1.0,2.0,0.7000000000000002,0.0175,0.9,0.5,5.0,traj,num associated poses,std_dev,3.9293765408777004
coarse_search_angle_offset,0.2,0.01,0.1,1.0,2.0,0.7000000000000002,0.0175,0.9,0.5,5.0,traj,num associated poses,median,29.0
coarse_search_angle_offset,0.2,0.01,0.1,1.0,2.0,0.7000000000000002,0.0175,0.9,0.5,5.0,traj,num associated poses,min,27.0
coarse_search_angle_offset,0.2,0.01,0.1,1.0,2.0,0.7000000000000002,0.0175,0.9,0.5,5.0,traj,num associated poses,max,38.0
coarse_search_angle_offset,0.2,0.01,0.1,1.0,2.0,0.7000000000000002,0.0175,0.9,0.5,5.0,traj,num gt poses,mean,178.4
coarse_search_angle_offset,0.2,0.01,0.1,1.0,2.0,0.7000000000000002,0.0175,0.9,0.5,5.0,traj,num gt poses,std_dev,8.114185110040317
coarse_search_angle_offset,0.2,0.01,0.1,1.0,2.0,0.7000000000000002,0.0175,0.9,0.5,5.0,traj,num gt poses,median,177.0
coarse_search_angle_offset,0.2,0.01,0.1,1.0,2.0,0.7000000000000002,0.0175,0.9,0.5,5.0,traj,num gt poses,min,170.0
coarse_search_angle_offset,0.2,0.01,0.1,1.0,2.0,0.7000000000000002,0.0175,0.9,0.5,5.0,traj,num gt poses,max,193.0
coarse_search_angle_offset,0.2,0.01,0.1,1.0,2.0,0.7000000000000002,0.0175,0.9,0.5,5.0,traj,odom accum path length (m),mean,11.7287594
coarse_search_angle_offset,0.2,0.01,0.1,1.0,2.0,0.7000000000000002,0.0175,0.9,0.5,5.0,traj,odom accum path length (m),std_dev,0.20387151999982722
coarse_search_angle_offset,0.2,0.01,0.1,1.0,2.0,0.7000000000000002,0.0175,0.9,0.5,5.0,traj,odom accum path length (m),median,11.7036
coarse_search_angle_offset,0.2,0.01,0.1,1.0,2.0,0.7000000000000002,0.0175,0.9,0.5,5.0,traj,odom accum path length (m),min,11.480229
coarse_search_angle_offset,0.2,0.01,0.1,1.0,2.0,0.7000000000000002,0.0175,0.9,0.5,5.0,traj,odom accum path length (m),max,11.968928
coarse_search_angle_offset,0.2,0.01,0.1,1.0,2.0,0.7000000000000002,0.0175,0.9,0.5,5.0,traj,total rotation (rad),mean,10.9713838
coarse_search_angle_offset,0.2,0.01,0.1,1.0,2.0,0.7000000000000002,0.0175,0.9,0.5,5.0,traj,total rotation (rad),std_dev,2.1434177439107294
coarse_search_angle_offset,0.2,0.01,0.1,1.0,2.0,0.7000000000000002,0.0175,0.9,0.5,5.0,traj,total rotation (rad),median,10.011005
coarse_search_angle_offset,0.2,0.01,0.1,1.0,2.0,0.7000000000000002,0.0175,0.9,0.5,5.0,traj,total rotation (rad),min,9.236934
coarse_search_angle_offset,0.2,0.01,0.1,1.0,2.0,0.7000000000000002,0.0175,0.9,0.5,5.0,traj,total rotation (rad),max,15.104492
coarse_search_angle_offset,0.2,0.01,0.1,1.0,2.0,0.7000000000000002,0.0175,0.9,0.5,5.0,traj,duration (s),mean,24.531800000000004
coarse_search_angle_offset,0.2,0.01,0.1,1.0,2.0,0.7000000000000002,0.0175,0.9,0.5,5.0,traj,duration (s),std_dev,1.1105891049348529
coarse_search_angle_offset,0.2,0.01,0.1,1.0,2.0,0.7000000000000002,0.0175,0.9,0.5,5.0,traj,duration (s),median,24.431000000000004
coarse_search_angle_offset,0.2,0.01,0.1,1.0,2.0,0.7000000000000002,0.0175,0.9,0.5,5.0,traj,duration (s),min,23.388000000000005
coarse_search_angle_offset,0.2,0.01,0.1,1.0,2.0,0.7000000000000002,0.0175,0.9,0.5,5.0,traj,duration (s),max,26.564
coarse_search_angle_offset,0.2,0.01,0.1,1.0,2.0,0.7000000000000002,0.0175,0.9,0.5,5.0,completion,successes,count,5.0
coarse_search_angle_offset,0.2,0.01,0.1,1.0,2.0,0.7000000000000002,0.0175,0.9,0.5,5.0,completion,failures,count,0.0
coarse_search_angle_offset,0.2,0.01,0.1,1.0,2.0,0.7000000000000002,0.0175,0.9,0.5,5.0,completion,errors,count,0.0
coarse_search_angle_offset,0.2,0.01,0.1,1.0,2.0,0.7000000000000002,0.0175,0.9,0.5,5.0,completion,data or metrics missing,count,0.0
coarse_search_angle_offset,0.2,0.01,0.1,1.0,2.0,0.7000000000000002,0.0175,0.9,0.5,5.0,latency,latency,mean,0.006868421052631579
coarse_search_angle_offset,0.2,0.01,0.1,1.0,2.0,0.7000000000000002,0.0175,0.9,0.5,5.0,latency,latency,std_dev,0.00448049017896115
coarse_search_angle_offset,0.2,0.01,0.1,1.0,2.0,0.7000000000000002,0.0175,0.9,0.5,5.0,latency,latency,median,0.005
coarse_search_angle_offset,0.2,0.01,0.1,1.0,2.0,0.7000000000000002,0.0175,0.9,0.5,5.0,latency,latency,min,0.0
coarse_search_angle_offset,0.2,0.01,0.1,1.0,2.0,0.7000000000000002,0.0175,0.9,0.5,5.0,latency,latency,max,0.018000000000000002
coarse_search_angle_offset,0.2,0.01,0.1,1.0,2.0,0.7000000000000002,0.0175,0.9,0.5,5.0,cov,trace,mean,0.0056462756410256415
coarse_search_angle_offset,0.2,0.01,0.1,1.0,2.0,0.7000000000000002,0.0175,0.9,0.5,5.0,cov,trace,std_dev,0.0025865919181318688
coarse_search_angle_offset,0.2,0.01,0.1,1.0,2.0,0.7000000000000002,0.0175,0.9,0.5,5.0,cov,trace,median,0.0049185
coarse_search_angle_offset,0.2,0.01,0.1,1.0,2.0,0.7000000000000002,0.0175,0.9,0.5,5.0,cov,trace,min,0.0025380000000000003
coarse_search_angle_offset,0.2,0.01,0.1,1.0,2.0,0.7000000000000002,0.0175,0.9,0.5,5.0,cov,trace,max,0.021214999999999998
coarse_search_angle_offset,0.2,0.01,0.1,1.0,2.0,0.7000000000000002,0.0175,0.9,0.5,5.0,cov,trace,rmse,0.006210546382194131
coarse_search_angle_offset,0.2,0.01,0.1,1.0,2.0,0.7000000000000002,0.0175,0.9,0.5,5.0,cov,det,mean,3.8005925805128194e-10
coarse_search_angle_offset,0.2,0.01,0.1,1.0,2.0,0.7000000000000002,0.0175,0.9,0.5,5.0,cov,det,std_dev,5.338146889272095e-10
coarse_search_angle_offset,0.2,0.01,0.1,1.0,2.0,0.7000000000000002,0.0175,0.9,0.5,5.0,cov,det,median,2.2878713899999938e-10
coarse_search_angle_offset,0.2,0.01,0.1,1.0,2.0,0.7000000000000002,0.0175,0.9,0.5,5.0,cov,det,min,4.849299000000001e-11
coarse_search_angle_offset,0.2,0.01,0.1,1.0,2.0,0.7000000000000002,0.0175,0.9,0.5,5.0,cov,det,max,5.7441907740000115e-09
coarse_search_angle_offset,0.2,0.01,0.1,1.0,2.0,0.7000000000000002,0.0175,0.9,0.5,5.0,cov,det,rmse,6.552886095034342e-10
coarse_search_angle_offset,0.2,0.01,0.1,1.0,2.0,0.9899494936611668,0.0175,0.9,0.5,5.0,traj,APE,mean,0.06759626175273364
coarse_search_angle_offset,0.2,0.01,0.1,1.0,2.0,0.9899494936611668,0.0175,0.9,0.5,5.0,traj,APE,std_dev,0.04609934992404501
coarse_search_angle_offset,0.2,0.01,0.1,1.0,2.0,0.9899494936611668,0.0175,0.9,0.5,5.0,traj,APE,median,0.05502886875949603
coarse_search_angle_offset,0.2,0.01,0.1,1.0,2.0,0.9899494936611668,0.0175,0.9,0.5,5.0,traj,APE,min,5.421010862427522e-20
coarse_search_angle_offset,0.2,0.01,0.1,1.0,2.0,0.9899494936611668,0.0175,0.9,0.5,5.0,traj,APE,max,0.20756572439566112
coarse_search_angle_offset,0.2,0.01,0.1,1.0,2.0,0.9899494936611668,0.0175,0.9,0.5,5.0,traj,APE,rmse,0.08181934163975918
coarse_search_angle_offset,0.2,0.01,0.1,1.0,2.0,0.9899494936611668,0.0175,0.9,0.5,5.0,traj,RPE,mean,0.05239164202140947
coarse_search_angle_offset,0.2,0.01,0.1,1.0,2.0,0.9899494936611668,0.0175,0.9,0.5,5.0,traj,RPE,std_dev,0.029580649945569595
coarse_search_angle_offset,0.2,0.01,0.1,1.0,2.0,0.9899494936611668,0.0175,0.9,0.5,5.0,traj,RPE,median,0.04388024739034529
coarse_search_angle_offset,0.2,0.01,0.1,1.0,2.0,0.9899494936611668,0.0175,0.9,0.5,5.0,traj,RPE,min,0.015170802396153286
coarse_search_angle_offset,0.2,0.01,0.1,1.0,2.0,0.9899494936611668,0.0175,0.9,0.5,5.0,traj,RPE,max,0.1740089025075827
coarse_search_angle_offset,0.2,0.01,0.1,1.0,2.0,0.9899494936611668,0.0175,0.9,0.5,5.0,traj,RPE,rmse,0.06016559652244665
coarse_search_angle_offset,0.2,0.01,0.1,1.0,2.0,0.9899494936611668,0.0175,0.9,0.5,5.0,traj,num associated poses,mean,28.2
coarse_search_angle_offset,0.2,0.01,0.1,1.0,2.0,0.9899494936611668,0.0175,0.9,0.5,5.0,traj,num associated poses,std_dev,0.7483314773547882
coarse_search_angle_offset,0.2,0.01,0.1,1.0,2.0,0.9899494936611668,0.0175,0.9,0.5,5.0,traj,num associated poses,median,28.0
coarse_search_angle_offset,0.2,0.01,0.1,1.0,2.0,0.9899494936611668,0.0175,0.9,0.5,5.0,traj,num associated poses,min,27.0
coarse_search_angle_offset,0.2,0.01,0.1,1.0,2.0,0.9899494936611668,0.0175,0.9,0.5,5.0,traj,num associated poses,max,29.0
coarse_search_angle_offset,0.2,0.01,0.1,1.0,2.0,0.9899494936611668,0.0175,0.9,0.5,5.0,traj,num gt poses,mean,176.8
coarse_search_angle_offset,0.2,0.01,0.1,1.0,2.0,0.9899494936611668,0.0175,0.9,0.5,5.0,traj,num gt poses,std_dev,5.3065996645686395
coarse_search_angle_offset,0.2,0.01,0.1,1.0,2.0,0.9899494936611668,0.0175,0.9,0.5,5.0,traj,num gt poses,median,174.0
coarse_search_angle_offset,0.2,0.01,0.1,1.0,2.0,0.9899494936611668,0.0175,0.9,0.5,5.0,traj,num gt poses,min,170.0
coarse_search_angle_offset,0.2,0.01,0.1,1.0,2.0,0.9899494936611668,0.0175,0.9,0.5,5.0,traj,num gt poses,max,184.0
coarse_search_angle_offset,0.2,0.01,0.1,1.0,2.0,0.9899494936611668,0.0175,0.9,0.5,5.0,traj,odom accum path length (m),mean,11.6519656
coarse_search_angle_offset,0.2,0.01,0.1,1.0,2.0,0.9899494936611668,0.0175,0.9,0.5,5.0,traj,odom accum path length (m),std_dev,0.13111319494787693
coarse_search_angle_offset,0.2,0.01,0.1,1.0,2.0,0.9899494936611668,0.0175,0.9,0.5,5.0,traj,odom accum path length (m),median,11.619857
coarse_search_angle_offset,0.2,0.01,0.1,1.0,2.0,0.9899494936611668,0.0175,0.9,0.5,5.0,traj,odom accum path length (m),min,11.499184
coarse_search_angle_offset,0.2,0.01,0.1,1.0,2.0,0.9899494936611668,0.0175,0.9,0.5,5.0,traj,odom accum path length (m),max,11.835161
coarse_search_angle_offset,0.2,0.01,0.1,1.0,2.0,0.9899494936611668,0.0175,0.9,0.5,5.0,traj,total rotation (rad),mean,9.956582599999999
coarse_search_angle_offset,0.2,0.01,0.1,1.0,2.0,0.9899494936611668,0.0175,0.9,0.5,5.0,traj,total rotation (rad),std_dev,0.5334612476593217
coarse_search_angle_offset,0.2,0.01,0.1,1.0,2.0,0.9899494936611668,0.0175,0.9,0.5,5.0,traj,total rotation (rad),median,9.857212
coarse_search_angle_offset,0.2,0.01,0.1,1.0,2.0,0.9899494936611668,0.0175,0.9,0.5,5.0,traj,total rotation (rad),min,9.284243
coarse_search_angle_offset,0.2,0.01,0.1,1.0,2.0,0.9899494936611668,0.0175,0.9,0.5,5.0,traj,total rotation (rad),max,10.891142
coarse_search_angle_offset,0.2,0.01,0.1,1.0,2.0,0.9899494936611668,0.0175,0.9,0.5,5.0,traj,duration (s),mean,24.293799999999997
coarse_search_angle_offset,0.2,0.01,0.1,1.0,2.0,0.9899494936611668,0.0175,0.9,0.5,5.0,traj,duration (s),std_dev,0.6085768316326193
coarse_search_angle_offset,0.2,0.01,0.1,1.0,2.0,0.9899494936611668,0.0175,0.9,0.5,5.0,traj,duration (s),median,24.104
coarse_search_angle_offset,0.2,0.01,0.1,1.0,2.0,0.9899494936611668,0.0175,0.9,0.5,5.0,traj,duration (s),min,23.464000000000006
coarse_search_angle_offset,0.2,0.01,0.1,1.0,2.0,0.9899494936611668,0.0175,0.9,0.5,5.0,traj,duration (s),max,25.147
coarse_search_angle_offset,0.2,0.01,0.1,1.0,2.0,0.9899494936611668,0.0175,0.9,0.5,5.0,completion,successes,count,5.0
coarse_search_angle_offset,0.2,0.01,0.1,1.0,2.0,0.9899494936611668,0.0175,0.9,0.5,5.0,completion,failures,count,0.0
coarse_search_angle_offset,0.2,0.01,0.1,1.0,2.0,0.9899494936611668,0.0175,0.9,0.5,5.0,completion,errors,count,0.0
coarse_search_angle_offset,0.2,0.01,0.1,1.0,2.0,0.9899494936611668,0.0175,0.9,0.5,5.0,completion,data or metrics missing,count,0.0
coarse_search_angle_offset,0.2,0.01,0.1,1.0,2.0,0.9899494936611668,0.0175,0.9,0.5,5.0,latency,latency,mean,0.009191489361702129
coarse_search_angle_offset,0.2,0.01,0.1,1.0,2.0,0.9899494936611668,0.0175,0.9,0.5,5.0,latency,latency,std_dev,0.0054316055560537065
coarse_search_angle_offset,0.2,0.01,0.1,1.0,2.0,0.9899494936611668,0.0175,0.9,0.5,5.0,latency,latency,median,0.007
coarse_search_angle_offset,0.2,0.01,0.1,1.0,2.0,0.9899494936611668,0.0175,0.9,0.5,5.0,latency,latency,min,0.001
coarse_search_angle_offset,0.2,0.01,0.1,1.0,2.0,0.9899494936611668,0.0175,0.9,0.5,5.0,latency,latency,max,0.024
coarse_search_angle_offset,0.2,0.01,0.1,1.0,2.0,0.9899494936611668,0.0175,0.9,0.5,5.0,cov,trace,mean,0.005743232876712329
coarse_search_angle_offset,0.2,0.01,0.1,1.0,2.0,0.9899494936611668,0.0175,0.9,0.5,5.0,cov,trace,std_dev,0.0024345660974298355
coarse_search_angle_offset,0.2,0.01,0.1,1.0,2.0,0.9899494936611668,0.0175,0.9,0.5,5.0,cov,trace,median,0.005069000000000001
coarse_search_angle_offset,0.2,0.01,0.1,1.0,2.0,0.9899494936611668,0.0175,0.9,0.5,5.0,cov,trace,min,0.002524
coarse_search_angle_offset,0.2,0.01,0.1,1.0,2.0,0.9899494936611668,0.0175,0.9,0.5,5.0,cov,trace,max,0.021808
coarse_search_angle_offset,0.2,0.01,0.1,1.0,2.0,0.9899494936611668,0.0175,0.9,0.5,5.0,cov,trace,rmse,0.00623793523202222
coarse_search_angle_offset,0.2,0.01,0.1,1.0,2.0,0.9899494936611668,0.0175,0.9,0.5,5.0,cov,det,mean,3.89689168178082e-10
coarse_search_angle_offset,0.2,0.01,0.1,1.0,2.0,0.9899494936611668,0.0175,0.9,0.5,5.0,cov,det,std_dev,3.2552731111441947e-10
coarse_search_angle_offset,0.2,0.01,0.1,1.0,2.0,0.9899494936611668,0.0175,0.9,0.5,5.0,cov,det,median,2.915566600000002e-10
coarse_search_angle_offset,0.2,0.01,0.1,1.0,2.0,0.9899494936611668,0.0175,0.9,0.5,5.0,cov,det,min,7.315283599999994e-11
coarse_search_angle_offset,0.2,0.01,0.1,1.0,2.0,0.9899494936611668,0.0175,0.9,0.5,5.0,cov,det,max,2.0962451409999976e-09
coarse_search_angle_offset,0.2,0.01,0.1,1.0,2.0,0.9899494936611668,0.0175,0.9,0.5,5.0,cov,det,rmse,5.07765376996807e-10
coarse_angle_resolution,0.2,0.01,0.1,1.0,2.0,0.175,0.0030935921676911444,0.9,0.5,5.0,traj,APE,mean,0.06939013146791813
coarse_angle_resolution,0.2,0.01,0.1,1.0,2.0,0.175,0.0030935921676911444,0.9,0.5,5.0,traj,APE,std_dev,0.04292517498717683
coarse_angle_resolution,0.2,0.01,0.1,1.0,2.0,0.175,0.0030935921676911444,0.9,0.5,5.0,traj,APE,median,0.05869149539034057
coarse_angle_resolution,0.2,0.01,0.1,1.0,2.0,0.175,0.0030935921676911444,0.9,0.5,5.0,traj,APE,min,1.6263032587282567e-19
coarse_angle_resolution,0.2,0.01,0.1,1.0,2.0,0.175,0.0030935921676911444,0.9,0.5,5.0,traj,APE,max,0.20268152175604406
coarse_angle_resolution,0.2,0.01,0.1,1.0,2.0,0.175,0.0030935921676911444,0.9,0.5,5.0,traj,APE,rmse,0.0815938784028233
coarse_angle_resolution,0.2,0.01,0.1,1.0,2.0,0.175,0.0030935921676911444,0.9,0.5,5.0,traj,RPE,mean,0.052541111321841825
coarse_angle_resolution,0.2,0.01,0.1,1.0,2.0,0.175,0.0030935921676911444,0.9,0.5,5.0,traj,RPE,std_dev,0.03643122796832266
coarse_angle_resolution,0.2,0.01,0.1,1.0,2.0,0.175,0.0030935921676911444,0.9,0.5,5.0,traj,RPE,median,0.040324566281274794
coarse_angle_resolution,0.2,0.01,0.1,1.0,2.0,0.175,0.0030935921676911444,0.9,0.5,5.0,traj,RPE,min,0.01112379826368905
coarse_angle_resolution,0.2,0.01,0.1,1.0,2.0,0.175,0.0030935921676911444,0.9,0.5,5.0,traj,RPE,max,0.21767139286622472
coarse_angle_resolution,0.2,0.01,0.1,1.0,2.0,0.175,0.0030935921676911444,0.9,0.5,5.0,traj,RPE,rmse,0.0639359269129186
coarse_angle_resolution,0.2,0.01,0.1,1.0,2.0,0.175,0.0030935921676911444,0.9,0.5,5.0,traj,num associated poses,mean,28.2
coarse_angle_resolution,0.2,0.01,0.1,1.0,2.0,0.175,0.0030935921676911444,0.9,0.5,5.0,traj,num associated poses,std_dev,0.4
coarse_angle_resolution,0.2,0.01,0.1,1.0,2.0,0.175,0.0030935921676911444,0.9,0.5,5.0,traj,num associated poses,median,28.0
coarse_angle_resolution,0.2,0.01,0.1,1.0,2.0,0.175,0.0030935921676911444,0.9,0.5,5.0,traj,num associated poses,min,28.0
coarse_angle_resolution,0.2,0.01,0.1,1.0,2.0,0.175,0.0030935921676911444,0.9,0.5,5.0,traj,num associated poses,max,29.0
coarse_angle_resolution,0.2,0.01,0.1,1.0,2.0,0.175,0.0030935921676911444,0.9,0.5,5.0,traj,num gt poses,mean,178.2
coarse_angle_resolution,0.2,0.01,0.1,1.0,2.0,0.175,0.0030935921676911444,0.9,0.5,5.0,traj,num gt poses,std_dev,8.681013765684282
coarse_angle_resolution,0.2,0.01,0.1,1.0,2.0,0.175,0.0030935921676911444,0.9,0.5,5.0,traj,num gt poses,median,174.0
coarse_angle_resolution,0.2,0.01,0.1,1.0,2.0,0.175,0.0030935921676911444,0.9,0.5,5.0,traj,num gt poses,min,172.0
coarse_angle_resolution,0.2,0.01,0.1,1.0,2.0,0.175,0.0030935921676911444,0.9,0.5,5.0,traj,num gt poses,max,195.0
coarse_angle_resolution,0.2,0.01,0.1,1.0,2.0,0.175,0.0030935921676911444,0.9,0.5,5.0,traj,odom accum path length (m),mean,11.6044826
coarse_angle_resolution,0.2,0.01,0.1,1.0,2.0,0.175,0.0030935921676911444,0.9,0.5,5.0,traj,odom accum path length (m),std_dev,0.06982465630305694
coarse_angle_resolution,0.2,0.01,0.1,1.0,2.0,0.175,0.0030935921676911444,0.9,0.5,5.0,traj,odom accum path length (m),median,11.585766
coarse_angle_resolution,0.2,0.01,0.1,1.0,2.0,0.175,0.0030935921676911444,0.9,0.5,5.0,traj,odom accum path length (m),min,11.545414
coarse_angle_resolution,0.2,0.01,0.1,1.0,2.0,0.175,0.0030935921676911444,0.9,0.5,5.0,traj,odom accum path length (m),max,11.739288
coarse_angle_resolution,0.2,0.01,0.1,1.0,2.0,0.175,0.0030935921676911444,0.9,0.5,5.0,traj,total rotation (rad),mean,10.1284742
coarse_angle_resolution,0.2,0.01,0.1,1.0,2.0,0.175,0.0030935921676911444,0.9,0.5,5.0,traj,total rotation (rad),std_dev,0.9916984902284361
coarse_angle_resolution,0.2,0.01,0.1,1.0,2.0,0.175,0.0030935921676911444,0.9,0.5,5.0,traj,total rotation (rad),median,10.0398
coarse_angle_resolution,0.2,0.01,0.1,1.0,2.0,0.175,0.0030935921676911444,0.9,0.5,5.0,traj,total rotation (rad),min,8.922889
coarse_angle_resolution,0.2,0.01,0.1,1.0,2.0,0.175,0.0030935921676911444,0.9,0.5,5.0,traj,total rotation (rad),max,11.892971
coarse_angle_resolution,0.2,0.01,0.1,1.0,2.0,0.175,0.0030935921676911444,0.9,0.5,5.0,traj,duration (s),mean,24.4926
coarse_angle_resolution,0.2,0.01,0.1,1.0,2.0,0.175,0.0030935921676911444,0.9,0.5,5.0,traj,duration (s),std_dev,1.2513884448883164
coarse_angle_resolution,0.2,0.01,0.1,1.0,2.0,0.175,0.0030935921676911444,0.9,0.5,5.0,traj,duration (s),median,23.824999999999996
coarse_angle_resolution,0.2,0.01,0.1,1.0,2.0,0.175,0.0030935921676911444,0.9,0.5,5.0,traj,duration (s),min,23.561000000000003
coarse_angle_resolution,0.2,0.01,0.1,1.0,2.0,0.175,0.0030935921676911444,0.9,0.5,5.0,traj,duration (s),max,26.894
coarse_angle_resolution,0.2,0.01,0.1,1.0,2.0,0.175,0.0030935921676911444,0.9,0.5,5.0,completion,successes,count,5.0
coarse_angle_resolution,0.2,0.01,0.1,1.0,2.0,0.175,0.0030935921676911444,0.9,0.5,5.0,completion,failures,count,0.0
coarse_angle_resolution,0.2,0.01,0.1,1.0,2.0,0.175,0.0030935921676911444,0.9,0.5,5.0,completion,errors,count,0.0
coarse_angle_resolution,0.2,0.01,0.1,1.0,2.0,0.175,0.0030935921676911444,0.9,0.5,5.0,completion,data or metrics missing,count,0.0
coarse_angle_resolution,0.2,0.01,0.1,1.0,2.0,0.175,0.0030935921676911444,0.9,0.5,5.0,latency,latency,mean,0.0050141843971631215
coarse_angle_resolution,0.2,0.01,0.1,1.0,2.0,0.175,0.0030935921676911444,0.9,0.5,5.0,latency,latency,std_dev,0.0033748881055322318
coarse_angle_resolution,0.2,0.01,0.1,1.0,2.0,0.175,0.0030935921676911444,0.9,0.5,5.0,latency,latency,median,0.004
coarse_angle_resolution,0.2,0.01,0.1,1.0,2.0,0.175,0.0030935921676911444,0.9,0.5,5.0,latency,latency,min,0.0
coarse_angle_resolution,0.2,0.01,0.1,1.0,2.0,0.175,0.0030935921676911444,0.9,0.5,5.0,latency,latency,max,0.022000000000000002
coarse_angle_resolution,0.2,0.01,0.1,1.0,2.0,0.175,0.0030935921676911444,0.9,0.5,5.0,cov,trace,mean,0.00556036301369863
coarse_angle_resolution,0.2,0.01,0.1,1.0,2.0,0.175,0.0030935921676911444,0.9,0.5,5.0,cov,trace,std_dev,0.0020339994742801038
coarse_angle_resolution,0.2,0.01,0.1,1.0,2.0,0.175,0.0030935921676911444,0.9,0.5,5.0,cov,trace,median,0.004955
coarse_angle_resolution,0.2,0.01,0.1,1.0,2.0,0.175,0.0030935921676911444,0.9,0.5,5.0,cov,trace,min,0.0027609999999999996
coarse_angle_resolution,0.2,0.01,0.1,1.0,2.0,0.175,0.0030935921676911444,0.9,0.5,5.0,cov,trace,max,0.021152999999999998
coarse_angle_resolution,0.2,0.01,0.1,1.0,2.0,0.175,0.0030935921676911444,0.9,0.5,5.0,cov,trace,rmse,0.00592070863203717
coarse_angle_resolution,0.2,0.01,0.1,1.0,2.0,0.175,0.0030935921676911444,0.9,0.5,5.0,cov,det,mean,2.531291012328767e-11
coarse_angle_resolution,0.2,0.01,0.1,1.0,2.0,0.175,0.0030935921676911444,0.9,0.5,5.0,cov,det,std_dev,2.4727567742529972e-11
coarse_angle_resolution,0.2,0.01,0.1,1.0,2.0,0.175,0.0030935921676911444,0.9,0.5,5.0,cov,det,median,1.8466010500000006e-11
coarse_angle_resolution,0.2,0.01,0.1,1.0,2.0,0.175,0.0030935921676911444,0.9,0.5,5.0,cov,det,min,5.873102000000018e-12
coarse_angle_resolution,0.2,0.01,0.1,1.0,2.0,0.175,0.0030935921676911444,0.9,0.5,5.0,cov,det,max,1.9577072500000032e-10
coarse_angle_resolution,0.2,0.01,0.1,1.0,2.0,0.175,0.0030935921676911444,0.9,0.5,5.0,cov,det,rmse,3.538638191975903e-11
coarse_angle_resolution,0.2,0.01,0.1,1.0,2.0,0.175,0.004374999999999999,0.9,0.5,5.0,traj,APE,mean,0.06837583060095904
coarse_angle_resolution,0.2,0.01,0.1,1.0,2.0,0.175,0.004374999999999999,0.9,0.5,5.0,traj,APE,std_dev,0.04749799257377565
coarse_angle_resolution,0.2,0.01,0.1,1.0,2.0,0.175,0.004374999999999999,0.9,0.5,5.0,traj,APE,median,0.055380675262915346
coarse_angle_resolution,0.2,0.01,0.1,1.0,2.0,0.175,0.004374999999999999,0.9,0.5,5.0,traj,APE,min,5.421010862427522e-20
coarse_angle_resolution,0.2,0.01,0.1,1.0,2.0,0.175,0.004374999999999999,0.9,0.5,5.0,traj,APE,max,0.25027166708873994
coarse_angle_resolution,0.2,0.01,0.1,1.0,2.0,0.175,0.004374999999999999,0.9,0.5,5.0,traj,APE,rmse,0.0832545104418343
coarse_angle_resolution,0.2,0.01,0.1,1.0,2.0,0.175,0.004374999999999999,0.9,0.5,5.0,traj,RPE,mean,0.05028828365767925
coarse_angle_resolution,0.2,0.01,0.1,1.0,2.0,0.175,0.004374999999999999,0.9,0.5,5.0,traj,RPE,std_dev,0.03424704804822978
coarse_angle_resolution,0.2,0.01,0.1,1.0,2.0,0.175,0.004374999999999999,0.9,0.5,5.0,traj,RPE,median,0.039353393437428025
coarse_angle_resolution,0.2,0.01,0.1,1.0,2.0,0.175,0.004374999999999999,0.9,0.5,5.0,traj,RPE,min,0.0095768849766166
coarse_angle_resolution,0.2,0.01,0.1,1.0,2.0,0.175,0.004374999999999999,0.9,0.5,5.0,traj,RPE,max,0.24752520514958343
coarse_angle_resolution,0.2,0.01,0.1,1.0,2.0,0.175,0.004374999999999999,0.9,0.5,5.0,traj,RPE,rmse,0.060842187446318606
coarse_angle_resolution,0.2,0.01,0.1,1.0,2.0,0.175,0.004374999999999999,0.9,0.5,5.0,traj,num associated poses,mean,27.8
coarse_angle_resolution,0.2,0.01,0.1,1.0,2.0,0.175,0.004374999999999999,0.9,0.5,5.0,traj,num associated poses,std_dev,1.1661903789690602
coarse_angle_resolution,0.2,0.01,0.1,1.0,2.0,0.175,0.004374999999999999,0.9,0.5,5.0,traj,num associated poses,median,28.0
coarse_angle_resolution,0.2,0.01,0.1,1.0,2.0,0.175,0.004374999999999999,0.9,0.5,5.0,traj,num associated poses,min,26.0
coarse_angle_resolution,0.2,0.01,0.1,1.0,2.0,0.175,0.004374999999999999,0.9,0.5,5.0,traj,num associated poses,max,29.0
coarse_angle_resolution,0.2,0.01,0.1,1.0,2.0,0.175,0.004374999999999999,0.9,0.5,5.0,traj,num gt poses,mean,177.2
coarse_angle_resolution,0.2,0.01,0.1,1.0,2.0,0.175,0.004374999999999999,0.9,0.5,5.0,traj,num gt poses,std_dev,6.734983296193095
coarse_angle_resolution,0.2,0.01,0.1,1.0,2.0,0.175,0.004374999999999999,0.9,0.5,5.0,traj,num gt poses,median,174.0
coarse_angle_resolution,0.2,0.01,0.1,1.0,2.0,0.175,0.004374999999999999,0.9,0.5,5.0,traj,num gt poses,min,170.0
coarse_angle_resolution,0.2,0.01,0.1,1.0,2.0,0.175,0.004374999999999999,0.9,0.5,5.0,traj,num gt poses,max,189.0
coarse_angle_resolution,0.2,0.01,0.1,1.0,2.0,0.175,0.004374999999999999,0.9,0.5,5.0,traj,odom accum path length (m),mean,11.6536412
coarse_angle_resolution,0.2,0.01,0.1,1.0,2.0,0.175,0.004374999999999999,0.9,0.5,5.0,traj,odom accum path length (m),std_dev,0.1252576294161758
coarse_angle_resolution,0.2,0.01,0.1,1.0,2.0,0.175,0.004374999999999999,0.9,0.5,5.0,traj,odom accum path length (m),median,11.617604
coarse_angle_resolution,0.2,0.01,0.1,1.0,2.0,0.175,0.004374999999999999,0.9,0.5,5.0,traj,odom accum path length (m),min,11.484254
coarse_angle_resolution,0.2,0.01,0.1,1.0,2.0,0.175,0.004374999999999999,0.9,0.5,5.0,traj,odom accum path length (m),max,11.86363
coarse_angle_resolution,0.2,0.01,0.1,1.0,2.0,0.175,0.004374999999999999,0.9,0.5,5.0,traj,total rotation (rad),mean,9.968174600000001
coarse_angle_resolution,0.2,0.01,0.1,1.0,2.0,0.175,0.004374999999999999,0.9,0.5,5.0,traj,total rotation (rad),std_dev,1.0131547096740163
coarse_angle_resolution,0.2,0.01,0.1,1.0,2.0,0.175,0.004374999999999999,0.9,0.5,5.0,traj,total rotation (rad),median,9.483024
coarse_angle_resolution,0.2,0.01,0.1,1.0,2.0,0.175,0.004374999999999999,0.9,0.5,5.0,traj,total rotation (rad),min,9.059503
coarse_angle_resolution,0.2,0.01,0.1,1.0,2.0,0.175,0.004374999999999999,0.9,0.5,5.0,traj,total rotation (rad),max,11.846437
coarse_angle_resolution,0.2,0.01,0.1,1.0,2.0,0.175,0.004374999999999999,0.9,0.5,5.0,traj,duration (s),mean,24.3356
coarse_angle_resolution,0.2,0.01,0.1,1.0,2.0,0.175,0.004374999999999999,0.9,0.5,5.0,traj,duration (s),std_dev,0.8884538479853638
coarse_angle_resolution,0.2,0.01,0.1,1.0,2.0,0.175,0.004374999999999999,0.9,0.5,5.0,traj,duration (s),median,23.898
coarse_angle_resolution,0.2,0.01,0.1,1.0,2.0,0.175,0.004374999999999999,0.9,0.5,5.0,traj,duration (s),min,23.435000000000002
coarse_angle_resolution,0.2,0.01,0.1,1.0,2.0,0.175,0.004374999999999999,0.9,0.5,5.0,traj,duration (s),max,25.849
coarse_angle_resolution,0.2,0.01,0.1,1.0,2.0,0.175,0.004374999999999999,0.9,0.5,5.0,completion,successes,count,5.0
coarse_angle_resolution,0.2,0.01,0.1,1.0,2.0,0.175,0.004374999999999999,0.9,0.5,5.0,completion,failures,count,0.0
coarse_angle_resolution,0.2,0.01,0.1,1.0,2.0,0.175,0.004374999999999999,0.9,0.5,5.0,completion,errors,count,0.0
coarse_angle_resolution,0.2,0.01,0.1,1.0,2.0,0.175,0.004374999999999999,0.9,0.5,5.0,completion,data or metrics missing,count,0.0
coarse_angle_resolution,0.2,0.01,0.1,1.0,2.0,0.175,0.004374999999999999,0.9,0.5,5.0,latency,latency,mean,0.006366906474820144
coarse_angle_resolution,0.2,0.01,0.1,1.0,2.0,0.175,0.004374999999999999,0.9,0.5,5.0,latency,latency,std_dev,0.0036818510454321
coarse_angle_resolution,0.2,0.01,0.1,1.0,2.0,0.175,0.004374999999999999,0.9,0.5,5.0,latency,latency,median,0.005
coarse_angle_resolution,0.2,0.01,0.1,1.0,2.0,0.175,0.004374999999999999,0.9,0.5,5.0,latency,latency,min,0.0
coarse_angle_resolution,0.2,0.01,0.1,1.0,2.0,0.175,0.004374999999999999,0.9,0.5,5.0,latency,latency,max,0.023000000000000003
coarse_angle_resolution,0.2,0.01,0.1,1.0,2.0,0.175,0.004374999999999999,0.9,0.5,5.0,cov,trace,mean,0.0058676713286713285
coarse_angle_resolution,0.2,0.01,0.1,1.0,2.0,0.175,0.004374999999999999,0.9,0.5,5.0,cov,trace,std_dev,0.0027764133898891164
coarse_angle_resolution,0.2,0.01,0.1,1.0,2.0,0.175,0.004374999999999999,0.9,0.5,5.0,cov,trace,median,0.0050880000000000005
coarse_angle_resolution,0.2,0.01,0.1,1.0,2.0,0.175,0.004374999999999999,0.9,0.5,5.0,cov,trace,min,0.002538
coarse_angle_resolution,0.2,0.01,0.1,1.0,2.0,0.175,0.004374999999999999,0.9,0.5,5.0,cov,trace,max,0.020857999999999998
coarse_angle_resolution,0.2,0.01,0.1,1.0,2.0,0.175,0.004374999999999999,0.9,0.5,5.0,cov,trace,rmse,0.006491381835392764
coarse_angle_resolution,0.2,0.01,0.1,1.0,2.0,0.175,0.004374999999999999,0.9,0.5,5.0,cov,det,mean,3.047270776923076e-11
coarse_angle_resolution,0.2,0.01,0.1,1.0,2.0,0.175,0.004374999999999999,0.9,0.5,5.0,cov,det,std_dev,3.159585549134696e-11
coarse_angle_resolution,0.2,0.01,0.1,1.0,2.0,0.175,0.004374999999999999,0.9,0.5,5.0,cov,det,median,2.2149374999999987e-11
coarse_angle_resolution,0.2,0.01,0.1,1.0,2.0,0.175,0.004374999999999999,0.9,0.5,5.0,cov,det,min,3.182877999999999e-12
coarse_angle_resolution,0.2,0.01,0.1,1.0,2.0,0.175,0.004374999999999999,0.9,0.5,5.0,cov,det,max,2.6504948e-10
coarse_angle_resolution,0.2,0.01,0.1,1.0,2.0,0.175,0.004374999999999999,0.9,0.5,5.0,cov,det,rmse,4.3896286893301314e-11
coarse_angle_resolution,0.2,0.01,0.1,1.0,2.0,0.175,0.00618718433538229,0.9,0.5,5.0,traj,APE,mean,0.07135596112083654
coarse_angle_resolution,0.2,0.01,0.1,1.0,2.0,0.175,0.00618718433538229,0.9,0.5,5.0,traj,APE,std_dev,0.05087738715186025
coarse_angle_resolution,0.2,0.01,0.1,1.0,2.0,0.175,0.00618718433538229,0.9,0.5,5.0,traj,APE,median,0.05832420783986096
coarse_angle_resolution,0.2,0.01,0.1,1.0,2.0,0.175,0.00618718433538229,0.9,0.5,5.0,traj,APE,min,5.421010862427522e-20
coarse_angle_resolution,0.2,0.01,0.1,1.0,2.0,0.175,0.00618718433538229,0.9,0.5,5.0,traj,APE,max,0.2526523454228531
coarse_angle_resolution,0.2,0.01,0.1,1.0,2.0,0.175,0.00618718433538229,0.9,0.5,5.0,traj,APE,rmse,0.0876366459358105
coarse_angle_resolution,0.2,0.01,0.1,1.0,2.0,0.175,0.00618718433538229,0.9,0.5,5.0,traj,RPE,mean,0.04863959608708744
coarse_angle_resolution,0.2,0.01,0.1,1.0,2.0,0.175,0.00618718433538229,0.9,0.5,5.0,traj,RPE,std_dev,0.027071849572141437
coarse_angle_resolution,0.2,0.01,0.1,1.0,2.0,0.175,0.00618718433538229,0.9,0.5,5.0,traj,RPE,median,0.041719365606551914
coarse_angle_resolution,0.2,0.01,0.1,1.0,2.0,0.175,0.00618718433538229,0.9,0.5,5.0,traj,RPE,min,0.014667849346271538
coarse_angle_resolution,0.2,0.01,0.1,1.0,2.0,0.175,0.00618718433538229,0.9,0.5,5.0,traj,RPE,max,0.16683967120819007
coarse_angle_resolution,0.2,0.01,0.1,1.0,2.0,0.175,0.00618718433538229,0.9,0.5,5.0,traj,RPE,rmse,0.05566592626348426
coarse_angle_resolution,0.2,0.01,0.1,1.0,2.0,0.175,0.00618718433538229,0.9,0.5,5.0,traj,num associated poses,mean,27.8
coarse_angle_resolution,0.2,0.01,0.1,1.0,2.0,0.175,0.00618718433538229,0.9,0.5,5.0,traj,num associated poses,std_dev,0.7483314773547883
coarse_angle_resolution,0.2,0.01,0.1,1.0,2.0,0.175,0.00618718433538229,0.9,0.5,5.0,traj,num associated poses,median,28.0
coarse_angle_resolution,0.2,0.01,0.1,1.0,2.0,0.175,0.00618718433538229,0.9,0.5,5.0,traj,num associated poses,min,27.0
coarse_angle_resolution,0.2,0.01,0.1,1.0,2.0,0.175,0.00618718433538229,0.9,0.5,5.0,traj,num associated poses,max,29.0
coarse_angle_resolution,0.2,0.01,0.1,1.0,2.0,0.175,0.00618718433538229,0.9,0.5,5.0,traj,num gt poses,mean,171.8
coarse_angle_resolution,0.2,0.01,0.1,1.0,2.0,0.175,0.00618718433538229,0.9,0.5,5.0,traj,num gt poses,std_dev,2.7856776554368237
coarse_angle_resolution,0.2,0.01,0.1,1.0,2.0,0.175,0.00618718433538229,0.9,0.5,5.0,traj,num gt poses,median,171.0
coarse_angle_resolution,0.2,0.01,0.1,1.0,2.0,0.175,0.00618718433538229,0.9,0.5,5.0,traj,num gt poses,min,169.0
coarse_angle_resolution,0.2,0.01,0.1,1.0,2.0,0.175,0.00618718433538229,0.9,0.5,5.0,traj,num gt poses,max,177.0
coarse_angle_resolution,0.2,0.01,0.1,1.0,2.0,0.175,0.00618718433538229,0.9,0.5,5.0,traj,odom accum path length (m),mean,11.556633399999999
coarse_angle_resolution,0.2,0.01,0.1,1.0,2.0,0.175,0.00618718433538229,0.9,0.5,5.0,traj,odom accum path length (m),std_dev,0.08360035881884717
coarse_angle_resolution,0.2,0.01,0.1,1.0,2.0,0.175,0.00618718433538229,0.9,0.5,5.0,traj,odom accum path length (m),median,11.538446
coarse_angle_resolution,0.2,0.01,0.1,1.0,2.0,0.175,0.00618718433538229,0.9,0.5,5.0,traj,odom accum path length (m),min,11.455587
coarse_angle_resolution,0.2,0.01,0.1,1.0,2.0,0.175,0.00618718433538229,0.9,0.5,5.0,traj,odom accum path length (m),max,11.67924
coarse_angle_resolution,0.2,0.01,0.1,1.0,2.0,0.175,0.00618718433538229,0.9,0.5,5.0,traj,total rotation (rad),mean,9.6831688
coarse_angle_resolution,0.2,0.01,0.1,1.0,2.0,0.175,0.00618718433538229,0.9,0.5,5.0,traj,total rotation (rad),std_dev,0.5079416819562655
coarse_angle_resolution,0.2,0.01,0.1,1.0,2.0,0.175,0.00618718433538229,0.9,0.5,5.0,traj,total rotation (rad),median,9.887915
coarse_angle_resolution,0.2,0.01,0.1,1.0,2.0,0.175,0.00618718433538229,0.9,0.5,5.0,traj,total rotation (rad),min,8.763104
coarse_angle_resolution,0.2,0.01,0.1,1.0,2.0,0.175,0.00618718433538229,0.9,0.5,5.0,traj,total rotation (rad),max,10.150292
coarse_angle_resolution,0.2,0.01,0.1,1.0,2.0,0.175,0.00618718433538229,0.9,0.5,5.0,traj,duration (s),mean,23.658599999999996
coarse_angle_resolution,0.2,0.01,0.1,1.0,2.0,0.175,0.00618718433538229,0.9,0.5,5.0,traj,duration (s),std_dev,0.4015373457102098
coarse_angle_resolution,0.2,0.01,0.1,1.0,2.0,0.175,0.00618718433538229,0.9,0.5,5.0,traj,duration (s),median,23.427999999999997
coarse_angle_resolution,0.2,0.01,0.1,1.0,2.0,0.175,0.00618718433538229,0.9,0.5,5.0,traj,duration (s),min,23.378999999999998
coarse_angle_resolution,0.2,0.01,0.1,1.0,2.0,0.175,0.00618718433538229,0.9,0.5,5.0,traj,duration (s),max,24.445
coarse_angle_resolution,0.2,0.01,0.1,1.0,2.0,0.175,0.00618718433538229,0.9,0.5,5.0,completion,successes,count,5.0
coarse_angle_resolution,0.2,0.01,0.1,1.0,2.0,0.175,0.00618718433538229,0.9,0.5,5.0,completion,failures,count,0.0
coarse_angle_resolution,0.2,0.01,0.1,1.0,2.0,0.175,0.00618718433538229,0.9,0.5,5.0,completion,errors,count,0.0
coarse_angle_resolution,0.2,0.01,0.1,1.0,2.0,0.175,0.00618718433538229,0.9,0.5,5.0,completion,data or metrics missing,count,0.0
coarse_angle_resolution,0.2,0.01,0.1,1.0,2.0,0.175,0.00618718433538229,0.9,0.5,5.0,latency,latency,mean,0.005129496402877699
coarse_angle_resolution,0.2,0.01,0.1,1.0,2.0,0.175,0.00618718433538229,0.9,0.5,5.0,latency,latency,std_dev,0.00427614183055509
coarse_angle_resolution,0.2,0.01,0.1,1.0,2.0,0.175,0.00618718433538229,0.9,0.5,5.0,latency,latency,median,0.004
coarse_angle_resolution,0.2,0.01,0.1,1.0,2.0,0.175,0.00618718433538229,0.9,0.5,5.0,latency,latency,min,0.0
coarse_angle_resolution,0.2,0.01,0.1,1.0,2.0,0.175,0.00618718433538229,0.9,0.5,5.0,latency,latency,max,0.018000000000000002
coarse_angle_resolution,0.2,0.01,0.1,1.0,2.0,0.175,0.00618718433538229,0.9,0.5,5.0,cov,trace,mean,0.005406736111111111
coarse_angle_resolution,0.2,0.01,0.1,1.0,2.0,0.175,0.00618718433538229,0.9,0.5,5.0,cov,trace,std_dev,0.0015182928049206337
coarse_angle_resolution,0.2,0.01,0.1,1.0,2.0,0.175,0.00618718433538229,0.9,0.5,5.0,cov,trace,median,0.004932
coarse_angle_resolution,0.2,0.01,0.1,1.0,2.0,0.175,0.00618718433538229,0.9,0.5,5.0,cov,trace,min,0.0025579999999999995
coarse_angle_resolution,0.2,0.01,0.1,1.0,2.0,0.175,0.00618718433538229,0.9,0.5,5.0,cov,trace,max,0.010544
coarse_angle_resolution,0.2,0.01,0.1,1.0,2.0,0.175,0.00618718433538229,0.9,0.5,5.0,cov,trace,rmse,0.005615871118238618
coarse_angle_resolution,0.2,0.01,0.1,1.0,2.0,0.175,0.00618718433538229,0.9,0.5,5.0,cov,det,mean,7.249412184722217e-11
coarse_angle_resolution,0.2,0.01,0.1,1.0,2.0,0.175,0.00618718433538229,0.9,0.5,5.0,cov,det,std_dev,5.960879992047802e-11
coarse_angle_resolution,0.2,0.01,0.1,1.0,2.0,0.175,0.00618718433538229,0.9,0.5,5.0,cov,det,median,5.009328749999987e-11
coarse_angle_resolution,0.2,0.01,0.1,1.0,2.0,0.175,0.00618718433538229,0.9,0.5,5.0,cov,det,min,1.4737156000000005e-11
coarse_angle_resolution,0.2,0.01,0.1,1.0,2.0,0.175,0.00618718433538229,0.9,0.5,5.0,cov,det,max,3.5566169399999917e-10
coarse_angle_resolution,0.2,0.01,0.1,1.0,2.0,0.175,0.00618718433538229,0.9,0.5,5.0,cov,det,rmse,9.385417801227325e-11
coarse_angle_resolution,0.2,0.01,0.1,1.0,2.0,0.175,0.008749999999999999,0.9,0.5,5.0,traj,APE,mean,0.05810132074618832
coarse_angle_resolution,0.2,0.01,0.1,1.0,2.0,0.175,0.008749999999999999,0.9,0.5,5.0,traj,APE,std_dev,0.040293239694006236
coarse_angle_resolution,0.2,0.01,0.1,1.0,2.0,0.175,0.008749999999999999,0.9,0.5,5.0,traj,APE,median,0.04792711302015608
coarse_angle_resolution,0.2,0.01,0.1,1.0,2.0,0.175,0.008749999999999999,0.9,0.5,5.0,traj,APE,min,5.421010862427522e-20
coarse_angle_resolution,0.2,0.01,0.1,1.0,2.0,0.175,0.008749999999999999,0.9,0.5,5.0,traj,APE,max,0.21421262671328675
coarse_angle_resolution,0.2,0.01,0.1,1.0,2.0,0.175,0.008749999999999999,0.9,0.5,5.0,traj,APE,rmse,0.07070578927846073
coarse_angle_resolution,0.2,0.01,0.1,1.0,2.0,0.175,0.008749999999999999,0.9,0.5,5.0,traj,RPE,mean,0.05098586601982334
coarse_angle_resolution,0.2,0.01,0.1,1.0,2.0,0.175,0.008749999999999999,0.9,0.5,5.0,traj,RPE,std_dev,0.033150941863976005
coarse_angle_resolution,0.2,0.01,0.1,1.0,2.0,0.175,0.008749999999999999,0.9,0.5,5.0,traj,RPE,median,0.04154273589742914
coarse_angle_resolution,0.2,0.01,0.1,1.0,2.0,0.175,0.008749999999999999,0.9,0.5,5.0,traj,RPE,min,0.01518371649749752
coarse_angle_resolution,0.2,0.01,0.1,1.0,2.0,0.175,0.008749999999999999,0.9,0.5,5.0,traj,RPE,max,0.21065306324525823
coarse_angle_resolution,0.2,0.01,0.1,1.0,2.0,0.175,0.008749999999999999,0.9,0.5,5.0,traj,RPE,rmse,0.06081565160598128
coarse_angle_resolution,0.2,0.01,0.1,1.0,2.0,0.175,0.008749999999999999,0.9,0.5,5.0,traj,num associated poses,mean,29.0
coarse_angle_resolution,0.2,0.01,0.1,1.0,2.0,0.175,0.008749999999999999,0.9,0.5,5.0,traj,num associated poses,std_dev,2.0
coarse_angle_resolution,0.2,0.01,0.1,1.0,2.0,0.175,0.008749999999999999,0.9,0.5,5.0,traj,num associated poses,median,28.0
coarse_angle_resolution,0.2,0.01,0.1,1.0,2.0,0.175,0.008749999999999999,0.9,0.5,5.0,traj,num associated poses,min,28.0
coarse_angle_resolution,0.2,0.01,0.1,1.0,2.0,0.175,0.008749999999999999,0.9,0.5,5.0,traj,num associated poses,max,33.0
coarse_angle_resolution,0.2,0.01,0.1,1.0,2.0,0.175,0.008749999999999999,0.9,0.5,5.0,traj,num gt poses,mean,177.6
coarse_angle_resolution,0.2,0.01,0.1,1.0,2.0,0.175,0.008749999999999999,0.9,0.5,5.0,traj,num gt poses,std_dev,10.725670142233538
coarse_angle_resolution,0.2,0.01,0.1,1.0,2.0,0.175,0.008749999999999999,0.9,0.5,5.0,traj,num gt poses,median,173.0
coarse_angle_resolution,0.2,0.01,0.1,1.0,2.0,0.175,0.008749999999999999,0.9,0.5,5.0,traj,num gt poses,min,171.0
coarse_angle_resolution,0.2,0.01,0.1,1.0,2.0,0.175,0.008749999999999999,0.9,0.5,5.0,traj,num gt poses,max,199.0
coarse_angle_resolution,0.2,0.01,0.1,1.0,2.0,0.175,0.008749999999999999,0.9,0.5,5.0,traj,odom accum path length (m),mean,11.6203502
coarse_angle_resolution,0.2,0.01,0.1,1.0,2.0,0.175,0.008749999999999999,0.9,0.5,5.0,traj,odom accum path length (m),std_dev,0.14254835534989516
coarse_angle_resolution,0.2,0.01,0.1,1.0,2.0,0.175,0.008749999999999999,0.9,0.5,5.0,traj,odom accum path length (m),median,11.542547
coarse_angle_resolution,0.2,0.01,0.1,1.0,2.0,0.175,0.008749999999999999,0.9,0.5,5.0,traj,odom accum path length (m),min,11.517692
coarse_angle_resolution,0.2,0.01,0.1,1.0,2.0,0.175,0.008749999999999999,0.9,0.5,5.0,traj,odom accum path length (m),max,11.898436
coarse_angle_resolution,0.2,0.01,0.1,1.0,2.0,0.175,0.008749999999999999,0.9,0.5,5.0,traj,total rotation (rad),mean,10.314730599999999
coarse_angle_resolution,0.2,0.01,0.1,1.0,2.0,0.175,0.008749999999999999,0.9,0.5,5.0,traj,total rotation (rad),std_dev,1.4088683550382697
coarse_angle_resolution,0.2,0.01,0.1,1.0,2.0,0.175,0.008749999999999999,0.9,0.5,5.0,traj,total rotation (rad),median,9.568618
coarse_angle_resolution,0.2,0.01,0.1,1.0,2.0,0.175,0.008749999999999999,0.9,0.5,5.0,traj,total rotation (rad),min,9.364932
coarse_angle_resolution,0.2,0.01,0.1,1.0,2.0,0.175,0.008749999999999999,0.9,0.5,5.0,traj,total rotation (rad),max,13.074881
coarse_angle_resolution,0.2,0.01,0.1,1.0,2.0,0.175,0.008749999999999999,0.9,0.5,5.0,traj,duration (s),mean,24.388399999999997
coarse_angle_resolution,0.2,0.01,0.1,1.0,2.0,0.175,0.008749999999999999,0.9,0.5,5.0,traj,duration (s),std_dev,1.4580223043561433
coarse_angle_resolution,0.2,0.01,0.1,1.0,2.0,0.175,0.008749999999999999,0.9,0.5,5.0,traj,duration (s),median,23.753999999999998
coarse_angle_resolution,0.2,0.01,0.1,1.0,2.0,0.175,0.008749999999999999,0.9,0.5,5.0,traj,duration (s),min,23.509999999999998
coarse_angle_resolution,0.2,0.01,0.1,1.0,2.0,0.175,0.008749999999999999,0.9,0.5,5.0,traj,duration (s),max,27.296999999999997
coarse_angle_resolution,0.2,0.01,0.1,1.0,2.0,0.175,0.008749999999999999,0.9,0.5,5.0,completion,successes,count,5.0
coarse_angle_resolution,0.2,0.01,0.1,1.0,2.0,0.175,0.008749999999999999,0.9,0.5,5.0,completion,failures,count,0.0
coarse_angle_resolution,0.2,0.01,0.1,1.0,2.0,0.175,0.008749999999999999,0.9,0.5,5.0,completion,errors,count,0.0
coarse_angle_resolution,0.2,0.01,0.1,1.0,2.0,0.175,0.008749999999999999,0.9,0.5,5.0,completion,data or metrics missing,count,0.0
coarse_angle_resolution,0.2,0.01,0.1,1.0,2.0,0.175,0.008749999999999999,0.9,0.5,5.0,latency,latency,mean,0.00523448275862069
coarse_angle_resolution,0.2,0.01,0.1,1.0,2.0,0.175,0.008749999999999999,0.9,0.5,5.0,latency,latency,std_dev,0.003348728617423486
coarse_angle_resolution,0.2,0.01,0.1,1.0,2.0,0.175,0.008749999999999999,0.9,0.5,5.0,latency,latency,median,0.004
coarse_angle_resolution,0.2,0.01,0.1,1.0,2.0,0.175,0.008749999999999999,0.9,0.5,5.0,latency,latency,min,0.0
coarse_angle_resolution,0.2,0.01,0.1,1.0,2.0,0.175,0.008749999999999999,0.9,0.5,5.0,latency,latency,max,0.015000000000000001
coarse_angle_resolution,0.2,0.01,0.1,1.0,2.0,0.175,0.008749999999999999,0.9,0.5,5.0,cov,trace,mean,0.005288510067114095
coarse_angle_resolution,0.2,0.01,0.1,1.0,2.0,0.175,0.008749999999999999,0.9,0.5,5.0,cov,trace,std_dev,0.001321663846719035
coarse_angle_resolution,0.2,0.01,0.1,1.0,2.0,0.175,0.008749999999999999,0.9,0.5,5.0,cov,trace,median,0.0049640000000000005
coarse_angle_resolution,0.2,0.01,0.1,1.0,2.0,0.175,0.008749999999999999,0.9,0.5,5.0,cov,trace,min,0.002764
coarse_angle_resolution,0.2,0.01,0.1,1.0,2.0,0.175,0.008749999999999999,0.9,0.5,5.0,cov,trace,max,0.009667
coarse_angle_resolution,0.2,0.01,0.1,1.0,2.0,0.175,0.008749999999999999,0.9,0.5,5.0,cov,trace,rmse,0.005451158964265422
coarse_angle_resolution,0.2,0.01,0.1,1.0,2.0,0.175,0.008749999999999999,0.9,0.5,5.0,cov,det,mean,9.991770315436248e-11
coarse_angle_resolution,0.2,0.01,0.1,1.0,2.0,0.175,0.008749999999999999,0.9,0.5,5.0,cov,det,std_dev,6.823747815958003e-11
coarse_angle_resolution,0.2,0.01,0.1,1.0,2.0,0.175,0.008749999999999999,0.9,0.5,5.0,cov,det,median,8.376793600000019e-11
coarse_angle_resolution,0.2,0.01,0.1,1.0,2.0,0.175,0.008749999999999999,0.9,0.5,5.0,cov,det,min,1.8748789999999993e-11
coarse_angle_resolution,0.2,0.01,0.1,1.0,2.0,0.175,0.008749999999999999,0.9,0.5,5.0,cov,det,max,4.885610519999998e-10
coarse_angle_resolution,0.2,0.01,0.1,1.0,2.0,0.175,0.008749999999999999,0.9,0.5,5.0,cov,det,rmse,1.2099545788674243e-10
coarse_angle_resolution,0.2,0.01,0.1,1.0,2.0,0.175,0.012374368670764581,0.9,0.5,5.0,traj,APE,mean,0.06800210796715442
coarse_angle_resolution,0.2,0.01,0.1,1.0,2.0,0.175,0.012374368670764581,0.9,0.5,5.0,traj,APE,std_dev,0.05180069109622916
coarse_angle_resolution,0.2,0.01,0.1,1.0,2.0,0.175,0.012374368670764581,0.9,0.5,5.0,traj,APE,median,0.04932151156504175
coarse_angle_resolution,0.2,0.01,0.1,1.0,2.0,0.175,0.012374368670764581,0.9,0.5,5.0,traj,APE,min,5.421010862427522e-20
coarse_angle_resolution,0.2,0.01,0.1,1.0,2.0,0.175,0.012374368670764581,0.9,0.5,5.0,traj,APE,max,0.24585006613765426
coarse_angle_resolution,0.2,0.01,0.1,1.0,2.0,0.175,0.012374368670764581,0.9,0.5,5.0,traj,APE,rmse,0.08548449149420893
coarse_angle_resolution,0.2,0.01,0.1,1.0,2.0,0.175,0.012374368670764581,0.9,0.5,5.0,traj,RPE,mean,0.047216970468224255
coarse_angle_resolution,0.2,0.01,0.1,1.0,2.0,0.175,0.012374368670764581,0.9,0.5,5.0,traj,RPE,std_dev,0.02905387798292144
coarse_angle_resolution,0.2,0.01,0.1,1.0,2.0,0.175,0.012374368670764581,0.9,0.5,5.0,traj,RPE,median,0.03934708356764348
coarse_angle_resolution,0.2,0.01,0.1,1.0,2.0,0.175,0.012374368670764581,0.9,0.5,5.0,traj,RPE,min,0.005570805549142553
coarse_angle_resolution,0.2,0.01,0.1,1.0,2.0,0.175,0.012374368670764581,0.9,0.5,5.0,traj,RPE,max,0.15947014913220564
coarse_angle_resolution,0.2,0.01,0.1,1.0,2.0,0.175,0.012374368670764581,0.9,0.5,5.0,traj,RPE,rmse,0.05543978829364021
coarse_angle_resolution,0.2,0.01,0.1,1.0,2.0,0.175,0.012374368670764581,0.9,0.5,5.0,traj,num associated poses,mean,27.5
coarse_angle_resolution,0.2,0.01,0.1,1.0,2.0,0.175,0.012374368670764581,0.9,0.5,5.0,traj,num associated poses,std_dev,0.5
coarse_angle_resolution,0.2,0.01,0.1,1.0,2.0,0.175,0.012374368670764581,0.9,0.5,5.0,traj,num associated poses,median,27.5
coarse_angle_resolution,0.2,0.01,0.1,1.0,2.0,0.175,0.012374368670764581,0.9,0.5,5.0,traj,num associated poses,min,27.0
coarse_angle_resolution,0.2,0.01,0.1,1.0,2.0,0.175,0.012374368670764581,0.9,0.5,5.0,traj,num associated poses,max,28.0
coarse_angle_resolution,0.2,0.01,0.1,1.0,2.0,0.175,0.012374368670764581,0.9,0.5,5.0,traj,num gt poses,mean,172.0
coarse_angle_resolution,0.2,0.01,0.1,1.0,2.0,0.175,0.012374368670764581,0.9,0.5,5.0,traj,num gt poses,std_dev,1.4142135623730951
coarse_angle_resolution,0.2,0.01,0.1,1.0,2.0,0.175,0.012374368670764581,0.9,0.5,5.0,traj,num gt poses,median,172.0
coarse_angle_resolution,0.2,0.01,0.1,1.0,2.0,0.175,0.012374368670764581,0.9,0.5,5.0,traj,num gt poses,min,170.0
coarse_angle_resolution,0.2,0.01,0.1,1.0,2.0,0.175,0.012374368670764581,0.9,0.5,5.0,traj,num gt poses,max,174.0
coarse_angle_resolution,0.2,0.01,0.1,1.0,2.0,0.175,0.012374368670764581,0.9,0.5,5.0,traj,odom accum path length (m),mean,11.491667999999999
coarse_angle_resolution,0.2,0.01,0.1,1.0,2.0,0.175,0.012374368670764581,0.9,0.5,5.0,traj,odom accum path length (m),std_dev,0.052053827193588864
coarse_angle_resolution,0.2,0.01,0.1,1.0,2.0,0.175,0.012374368670764581,0.9,0.5,5.0,traj,odom accum path length (m),median,11.4969375
coarse_angle_resolution,0.2,0.01,0.1,1.0,2.0,0.175,0.012374368670764581,0.9,0.5,5.0,traj,odom accum path length (m),min,11.414598
coarse_angle_resolution,0.2,0.01,0.1,1.0,2.0,0.175,0.012374368670764581,0.9,0.5,5.0,traj,odom accum path length (m),max,11.558199
coarse_angle_resolution,0.2,0.01,0.1,1.0,2.0,0.175,0.012374368670764581,0.9,0.5,5.0,traj,total rotation (rad),mean,9.322765749999999
coarse_angle_resolution,0.2,0.01,0.1,1.0,2.0,0.175,0.012374368670764581,0.9,0.5,5.0,traj,total rotation (rad),std_dev,0.2570987863812027
coarse_angle_resolution,0.2,0.01,0.1,1.0,2.0,0.175,0.012374368670764581,0.9,0.5,5.0,traj,total rotation (rad),median,9.2836475
coarse_angle_resolution,0.2,0.01,0.1,1.0,2.0,0.175,0.012374368670764581,0.9,0.5,5.0,traj,total rotation (rad),min,9.002551
coarse_angle_resolution,0.2,0.01,0.1,1.0,2.0,0.175,0.012374368670764581,0.9,0.5,5.0,traj,total rotation (rad),max,9.721217
coarse_angle_resolution,0.2,0.01,0.1,1.0,2.0,0.175,0.012374368670764581,0.9,0.5,5.0,traj,duration (s),mean,23.569
coarse_angle_resolution,0.2,0.01,0.1,1.0,2.0,0.175,0.012374368670764581,0.9,0.5,5.0,traj,duration (s),std_dev,0.17802527910383945
coarse_angle_resolution,0.2,0.01,0.1,1.0,2.0,0.175,0.012374368670764581,0.9,0.5,5.0,traj,duration (s),median,23.638999999999996
coarse_angle_resolution,0.2,0.01,0.1,1.0,2.0,0.175,0.012374368670764581,0.9,0.5,5.0,traj,duration (s),min,23.268
coarse_angle_resolution,0.2,0.01,0.1,1.0,2.0,0.175,0.012374368670764581,0.9,0.5,5.0,traj,duration (s),max,23.730000000000004
coarse_angle_resolution,0.2,0.01,0.1,1.0,2.0,0.175,0.012374368670764581,0.9,0.5,5.0,completion,successes,count,4.0
coarse_angle_resolution,0.2,0.01,0.1,1.0,2.0,0.175,0.012374368670764581,0.9,0.5,5.0,completion,failures,count,0.0
coarse_angle_resolution,0.2,0.01,0.1,1.0,2.0,0.175,0.012374368670764581,0.9,0.5,5.0,completion,errors,count,1.0
coarse_angle_resolution,0.2,0.01,0.1,1.0,2.0,0.175,0.012374368670764581,0.9,0.5,5.0,completion,data or metrics missing,count,1.0
coarse_angle_resolution,0.2,0.01,0.1,1.0,2.0,0.175,0.012374368670764581,0.9,0.5,5.0,latency,latency,mean,0.003981818181818183
coarse_angle_resolution,0.2,0.01,0.1,1.0,2.0,0.175,0.012374368670764581,0.9,0.5,5.0,latency,latency,std_dev,0.0035928763310999886
coarse_angle_resolution,0.2,0.01,0.1,1.0,2.0,0.175,0.012374368670764581,0.9,0.5,5.0,latency,latency,median,0.003
coarse_angle_resolution,0.2,0.01,0.1,1.0,2.0,0.175,0.012374368670764581,0.9,0.5,5.0,latency,latency,min,0.0
coarse_angle_resolution,0.2,0.01,0.1,1.0,2.0,0.175,0.012374368670764581,0.9,0.5,5.0,latency,latency,max,0.019
coarse_angle_resolution,0.2,0.01,0.1,1.0,2.0,0.175,0.012374368670764581,0.9,0.5,5.0,cov,trace,mean,0.005557052631578948
coarse_angle_resolution,0.2,0.01,0.1,1.0,2.0,0.175,0.012374368670764581,0.9,0.5,5.0,cov,trace,std_dev,0.0022805348435550187
coarse_angle_resolution,0.2,0.01,0.1,1.0,2.0,0.175,0.012374368670764581,0.9,0.5,5.0,cov,trace,median,0.0049645
coarse_angle_resolution,0.2,0.01,0.1,1.0,2.0,0.175,0.012374368670764581,0.9,0.5,5.0,cov,trace,min,0.002591
coarse_angle_resolution,0.2,0.01,0.1,1.0,2.0,0.175,0.012374368670764581,0.9,0.5,5.0,cov,trace,max,0.022888
coarse_angle_resolution,0.2,0.01,0.1,1.0,2.0,0.175,0.012374368670764581,0.9,0.5,5.0,cov,trace,rmse,0.006006802237697444
coarse_angle_resolution,0.2,0.01,0.1,1.0,2.0,0.175,0.012374368670764581,0.9,0.5,5.0,cov,det,mean,1.9908451237719303e-10
coarse_angle_resolution,0.2,0.01,0.1,1.0,2.0,0.175,0.012374368670764581,0.9,0.5,5.0,cov,det,std_dev,1.9321682482835015e-10
coarse_angle_resolution,0.2,0.01,0.1,1.0,2.0,0.175,0.012374368670764581,0.9,0.5,5.0,cov,det,median,1.4406552300000032e-10
coarse_angle_resolution,0.2,0.01,0.1,1.0,2.0,0.175,0.012374368670764581,0.9,0.5,5.0,cov,det,min,2.8158051999999977e-11
coarse_angle_resolution,0.2,0.01,0.1,1.0,2.0,0.175,0.012374368670764581,0.9,0.5,5.0,cov,det,max,1.6378467700000035e-09
coarse_angle_resolution,0.2,0.01,0.1,1.0,2.0,0.175,0.012374368670764581,0.9,0.5,5.0,cov,det,rmse,2.7742996317127333e-10
coarse_angle_resolution,0.2,0.01,0.1,1.0,2.0,0.175,0.0175,0.9,0.5,5.0,traj,APE,mean,0.059135327222844106
coarse_angle_resolution,0.2,0.01,0.1,1.0,2.0,0.175,0.0175,0.9,0.5,5.0,traj,APE,std_dev,0.042140741436831664
coarse_angle_resolution,0.2,0.01,0.1,1.0,2.0,0.175,0.0175,0.9,0.5,5.0,traj,APE,median,0.051799825800344604
coarse_angle_resolution,0.2,0.01,0.1,1.0,2.0,0.175,0.0175,0.9,0.5,5.0,traj,APE,min,1.0842021724855044e-19
coarse_angle_resolution,0.2,0.01,0.1,1.0,2.0,0.175,0.0175,0.9,0.5,5.0,traj,APE,max,0.24020608435514926
coarse_angle_resolution,0.2,0.01,0.1,1.0,2.0,0.175,0.0175,0.9,0.5,5.0,traj,APE,rmse,0.07261424801372489
coarse_angle_resolution,0.2,0.01,0.1,1.0,2.0,0.175,0.0175,0.9,0.5,5.0,traj,RPE,mean,0.050669156995054164
coarse_angle_resolution,0.2,0.01,0.1,1.0,2.0,0.175,0.0175,0.9,0.5,5.0,traj,RPE,std_dev,0.0294948413012005
coarse_angle_resolution,0.2,0.01,0.1,1.0,2.0,0.175,0.0175,0.9,0.5,5.0,traj,RPE,median,0.043705059727095256
coarse_angle_resolution,0.2,0.01,0.1,1.0,2.0,0.175,0.0175,0.9,0.5,5.0,traj,RPE,min,0.009104880727463209
coarse_angle_resolution,0.2,0.01,0.1,1.0,2.0,0.175,0.0175,0.9,0.5,5.0,traj,RPE,max,0.16683187731874843
coarse_angle_resolution,0.2,0.01,0.1,1.0,2.0,0.175,0.0175,0.9,0.5,5.0,traj,RPE,rmse,0.05862856926424565
coarse_angle_resolution,0.2,0.01,0.1,1.0,2.0,0.175,0.0175,0.9,0.5,5.0,traj,num associated poses,mean,27.4
coarse_angle_resolution,0.2,0.01,0.1,1.0,2.0,0.175,0.0175,0.9,0.5,5.0,traj,num associated poses,std_dev,0.7999999999999999
coarse_angle_resolution,0.2,0.01,0.1,1.0,2.0,0.175,0.0175,0.9,0.5,5.0,traj,num associated poses,median,28.0
coarse_angle_resolution,0.2,0.01,0.1,1.0,2.0,0.175,0.0175,0.9,0.5,5.0,traj,num associated poses,min,26.0
coarse_angle_resolution,0.2,0.01,0.1,1.0,2.0,0.175,0.0175,0.9,0.5,5.0,traj,num associated poses,max,28.0
coarse_angle_resolution,0.2,0.01,0.1,1.0,2.0,0.175,0.0175,0.9,0.5,5.0,traj,num gt poses,mean,171.8
coarse_angle_resolution,0.2,0.01,0.1,1.0,2.0,0.175,0.0175,0.9,0.5,5.0,traj,num gt poses,std_dev,1.1661903789690602
coarse_angle_resolution,0.2,0.01,0.1,1.0,2.0,0.175,0.0175,0.9,0.5,5.0,traj,num gt poses,median,172.0
coarse_angle_resolution,0.2,0.01,0.1,1.0,2.0,0.175,0.0175,0.9,0.5,5.0,traj,num gt poses,min,170.0
coarse_angle_resolution,0.2,0.01,0.1,1.0,2.0,0.175,0.0175,0.9,0.5,5.0,traj,num gt poses,max,173.0
coarse_angle_resolution,0.2,0.01,0.1,1.0,2.0,0.175,0.0175,0.9,0.5,5.0,traj,odom accum path length (m),mean,11.526340000000001
coarse_angle_resolution,0.2,0.01,0.1,1.0,2.0,0.175,0.0175,0.9,0.5,5.0,traj,odom accum path length (m),std_dev,0.04009797118558482
coarse_angle_resolution,0.2,0.01,0.1,1.0,2.0,0.175,0.0175,0.9,0.5,5.0,traj,odom accum path length (m),median,11.536235
coarse_angle_resolution,0.2,0.01,0.1,1.0,2.0,0.175,0.0175,0.9,0.5,5.0,traj,odom accum path length (m),min,11.481802
coarse_angle_resolution,0.2,0.01,0.1,1.0,2.0,0.175,0.0175,0.9,0.5,5.0,traj,odom accum path length (m),max,11.589754
coarse_angle_resolution,0.2,0.01,0.1,1.0,2.0,0.175,0.0175,0.9,0.5,5.0,traj,total rotation (rad),mean,9.120048200000001
coarse_angle_resolution,0.2,0.01,0.1,1.0,2.0,0.175,0.0175,0.9,0.5,5.0,traj,total rotation (rad),std_dev,0.1233504255791605
coarse_angle_resolution,0.2,0.01,0.1,1.0,2.0,0.175,0.0175,0.9,0.5,5.0,traj,total rotation (rad),median,9.087406
coarse_angle_resolution,0.2,0.01,0.1,1.0,2.0,0.175,0.0175,0.9,0.5,5.0,traj,total rotation (rad),min,8.953815
coarse_angle_resolution,0.2,0.01,0.1,1.0,2.0,0.175,0.0175,0.9,0.5,5.0,traj,total rotation (rad),max,9.2963
coarse_angle_resolution,0.2,0.01,0.1,1.0,2.0,0.175,0.0175,0.9,0.5,5.0,traj,duration (s),mean,23.489600000000003
coarse_angle_resolution,0.2,0.01,0.1,1.0,2.0,0.175,0.0175,0.9,0.5,5.0,traj,duration (s),std_dev,0.07881522695520216
coarse_angle_resolution,0.2,0.01,0.1,1.0,2.0,0.175,0.0175,0.9,0.5,5.0,traj,duration (s),median,23.49
coarse_angle_resolution,0.2,0.01,0.1,1.0,2.0,0.175,0.0175,0.9,0.5,5.0,traj,duration (s),min,23.374000000000002
coarse_angle_resolution,0.2,0.01,0.1,1.0,2.0,0.175,0.0175,0.9,0.5,5.0,traj,duration (s),max,23.578000000000003
coarse_angle_resolution,0.2,0.01,0.1,1.0,2.0,0.175,0.0175,0.9,0.5,5.0,completion,successes,count,5.0
coarse_angle_resolution,0.2,0.01,0.1,1.0,2.0,0.175,0.0175,0.9,0.5,5.0,completion,failures,count,0.0
coarse_angle_resolution,0.2,0.01,0.1,1.0,2.0,0.175,0.0175,0.9,0.5,5.0,completion,errors,count,0.0
coarse_angle_resolution,0.2,0.01,0.1,1.0,2.0,0.175,0.0175,0.9,0.5,5.0,completion,data or metrics missing,count,0.0
coarse_angle_resolution,0.2,0.01,0.1,1.0,2.0,0.175,0.0175,0.9,0.5,5.0,latency,latency,mean,0.0027226277372262775
coarse_angle_resolution,0.2,0.01,0.1,1.0,2.0,0.175,0.0175,0.9,0.5,5.0,latency,latency,std_dev,0.0010374725535534093
coarse_angle_resolution,0.2,0.01,0.1,1.0,2.0,0.175,0.0175,0.9,0.5,5.0,latency,latency,median,0.003
coarse_angle_resolution,0.2,0.01,0.1,1.0,2.0,0.175,0.0175,0.9,0.5,5.0,latency,latency,min,0.0
coarse_angle_resolution,0.2,0.01,0.1,1.0,2.0,0.175,0.0175,0.9,0.5,5.0,latency,latency,max,0.005
coarse_angle_resolution,0.2,0.01,0.1,1.0,2.0,0.175,0.0175,0.9,0.5,5.0,cov,trace,mean,0.005521792857142857
coarse_angle_resolution,0.2,0.01,0.1,1.0,2.0,0.175,0.0175,0.9,0.5,5.0,cov,trace,std_dev,0.0015747611133866285
coarse_angle_resolution,0.2,0.01,0.1,1.0,2.0,0.175,0.0175,0.9,0.5,5.0,cov,trace,median,0.0050290000000000005
coarse_angle_resolution,0.2,0.01,0.1,1.0,2.0,0.175,0.0175,0.9,0.5,5.0,cov,trace,min,0.002573
coarse_angle_resolution,0.2,0.01,0.1,1.0,2.0,0.175,0.0175,0.9,0.5,5.0,cov,trace,max,0.012198999999999998
coarse_angle_resolution,0.2,0.01,0.1,1.0,2.0,0.175,0.0175,0.9,0.5,5.0,cov,trace,rmse,0.005741956889548073
coarse_angle_resolution,0.2,0.01,0.1,1.0,2.0,0.175,0.0175,0.9,0.5,5.0,cov,det,mean,3.2072654086428554e-10
coarse_angle_resolution,0.2,0.01,0.1,1.0,2.0,0.175,0.0175,0.9,0.5,5.0,cov,det,std_dev,2.299943982283917e-10
coarse_angle_resolution,0.2,0.01,0.1,1.0,2.0,0.175,0.0175,0.9,0.5,5.0,cov,det,median,2.4804955499999976e-10
coarse_angle_resolution,0.2,0.01,0.1,1.0,2.0,0.175,0.0175,0.9,0.5,5.0,cov,det,min,5.471572400000002e-11
coarse_angle_resolution,0.2,0.01,0.1,1.0,2.0,0.175,0.0175,0.9,0.5,5.0,cov,det,max,1.2645284120000006e-09
coarse_angle_resolution,0.2,0.01,0.1,1.0,2.0,0.175,0.0175,0.9,0.5,5.0,cov,det,rmse,3.9466813556608576e-10
coarse_angle_resolution,0.2,0.01,0.1,1.0,2.0,0.175,0.024748737341529166,0.9,0.5,5.0,traj,APE,mean,0.07237718378624838
coarse_angle_resolution,0.2,0.01,0.1,1.0,2.0,0.175,0.024748737341529166,0.9,0.5,5.0,traj,APE,std_dev,0.054751767685491975
coarse_angle_resolution,0.2,0.01,0.1,1.0,2.0,0.175,0.024748737341529166,0.9,0.5,5.0,traj,APE,median,0.05278216389704044
coarse_angle_resolution,0.2,0.01,0.1,1.0,2.0,0.175,0.024748737341529166,0.9,0.5,5.0,traj,APE,min,5.421010862427522e-20
coarse_angle_resolution,0.2,0.01,0.1,1.0,2.0,0.175,0.024748737341529166,0.9,0.5,5.0,traj,APE,max,0.2483310389959189
coarse_angle_resolution,0.2,0.01,0.1,1.0,2.0,0.175,0.024748737341529166,0.9,0.5,5.0,traj,APE,rmse,0.09075358283569009
coarse_angle_resolution,0.2,0.01,0.1,1.0,2.0,0.175,0.024748737341529166,0.9,0.5,5.0,traj,RPE,mean,0.05371171463647885
coarse_angle_resolution,0.2,0.01,0.1,1.0,2.0,0.175,0.024748737341529166,0.9,0.5,5.0,traj,RPE,std_dev,0.028827659755621297
coarse_angle_resolution,0.2,0.01,0.1,1.0,2.0,0.175,0.024748737341529166,0.9,0.5,5.0,traj,RPE,median,0.047380985560161515
coarse_angle_resolution,0.2,0.01,0.1,1.0,2.0,0.175,0.024748737341529166,0.9,0.5,5.0,traj,RPE,min,0.011877132875289735
coarse_angle_resolution,0.2,0.01,0.1,1.0,2.0,0.175,0.024748737341529166,0.9,0.5,5.0,traj,RPE,max,0.14876033915238368
coarse_angle_resolution,0.2,0.01,0.1,1.0,2.0,0.175,0.024748737341529166,0.9,0.5,5.0,traj,RPE,rmse,0.06095885707734689
coarse_angle_resolution,0.2,0.01,0.1,1.0,2.0,0.175,0.024748737341529166,0.9,0.5,5.0,traj,num associated poses,mean,24.0
coarse_angle_resolution,0.2,0.01,0.1,1.0,2.0,0.175,0.024748737341529166,0.9,0.5,5.0,traj,num associated poses,std_dev,6.54217089351845
coarse_angle_resolution,0.2,0.01,0.1,1.0,2.0,0.175,0.024748737341529166,0.9,0.5,5.0,traj,num associated poses,median,27.0
coarse_angle_resolution,0.2,0.01,0.1,1.0,2.0,0.175,0.024748737341529166,0.9,0.5,5.0,traj,num associated poses,min,11.0
coarse_angle_resolution,0.2,0.01,0.1,1.0,2.0,0.175,0.024748737341529166,0.9,0.5,5.0,traj,num associated poses,max,28.0
coarse_angle_resolution,0.2,0.01,0.1,1.0,2.0,0.175,0.024748737341529166,0.9,0.5,5.0,traj,num gt poses,mean,162.8
coarse_angle_resolution,0.2,0.01,0.1,1.0,2.0,0.175,0.024748737341529166,0.9,0.5,5.0,traj,num gt poses,std_dev,23.827714955488283
coarse_angle_resolution,0.2,0.01,0.1,1.0,2.0,0.175,0.024748737341529166,0.9,0.5,5.0,traj,num gt poses,median,172.0
coarse_angle_resolution,0.2,0.01,0.1,1.0,2.0,0.175,0.024748737341529166,0.9,0.5,5.0,traj,num gt poses,min,116.0
coarse_angle_resolution,0.2,0.01,0.1,1.0,2.0,0.175,0.024748737341529166,0.9,0.5,5.0,traj,num gt poses,max,183.0
coarse_angle_resolution,0.2,0.01,0.1,1.0,2.0,0.175,0.024748737341529166,0.9,0.5,5.0,traj,odom accum path length (m),mean,10.1903442
coarse_angle_resolution,0.2,0.01,0.1,1.0,2.0,0.175,0.024748737341529166,0.9,0.5,5.0,traj,odom accum path length (m),std_dev,2.66259875324018
coarse_angle_resolution,0.2,0.01,0.1,1.0,2.0,0.175,0.024748737341529166,0.9,0.5,5.0,traj,odom accum path length (m),median,11.515527
coarse_angle_resolution,0.2,0.01,0.1,1.0,2.0,0.175,0.024748737341529166,0.9,0.5,5.0,traj,odom accum path length (m),min,4.866751
coarse_angle_resolution,0.2,0.01,0.1,1.0,2.0,0.175,0.024748737341529166,0.9,0.5,5.0,traj,odom accum path length (m),max,11.595117
coarse_angle_resolution,0.2,0.01,0.1,1.0,2.0,0.175,0.024748737341529166,0.9,0.5,5.0,traj,total rotation (rad),mean,8.5109396
coarse_angle_resolution,0.2,0.01,0.1,1.0,2.0,0.175,0.024748737341529166,0.9,0.5,5.0,traj,total rotation (rad),std_dev,2.3491991584494154
coarse_angle_resolution,0.2,0.01,0.1,1.0,2.0,0.175,0.024748737341529166,0.9,0.5,5.0,traj,total rotation (rad),median,9.176836
coarse_angle_resolution,0.2,0.01,0.1,1.0,2.0,0.175,0.024748737341529166,0.9,0.5,5.0,traj,total rotation (rad),min,3.926836
coarse_angle_resolution,0.2,0.01,0.1,1.0,2.0,0.175,0.024748737341529166,0.9,0.5,5.0,traj,total rotation (rad),max,10.511919
coarse_angle_resolution,0.2,0.01,0.1,1.0,2.0,0.175,0.024748737341529166,0.9,0.5,5.0,traj,duration (s),mean,22.3642
coarse_angle_resolution,0.2,0.01,0.1,1.0,2.0,0.175,0.024748737341529166,0.9,0.5,5.0,traj,duration (s),std_dev,3.262899900395353
coarse_angle_resolution,0.2,0.01,0.1,1.0,2.0,0.175,0.024748737341529166,0.9,0.5,5.0,traj,duration (s),median,23.717
coarse_angle_resolution,0.2,0.01,0.1,1.0,2.0,0.175,0.024748737341529166,0.9,0.5,5.0,traj,duration (s),min,15.923
coarse_angle_resolution,0.2,0.01,0.1,1.0,2.0,0.175,0.024748737341529166,0.9,0.5,5.0,traj,duration (s),max,24.957
coarse_angle_resolution,0.2,0.01,0.1,1.0,2.0,0.175,0.024748737341529166,0.9,0.5,5.0,completion,successes,count,4.0
coarse_angle_resolution,0.2,0.01,0.1,1.0,2.0,0.175,0.024748737341529166,0.9,0.5,5.0,completion,failures,count,1.0
coarse_angle_resolution,0.2,0.01,0.1,1.0,2.0,0.175,0.024748737341529166,0.9,0.5,5.0,completion,errors,count,0.0
coarse_angle_resolution,0.2,0.01,0.1,1.0,2.0,0.175,0.024748737341529166,0.9,0.5,5.0,completion,data or metrics missing,count,0.0
coarse_angle_resolution,0.2,0.01,0.1,1.0,2.0,0.175,0.024748737341529166,0.9,0.5,5.0,latency,latency,mean,0.003516666666666668
coarse_angle_resolution,0.2,0.01,0.1,1.0,2.0,0.175,0.024748737341529166,0.9,0.5,5.0,latency,latency,std_dev,0.0030956510713508324
coarse_angle_resolution,0.2,0.01,0.1,1.0,2.0,0.175,0.024748737341529166,0.9,0.5,5.0,latency,latency,median,0.003
coarse_angle_resolution,0.2,0.01,0.1,1.0,2.0,0.175,0.024748737341529166,0.9,0.5,5.0,latency,latency,min,0.0
coarse_angle_resolution,0.2,0.01,0.1,1.0,2.0,0.175,0.024748737341529166,0.9,0.5,5.0,latency,latency,max,0.016
coarse_angle_resolution,0.2,0.01,0.1,1.0,2.0,0.175,0.024748737341529166,0.9,0.5,5.0,cov,trace,mean,0.00582475
coarse_angle_resolution,0.2,0.01,0.1,1.0,2.0,0.175,0.024748737341529166,0.9,0.5,5.0,cov,trace,std_dev,0.0022093379742072496
coarse_angle_resolution,0.2,0.01,0.1,1.0,2.0,0.175,0.024748737341529166,0.9,0.5,5.0,cov,trace,median,0.005108
coarse_angle_resolution,0.2,0.01,0.1,1.0,2.0,0.175,0.024748737341529166,0.9,0.5,5.0,cov,trace,min,0.003013
coarse_angle_resolution,0.2,0.01,0.1,1.0,2.0,0.175,0.024748737341529166,0.9,0.5,5.0,cov,trace,max,0.023206
coarse_angle_resolution,0.2,0.01,0.1,1.0,2.0,0.175,0.024748737341529166,0.9,0.5,5.0,cov,trace,rmse,0.006229677908750515
coarse_angle_resolution,0.2,0.01,0.1,1.0,2.0,0.175,0.024748737341529166,0.9,0.5,5.0,cov,det,mean,7.569947575564513e-10
coarse_angle_resolution,0.2,0.01,0.1,1.0,2.0,0.175,0.024748737341529166,0.9,0.5,5.0,cov,det,std_dev,8.170388459621941e-10
coarse_angle_resolution,0.2,0.01,0.1,1.0,2.0,0.175,0.024748737341529166,0.9,0.5,5.0,cov,det,median,5.010992519999999e-10
coarse_angle_resolution,0.2,0.01,0.1,1.0,2.0,0.175,0.024748737341529166,0.9,0.5,5.0,cov,det,min,9.498384500000016e-11
coarse_angle_resolution,0.2,0.01,0.1,1.0,2.0,0.175,0.024748737341529166,0.9,0.5,5.0,cov,det,max,6.4322987519999865e-09
coarse_angle_resolution,0.2,0.01,0.1,1.0,2.0,0.175,0.024748737341529166,0.9,0.5,5.0,cov,det,rmse,1.1138193474613306e-09
coarse_angle_resolution,0.2,0.01,0.1,1.0,2.0,0.175,0.035,0.9,0.5,5.0,traj,APE,mean,0.08906978188593985
coarse_angle_resolution,0.2,0.01,0.1,1.0,2.0,0.175,0.035,0.9,0.5,5.0,traj,APE,std_dev,0.07586738543421243
coarse_angle_resolution,0.2,0.01,0.1,1.0,2.0,0.175,0.035,0.9,0.5,5.0,traj,APE,median,0.05786061817994961
coarse_angle_resolution,0.2,0.01,0.1,1.0,2.0,0.175,0.035,0.9,0.5,5.0,traj,APE,min,9.215718466126788e-19
coarse_angle_resolution,0.2,0.01,0.1,1.0,2.0,0.175,0.035,0.9,0.5,5.0,traj,APE,max,0.34859848077076117
coarse_angle_resolution,0.2,0.01,0.1,1.0,2.0,0.175,0.035,0.9,0.5,5.0,traj,APE,rmse,0.11700122314673572
coarse_angle_resolution,0.2,0.01,0.1,1.0,2.0,0.175,0.035,0.9,0.5,5.0,traj,RPE,mean,0.05408355689718641
coarse_angle_resolution,0.2,0.01,0.1,1.0,2.0,0.175,0.035,0.9,0.5,5.0,traj,RPE,std_dev,0.031204336118657337
coarse_angle_resolution,0.2,0.01,0.1,1.0,2.0,0.175,0.035,0.9,0.5,5.0,traj,RPE,median,0.04452139703208051
coarse_angle_resolution,0.2,0.01,0.1,1.0,2.0,0.175,0.035,0.9,0.5,5.0,traj,RPE,min,0.00855979471140446
coarse_angle_resolution,0.2,0.01,0.1,1.0,2.0,0.175,0.035,0.9,0.5,5.0,traj,RPE,max,0.1836429736376567
coarse_angle_resolution,0.2,0.01,0.1,1.0,2.0,0.175,0.035,0.9,0.5,5.0,traj,RPE,rmse,0.062439904862654466
coarse_angle_resolution,0.2,0.01,0.1,1.0,2.0,0.175,0.035,0.9,0.5,5.0,traj,num associated poses,mean,27.5
coarse_angle_resolution,0.2,0.01,0.1,1.0,2.0,0.175,0.035,0.9,0.5,5.0,traj,num associated poses,std_dev,0.8660254037844386
coarse_angle_resolution,0.2,0.01,0.1,1.0,2.0,0.175,0.035,0.9,0.5,5.0,traj,num associated poses,median,28.0
coarse_angle_resolution,0.2,0.01,0.1,1.0,2.0,0.175,0.035,0.9,0.5,5.0,traj,num associated poses,min,26.0
coarse_angle_resolution,0.2,0.01,0.1,1.0,2.0,0.175,0.035,0.9,0.5,5.0,traj,num associated poses,max,28.0
coarse_angle_resolution,0.2,0.01,0.1,1.0,2.0,0.175,0.035,0.9,0.5,5.0,traj,num gt poses,mean,178.25
coarse_angle_resolution,0.2,0.01,0.1,1.0,2.0,0.175,0.035,0.9,0.5,5.0,traj,num gt poses,std_dev,3.766629793329841
coarse_angle_resolution,0.2,0.01,0.1,1.0,2.0,0.175,0.035,0.9,0.5,5.0,traj,num gt poses,median,179.5
coarse_angle_resolution,0.2,0.01,0.1,1.0,2.0,0.175,0.035,0.9,0.5,5.0,traj,num gt poses,min,172.0
coarse_angle_resolution,0.2,0.01,0.1,1.0,2.0,0.175,0.035,0.9,0.5,5.0,traj,num gt poses,max,182.0
coarse_angle_resolution,0.2,0.01,0.1,1.0,2.0,0.175,0.035,0.9,0.5,5.0,traj,odom accum path length (m),mean,11.56477675
coarse_angle_resolution,0.2,0.01,0.1,1.0,2.0,0.175,0.035,0.9,0.5,5.0,traj,odom accum path length (m),std_dev,0.12993182605577233
coarse_angle_resolution,0.2,0.01,0.1,1.0,2.0,0.175,0.035,0.9,0.5,5.0,traj,odom accum path length (m),median,11.604526
coarse_angle_resolution,0.2,0.01,0.1,1.0,2.0,0.175,0.035,0.9,0.5,5.0,traj,odom accum path length (m),min,11.355991
coarse_angle_resolution,0.2,0.01,0.1,1.0,2.0,0.175,0.035,0.9,0.5,5.0,traj,odom accum path length (m),max,11.694064
coarse_angle_resolution,0.2,0.01,0.1,1.0,2.0,0.175,0.035,0.9,0.5,5.0,traj,total rotation (rad),mean,9.819325749999999
coarse_angle_resolution,0.2,0.01,0.1,1.0,2.0,0.175,0.035,0.9,0.5,5.0,traj,total rotation (rad),std_dev,0.3907138980720899
coarse_angle_resolution,0.2,0.01,0.1,1.0,2.0,0.175,0.035,0.9,0.5,5.0,traj,total rotation (rad),median,9.663243999999999
coarse_angle_resolution,0.2,0.01,0.1,1.0,2.0,0.175,0.035,0.9,0.5,5.0,traj,total rotation (rad),min,9.492981
coarse_angle_resolution,0.2,0.01,0.1,1.0,2.0,0.175,0.035,0.9,0.5,5.0,traj,total rotation (rad),max,10.457834
coarse_angle_resolution,0.2,0.01,0.1,1.0,2.0,0.175,0.035,0.9,0.5,5.0,traj,duration (s),mean,24.369
coarse_angle_resolution,0.2,0.01,0.1,1.0,2.0,0.175,0.035,0.9,0.5,5.0,traj,duration (s),std_dev,0.5425048386880998
coarse_angle_resolution,0.2,0.01,0.1,1.0,2.0,0.175,0.035,0.9,0.5,5.0,traj,duration (s),median,24.606
coarse_angle_resolution,0.2,0.01,0.1,1.0,2.0,0.175,0.035,0.9,0.5,5.0,traj,duration (s),min,23.455
coarse_angle_resolution,0.2,0.01,0.1,1.0,2.0,0.175,0.035,0.9,0.5,5.0,traj,duration (s),max,24.809
coarse_angle_resolution,0.2,0.01,0.1,1.0,2.0,0.175,0.035,0.9,0.5,5.0,completion,successes,count,4.0
coarse_angle_resolution,0.2,0.01,0.1,1.0,2.0,0.175,0.035,0.9,0.5,5.0,completion,failures,count,0.0
coarse_angle_resolution,0.2,0.01,0.1,1.0,2.0,0.175,0.035,0.9,0.5,5.0,completion,errors,count,1.0
coarse_angle_resolution,0.2,0.01,0.1,1.0,2.0,0.175,0.035,0.9,0.5,5.0,completion,data or metrics missing,count,1.0
coarse_angle_resolution,0.2,0.01,0.1,1.0,2.0,0.175,0.035,0.9,0.5,5.0,latency,latency,mean,0.002572727272727273
coarse_angle_resolution,0.2,0.01,0.1,1.0,2.0,0.175,0.035,0.9,0.5,5.0,latency,latency,std_dev,0.0009578298473783982
coarse_angle_resolution,0.2,0.01,0.1,1.0,2.0,0.175,0.035,0.9,0.5,5.0,latency,latency,median,0.003
coarse_angle_resolution,0.2,0.01,0.1,1.0,2.0,0.175,0.035,0.9,0.5,5.0,latency,latency,min,0.0
coarse_angle_resolution,0.2,0.01,0.1,1.0,2.0,0.175,0.035,0.9,0.5,5.0,latency,latency,max,0.004
coarse_angle_resolution,0.2,0.01,0.1,1.0,2.0,0.175,0.035,0.9,0.5,5.0,cov,trace,mean,0.005967920353982301
coarse_angle_resolution,0.2,0.01,0.1,1.0,2.0,0.175,0.035,0.9,0.5,5.0,cov,trace,std_dev,0.0027482324138864526
coarse_angle_resolution,0.2,0.01,0.1,1.0,2.0,0.175,0.035,0.9,0.5,5.0,cov,trace,median,0.005142000000000001
coarse_angle_resolution,0.2,0.01,0.1,1.0,2.0,0.175,0.035,0.9,0.5,5.0,cov,trace,min,0.0029
coarse_angle_resolution,0.2,0.01,0.1,1.0,2.0,0.175,0.035,0.9,0.5,5.0,cov,trace,max,0.022654999999999998
coarse_angle_resolution,0.2,0.01,0.1,1.0,2.0,0.175,0.035,0.9,0.5,5.0,cov,trace,rmse,0.006570300963594619
coarse_angle_resolution,0.2,0.01,0.1,1.0,2.0,0.175,0.035,0.9,0.5,5.0,cov,det,mean,1.2702511369911501e-09
coarse_angle_resolution,0.2,0.01,0.1,1.0,2.0,0.175,0.035,0.9,0.5,5.0,cov,det,std_dev,1.2167704696381382e-09
coarse_angle_resolution,0.2,0.01,0.1,1.0,2.0,0.175,0.035,0.9,0.5,5.0,cov,det,median,9.0720904e-10
coarse_angle_resolution,0.2,0.01,0.1,1.0,2.0,0.175,0.035,0.9,0.5,5.0,cov,det,min,9.930698099999993e-11
coarse_angle_resolution,0.2,0.01,0.1,1.0,2.0,0.175,0.035,0.9,0.5,5.0,cov,det,max,8.618666933999988e-09
coarse_angle_resolution,0.2,0.01,0.1,1.0,2.0,0.175,0.035,0.9,0.5,5.0,cov,det,rmse,1.7589963976116398e-09
coarse_angle_resolution,0.2,0.01,0.1,1.0,2.0,0.175,0.04949747468305833,0.9,0.5,5.0,traj,APE,mean,0.12132235942816277
coarse_angle_resolution,0.2,0.01,0.1,1.0,2.0,0.175,0.04949747468305833,0.9,0.5,5.0,traj,APE,std_dev,0.12198341548952707
coarse_angle_resolution,0.2,0.01,0.1,1.0,2.0,0.175,0.04949747468305833,0.9,0.5,5.0,traj,APE,median,0.06501483987001544
coarse_angle_resolution,0.2,0.01,0.1,1.0,2.0,0.175,0.04949747468305833,0.9,0.5,5.0,traj,APE,min,5.421010862427522e-20
coarse_angle_resolution,0.2,0.01,0.1,1.0,2.0,0.175,0.04949747468305833,0.9,0.5,5.0,traj,APE,max,0.49938384144830256
coarse_angle_resolution,0.2,0.01,0.1,1.0,2.0,0.175,0.04949747468305833,0.9,0.5,5.0,traj,APE,rmse,0.1720437983529395
coarse_angle_resolution,0.2,0.01,0.1,1.0,2.0,0.175,0.04949747468305833,0.9,0.5,5.0,traj,RPE,mean,0.058906350912743856
coarse_angle_resolution,0.2,0.01,0.1,1.0,2.0,0.175,0.04949747468305833,0.9,0.5,5.0,traj,RPE,std_dev,0.04402054245888724
coarse_angle_resolution,0.2,0.01,0.1,1.0,2.0,0.175,0.04949747468305833,0.9,0.5,5.0,traj,RPE,median,0.0470763492939158
coarse_angle_resolution,0.2,0.01,0.1,1.0,2.0,0.175,0.04949747468305833,0.9,0.5,5.0,traj,RPE,min,0.01793413933534991
coarse_angle_resolution,0.2,0.01,0.1,1.0,2.0,0.175,0.04949747468305833,0.9,0.5,5.0,traj,RPE,max,0.26488762600471916
coarse_angle_resolution,0.2,0.01,0.1,1.0,2.0,0.175,0.04949747468305833,0.9,0.5,5.0,traj,RPE,rmse,0.07353751652204481
coarse_angle_resolution,0.2,0.01,0.1,1.0,2.0,0.175,0.04949747468305833,0.9,0.5,5.0,traj,num associated poses,mean,25.2
coarse_angle_resolution,0.2,0.01,0.1,1.0,2.0,0.175,0.04949747468305833,0.9,0.5,5.0,traj,num associated poses,std_dev,7.138627319029899
coarse_angle_resolution,0.2,0.01,0.1,1.0,2.0,0.175,0.04949747468305833,0.9,0.5,5.0,traj,num associated poses,median,28.0
coarse_angle_resolution,0.2,0.01,0.1,1.0,2.0,0.175,0.04949747468305833,0.9,0.5,5.0,traj,num associated poses,min,11.0
coarse_angle_resolution,0.2,0.01,0.1,1.0,2.0,0.175,0.04949747468305833,0.9,0.5,5.0,traj,num associated poses,max,30.0
coarse_angle_resolution,0.2,0.01,0.1,1.0,2.0,0.175,0.04949747468305833,0.9,0.5,5.0,traj,num gt poses,mean,168.4
coarse_angle_resolution,0.2,0.01,0.1,1.0,2.0,0.175,0.04949747468305833,0.9,0.5,5.0,traj,num gt poses,std_dev,27.947092872068108
coarse_angle_resolution,0.2,0.01,0.1,1.0,2.0,0.175,0.04949747468305833,0.9,0.5,5.0,traj,num gt poses,median,180.0
coarse_angle_resolution,0.2,0.01,0.1,1.0,2.0,0.175,0.04949747468305833,0.9,0.5,5.0,traj,num gt poses,min,113.0
coarse_angle_resolution,0.2,0.01,0.1,1.0,2.0,0.175,0.04949747468305833,0.9,0.5,5.0,traj,num gt poses,max,189.0
coarse_angle_resolution,0.2,0.01,0.1,1.0,2.0,0.175,0.04949747468305833,0.9,0.5,5.0,traj,odom accum path length (m),mean,10.320320599999999
coarse_angle_resolution,0.2,0.01,0.1,1.0,2.0,0.175,0.04949747468305833,0.9,0.5,5.0,traj,odom accum path length (m),std_dev,2.7351033218704264
coarse_angle_resolution,0.2,0.01,0.1,1.0,2.0,0.175,0.04949747468305833,0.9,0.5,5.0,traj,odom accum path length (m),median,11.646921
coarse_angle_resolution,0.2,0.01,0.1,1.0,2.0,0.175,0.04949747468305833,0.9,0.5,5.0,traj,odom accum path length (m),min,4.850851
coarse_angle_resolution,0.2,0.01,0.1,1.0,2.0,0.175,0.04949747468305833,0.9,0.5,5.0,traj,odom accum path length (m),max,11.744396
coarse_angle_resolution,0.2,0.01,0.1,1.0,2.0,0.175,0.04949747468305833,0.9,0.5,5.0,traj,total rotation (rad),mean,9.339611999999999
coarse_angle_resolution,0.2,0.01,0.1,1.0,2.0,0.175,0.04949747468305833,0.9,0.5,5.0,traj,total rotation (rad),std_dev,2.900822016205958
coarse_angle_resolution,0.2,0.01,0.1,1.0,2.0,0.175,0.04949747468305833,0.9,0.5,5.0,traj,total rotation (rad),median,10.658928
coarse_angle_resolution,0.2,0.01,0.1,1.0,2.0,0.175,0.04949747468305833,0.9,0.5,5.0,traj,total rotation (rad),min,3.595615
coarse_angle_resolution,0.2,0.01,0.1,1.0,2.0,0.175,0.04949747468305833,0.9,0.5,5.0,traj,total rotation (rad),max,11.196966
coarse_angle_resolution,0.2,0.01,0.1,1.0,2.0,0.175,0.04949747468305833,0.9,0.5,5.0,traj,duration (s),mean,23.035600000000002
coarse_angle_resolution,0.2,0.01,0.1,1.0,2.0,0.175,0.04949747468305833,0.9,0.5,5.0,traj,duration (s),std_dev,3.8572018147875027
coarse_angle_resolution,0.2,0.01,0.1,1.0,2.0,0.175,0.04949747468305833,0.9,0.5,5.0,traj,duration (s),median,24.472
coarse_angle_resolution,0.2,0.01,0.1,1.0,2.0,0.175,0.04949747468305833,0.9,0.5,5.0,traj,duration (s),min,15.395
coarse_angle_resolution,0.2,0.01,0.1,1.0,2.0,0.175,0.04949747468305833,0.9,0.5,5.0,traj,duration (s),max,25.921999999999997
coarse_angle_resolution,0.2,0.01,0.1,1.0,2.0,0.175,0.04949747468305833,0.9,0.5,5.0,completion,successes,count,4.0
coarse_angle_resolution,0.2,0.01,0.1,1.0,2.0,0.175,0.04949747468305833,0.9,0.5,5.0,completion,failures,count,1.0
coarse_angle_resolution,0.2,0.01,0.1,1.0,2.0,0.175,0.04949747468305833,0.9,0.5,5.0,completion,errors,count,0.0
coarse_angle_resolution,0.2,0.01,0.1,1.0,2.0,0.175,0.04949747468305833,0.9,0.5,5.0,completion,data or metrics missing,count,0.0
coarse_angle_resolution,0.2,0.01,0.1,1.0,2.0,0.175,0.04949747468305833,0.9,0.5,5.0,latency,latency,mean,0.005309523809523811
coarse_angle_resolution,0.2,0.01,0.1,1.0,2.0,0.175,0.04949747468305833,0.9,0.5,5.0,latency,latency,std_dev,0.003742642063370805
coarse_angle_resolution,0.2,0.01,0.1,1.0,2.0,0.175,0.04949747468305833,0.9,0.5,5.0,latency,latency,median,0.0035
coarse_angle_resolution,0.2,0.01,0.1,1.0,2.0,0.175,0.04949747468305833,0.9,0.5,5.0,latency,latency,min,0.0
coarse_angle_resolution,0.2,0.01,0.1,1.0,2.0,0.175,0.04949747468305833,0.9,0.5,5.0,latency,latency,max,0.014
coarse_angle_resolution,0.2,0.01,0.1,1.0,2.0,0.175,0.04949747468305833,0.9,0.5,5.0,cov,trace,mean,0.007066984732824428
coarse_angle_resolution,0.2,0.01,0.1,1.0,2.0,0.175,0.04949747468305833,0.9,0.5,5.0,cov,trace,std_dev,0.00332021729488645
coarse_angle_resolution,0.2,0.01,0.1,1.0,2.0,0.175,0.04949747468305833,0.9,0.5,5.0,cov,trace,median,0.00607
coarse_angle_resolution,0.2,0.01,0.1,1.0,2.0,0.175,0.04949747468305833,0.9,0.5,5.0,cov,trace,min,0.003459
coarse_angle_resolution,0.2,0.01,0.1,1.0,2.0,0.175,0.04949747468305833,0.9,0.5,5.0,cov,trace,max,0.022307
coarse_angle_resolution,0.2,0.01,0.1,1.0,2.0,0.175,0.04949747468305833,0.9,0.5,5.0,cov,trace,rmse,0.00780808018012345
coarse_angle_resolution,0.2,0.01,0.1,1.0,2.0,0.175,0.04949747468305833,0.9,0.5,5.0,cov,det,mean,3.91192690010687e-09
coarse_angle_resolution,0.2,0.01,0.1,1.0,2.0,0.175,0.04949747468305833,0.9,0.5,5.0,cov,det,std_dev,3.366401285968083e-09
coarse_angle_resolution,0.2,0.01,0.1,1.0,2.0,0.175,0.04949747468305833,0.9,0.5,5.0,cov,det,median,2.9169171200000007e-09
coarse_angle_resolution,0.2,0.01,0.1,1.0,2.0,0.175,0.04949747468305833,0.9,0.5,5.0,cov,det,min,9.930698099999993e-11
coarse_angle_resolution,0.2,0.01,0.1,1.0,2.0,0.175,0.04949747468305833,0.9,0.5,5.0,cov,det,max,1.814064556500001e-08
coarse_angle_resolution,0.2,0.01,0.1,1.0,2.0,0.175,0.04949747468305833,0.9,0.5,5.0,cov,det,rmse,5.160991153833468e-09
coarse_angle_resolution,0.2,0.01,0.1,1.0,2.0,0.175,0.07,0.9,0.5,5.0,traj,APE,mean,0.10730414869238906
coarse_angle_resolution,0.2,0.01,0.1,1.0,2.0,0.175,0.07,0.9,0.5,5.0,traj,APE,std_dev,0.08490678787727063
coarse_angle_resolution,0.2,0.01,0.1,1.0,2.0,0.175,0.07,0.9,0.5,5.0,traj,APE,median,0.07461078313813556
coarse_angle_resolution,0.2,0.01,0.1,1.0,2.0,0.175,0.07,0.9,0.5,5.0,traj,APE,min,9.75781955236954e-19
coarse_angle_resolution,0.2,0.01,0.1,1.0,2.0,0.175,0.07,0.9,0.5,5.0,traj,APE,max,0.35455504902913454
coarse_angle_resolution,0.2,0.01,0.1,1.0,2.0,0.175,0.07,0.9,0.5,5.0,traj,APE,rmse,0.1368332669866293
coarse_angle_resolution,0.2,0.01,0.1,1.0,2.0,0.175,0.07,0.9,0.5,5.0,traj,RPE,mean,0.05362892038263129
coarse_angle_resolution,0.2,0.01,0.1,1.0,2.0,0.175,0.07,0.9,0.5,5.0,traj,RPE,std_dev,0.032405656010521006
coarse_angle_resolution,0.2,0.01,0.1,1.0,2.0,0.175,0.07,0.9,0.5,5.0,traj,RPE,median,0.04549368573009258
coarse_angle_resolution,0.2,0.01,0.1,1.0,2.0,0.175,0.07,0.9,0.5,5.0,traj,RPE,min,0.008516718133473381
coarse_angle_resolution,0.2,0.01,0.1,1.0,2.0,0.175,0.07,0.9,0.5,5.0,traj,RPE,max,0.20263718303622655
coarse_angle_resolution,0.2,0.01,0.1,1.0,2.0,0.175,0.07,0.9,0.5,5.0,traj,RPE,rmse,0.06265929813586187
coarse_angle_resolution,0.2,0.01,0.1,1.0,2.0,0.175,0.07,0.9,0.5,5.0,traj,num associated poses,mean,28.2
coarse_angle_resolution,0.2,0.01,0.1,1.0,2.0,0.175,0.07,0.9,0.5,5.0,traj,num associated poses,std_dev,0.9797958971132712
coarse_angle_resolution,0.2,0.01,0.1,1.0,2.0,0.175,0.07,0.9,0.5,5.0,traj,num associated poses,median,28.0
coarse_angle_resolution,0.2,0.01,0.1,1.0,2.0,0.175,0.07,0.9,0.5,5.0,traj,num associated poses,min,27.0
coarse_angle_resolution,0.2,0.01,0.1,1.0,2.0,0.175,0.07,0.9,0.5,5.0,traj,num associated poses,max,30.0
coarse_angle_resolution,0.2,0.01,0.1,1.0,2.0,0.175,0.07,0.9,0.5,5.0,traj,num gt poses,mean,176.6
coarse_angle_resolution,0.2,0.01,0.1,1.0,2.0,0.175,0.07,0.9,0.5,5.0,traj,num gt poses,std_dev,4.841487374764082
coarse_angle_resolution,0.2,0.01,0.1,1.0,2.0,0.175,0.07,0.9,0.5,5.0,traj,num gt poses,median,177.0
coarse_angle_resolution,0.2,0.01,0.1,1.0,2.0,0.175,0.07,0.9,0.5,5.0,traj,num gt poses,min,169.0
coarse_angle_resolution,0.2,0.01,0.1,1.0,2.0,0.175,0.07,0.9,0.5,5.0,traj,num gt poses,max,183.0
coarse_angle_resolution,0.2,0.01,0.1,1.0,2.0,0.175,0.07,0.9,0.5,5.0,traj,odom accum path length (m),mean,11.619729000000001
coarse_angle_resolution,0.2,0.01,0.1,1.0,2.0,0.175,0.07,0.9,0.5,5.0,traj,odom accum path length (m),std_dev,0.08494085280005148
coarse_angle_resolution,0.2,0.01,0.1,1.0,2.0,0.175,0.07,0.9,0.5,5.0,traj,odom accum path length (m),median,11.608606
coarse_angle_resolution,0.2,0.01,0.1,1.0,2.0,0.175,0.07,0.9,0.5,5.0,traj,odom accum path length (m),min,11.54292
coarse_angle_resolution,0.2,0.01,0.1,1.0,2.0,0.175,0.07,0.9,0.5,5.0,traj,odom accum path length (m),max,11.779116
coarse_angle_resolution,0.2,0.01,0.1,1.0,2.0,0.175,0.07,0.9,0.5,5.0,traj,total rotation (rad),mean,10.175408399999998
coarse_angle_resolution,0.2,0.01,0.1,1.0,2.0,0.175,0.07,0.9,0.5,5.0,traj,total rotation (rad),std_dev,0.651738509116839
coarse_angle_resolution,0.2,0.01,0.1,1.0,2.0,0.175,0.07,0.9,0.5,5.0,traj,total rotation (rad),median,9.750248
coarse_angle_resolution,0.2,0.01,0.1,1.0,2.0,0.175,0.07,0.9,0.5,5.0,traj,total rotation (rad),min,9.56157
coarse_angle_resolution,0.2,0.01,0.1,1.0,2.0,0.175,0.07,0.9,0.5,5.0,traj,total rotation (rad),max,11.281607
coarse_angle_resolution,0.2,0.01,0.1,1.0,2.0,0.175,0.07,0.9,0.5,5.0,traj,duration (s),mean,24.202199999999998
coarse_angle_resolution,0.2,0.01,0.1,1.0,2.0,0.175,0.07,0.9,0.5,5.0,traj,duration (s),std_dev,0.6956715891855885
coarse_angle_resolution,0.2,0.01,0.1,1.0,2.0,0.175,0.07,0.9,0.5,5.0,traj,duration (s),median,24.304
coarse_angle_resolution,0.2,0.01,0.1,1.0,2.0,0.175,0.07,0.9,0.5,5.0,traj,duration (s),min,23.236999999999995
coarse_angle_resolution,0.2,0.01,0.1,1.0,2.0,0.175,0.07,0.9,0.5,5.0,traj,duration (s),max,25.166999999999998
coarse_angle_resolution,0.2,0.01,0.1,1.0,2.0,0.175,0.07,0.9,0.5,5.0,completion,successes,count,5.0
coarse_angle_resolution,0.2,0.01,0.1,1.0,2.0,0.175,0.07,0.9,0.5,5.0,completion,failures,count,0.0
coarse_angle_resolution,0.2,0.01,0.1,1.0,2.0,0.175,0.07,0.9,0.5,5.0,completion,errors,count,0.0
coarse_angle_resolution,0.2,0.01,0.1,1.0,2.0,0.175,0.07,0.9,0.5,5.0,completion,data or metrics missing,count,0.0
coarse_angle_resolution,0.2,0.01,0.1,1.0,2.0,0.175,0.07,0.9,0.5,5.0,latency,latency,mean,0.004801418439716312
coarse_angle_resolution,0.2,0.01,0.1,1.0,2.0,0.175,0.07,0.9,0.5,5.0,latency,latency,std_dev,0.0031425243007710494
coarse_angle_resolution,0.2,0.01,0.1,1.0,2.0,0.175,0.07,0.9,0.5,5.0,latency,latency,median,0.004
coarse_angle_resolution,0.2,0.01,0.1,1.0,2.0,0.175,0.07,0.9,0.5,5.0,latency,latency,min,0.0
coarse_angle_resolution,0.2,0.01,0.1,1.0,2.0,0.175,0.07,0.9,0.5,5.0,latency,latency,max,0.016
coarse_angle_resolution,0.2,0.01,0.1,1.0,2.0,0.175,0.07,0.9,0.5,5.0,cov,trace,mean,0.007719609589041097
coarse_angle_resolution,0.2,0.01,0.1,1.0,2.0,0.175,0.07,0.9,0.5,5.0,cov,trace,std_dev,0.002936943365793875
coarse_angle_resolution,0.2,0.01,0.1,1.0,2.0,0.175,0.07,0.9,0.5,5.0,cov,trace,median,0.0070165
coarse_angle_resolution,0.2,0.01,0.1,1.0,2.0,0.175,0.07,0.9,0.5,5.0,cov,trace,min,0.0033759999999999997
coarse_angle_resolution,0.2,0.01,0.1,1.0,2.0,0.175,0.07,0.9,0.5,5.0,cov,trace,max,0.024530999999999997
coarse_angle_resolution,0.2,0.01,0.1,1.0,2.0,0.175,0.07,0.9,0.5,5.0,cov,trace,rmse,0.00825941938280748
coarse_angle_resolution,0.2,0.01,0.1,1.0,2.0,0.175,0.07,0.9,0.5,5.0,cov,det,mean,8.038408486369862e-09
coarse_angle_resolution,0.2,0.01,0.1,1.0,2.0,0.175,0.07,0.9,0.5,5.0,cov,det,std_dev,5.821217055184118e-09
coarse_angle_resolution,0.2,0.01,0.1,1.0,2.0,0.175,0.07,0.9,0.5,5.0,cov,det,median,7.360044231500004e-09
coarse_angle_resolution,0.2,0.01,0.1,1.0,2.0,0.175,0.07,0.9,0.5,5.0,cov,det,min,9.498384500000016e-11
coarse_angle_resolution,0.2,0.01,0.1,1.0,2.0,0.175,0.07,0.9,0.5,5.0,cov,det,max,4.8945006263999954e-08
coarse_angle_resolution,0.2,0.01,0.1,1.0,2.0,0.175,0.07,0.9,0.5,5.0,cov,det,rmse,9.924846547796569e-09
coarse_angle_resolution,0.2,0.01,0.1,1.0,2.0,0.175,0.09899494936611666,0.9,0.5,5.0,traj,APE,mean,0.4121502723956389
coarse_angle_resolution,0.2,0.01,0.1,1.0,2.0,0.175,0.09899494936611666,0.9,0.5,5.0,traj,APE,std_dev,0.23243580424383864
coarse_angle_resolution,0.2,0.01,0.1,1.0,2.0,0.175,0.09899494936611666,0.9,0.5,5.0,traj,APE,median,0.4896611560138908
coarse_angle_resolution,0.2,0.01,0.1,1.0,2.0,0.175,0.09899494936611666,0.9,0.5,5.0,traj,APE,min,5.421010862427522e-20
coarse_angle_resolution,0.2,0.01,0.1,1.0,2.0,0.175,0.09899494936611666,0.9,0.5,5.0,traj,APE,max,0.7084660024655631
coarse_angle_resolution,0.2,0.01,0.1,1.0,2.0,0.175,0.09899494936611666,0.9,0.5,5.0,traj,APE,rmse,0.47317465076890947
coarse_angle_resolution,0.2,0.01,0.1,1.0,2.0,0.175,0.09899494936611666,0.9,0.5,5.0,traj,RPE,mean,0.059284873950747816
coarse_angle_resolution,0.2,0.01,0.1,1.0,2.0,0.175,0.09899494936611666,0.9,0.5,5.0,traj,RPE,std_dev,0.034056524982597425
coarse_angle_resolution,0.2,0.01,0.1,1.0,2.0,0.175,0.09899494936611666,0.9,0.5,5.0,traj,RPE,median,0.04874023342839554
coarse_angle_resolution,0.2,0.01,0.1,1.0,2.0,0.175,0.09899494936611666,0.9,0.5,5.0,traj,RPE,min,0.01388440192046631
coarse_angle_resolution,0.2,0.01,0.1,1.0,2.0,0.175,0.09899494936611666,0.9,0.5,5.0,traj,RPE,max,0.18125794548445517
coarse_angle_resolution,0.2,0.01,0.1,1.0,2.0,0.175,0.09899494936611666,0.9,0.5,5.0,traj,RPE,rmse,0.0683706309261977
coarse_angle_resolution,0.2,0.01,0.1,1.0,2.0,0.175,0.09899494936611666,0.9,0.5,5.0,traj,num associated poses,mean,68.8
coarse_angle_resolution,0.2,0.01,0.1,1.0,2.0,0.175,0.09899494936611666,0.9,0.5,5.0,traj,num associated poses,std_dev,19.436048981210146
coarse_angle_resolution,0.2,0.01,0.1,1.0,2.0,0.175,0.09899494936611666,0.9,0.5,5.0,traj,num associated poses,median,77.0
coarse_angle_resolution,0.2,0.01,0.1,1.0,2.0,0.175,0.09899494936611666,0.9,0.5,5.0,traj,num associated poses,min,32.0
coarse_angle_resolution,0.2,0.01,0.1,1.0,2.0,0.175,0.09899494936611666,0.9,0.5,5.0,traj,num associated poses,max,85.0
coarse_angle_resolution,0.2,0.01,0.1,1.0,2.0,0.175,0.09899494936611666,0.9,0.5,5.0,traj,num gt poses,mean,789.8
coarse_angle_resolution,0.2,0.01,0.1,1.0,2.0,0.175,0.09899494936611666,0.9,0.5,5.0,traj,num gt poses,std_dev,244.3762672601413
coarse_angle_resolution,0.2,0.01,0.1,1.0,2.0,0.175,0.09899494936611666,0.9,0.5,5.0,traj,num gt poses,median,907.0
coarse_angle_resolution,0.2,0.01,0.1,1.0,2.0,0.175,0.09899494936611666,0.9,0.5,5.0,traj,num gt poses,min,302.0
coarse_angle_resolution,0.2,0.01,0.1,1.0,2.0,0.175,0.09899494936611666,0.9,0.5,5.0,traj,num gt poses,max,939.0
coarse_angle_resolution,0.2,0.01,0.1,1.0,2.0,0.175,0.09899494936611666,0.9,0.5,5.0,traj,odom accum path length (m),mean,12.880040000000003
coarse_angle_resolution,0.2,0.01,0.1,1.0,2.0,0.175,0.09899494936611666,0.9,0.5,5.0,traj,odom accum path length (m),std_dev,0.40599335162241296
coarse_angle_resolution,0.2,0.01,0.1,1.0,2.0,0.175,0.09899494936611666,0.9,0.5,5.0,traj,odom accum path length (m),median,12.894606
coarse_angle_resolution,0.2,0.01,0.1,1.0,2.0,0.175,0.09899494936611666,0.9,0.5,5.0,traj,odom accum path length (m),min,12.295563
coarse_angle_resolution,0.2,0.01,0.1,1.0,2.0,0.175,0.09899494936611666,0.9,0.5,5.0,traj,odom accum path length (m),max,13.536523
coarse_angle_resolution,0.2,0.01,0.1,1.0,2.0,0.175,0.09899494936611666,0.9,0.5,5.0,traj,total rotation (rad),mean,25.657235800000002
coarse_angle_resolution,0.2,0.01,0.1,1.0,2.0,0.175,0.09899494936611666,0.9,0.5,5.0,traj,total rotation (rad),std_dev,6.744970023758723
coarse_angle_resolution,0.2,0.01,0.1,1.0,2.0,0.175,0.09899494936611666,0.9,0.5,5.0,traj,total rotation (rad),median,28.686773
coarse_angle_resolution,0.2,0.01,0.1,1.0,2.0,0.175,0.09899494936611666,0.9,0.5,5.0,traj,total rotation (rad),min,15.146333
coarse_angle_resolution,0.2,0.01,0.1,1.0,2.0,0.175,0.09899494936611666,0.9,0.5,5.0,traj,total rotation (rad),max,34.439065
coarse_angle_resolution,0.2,0.01,0.1,1.0,2.0,0.175,0.09899494936611666,0.9,0.5,5.0,traj,duration (s),mean,108.8518
coarse_angle_resolution,0.2,0.01,0.1,1.0,2.0,0.175,0.09899494936611666,0.9,0.5,5.0,traj,duration (s),std_dev,33.839114689365026
coarse_angle_resolution,0.2,0.01,0.1,1.0,2.0,0.175,0.09899494936611666,0.9,0.5,5.0,traj,duration (s),median,125.054
coarse_angle_resolution,0.2,0.01,0.1,1.0,2.0,0.175,0.09899494936611666,0.9,0.5,5.0,traj,duration (s),min,41.311
coarse_angle_resolution,0.2,0.01,0.1,1.0,2.0,0.175,0.09899494936611666,0.9,0.5,5.0,traj,duration (s),max,129.199
coarse_angle_resolution,0.2,0.01,0.1,1.0,2.0,0.175,0.09899494936611666,0.9,0.5,5.0,completion,successes,count,1.0
coarse_angle_resolution,0.2,0.01,0.1,1.0,2.0,0.175,0.09899494936611666,0.9,0.5,5.0,completion,failures,count,4.0
coarse_angle_resolution,0.2,0.01,0.1,1.0,2.0,0.175,0.09899494936611666,0.9,0.5,5.0,completion,errors,count,0.0
coarse_angle_resolution,0.2,0.01,0.1,1.0,2.0,0.175,0.09899494936611666,0.9,0.5,5.0,completion,data or metrics missing,count,0.0
coarse_angle_resolution,0.2,0.01,0.1,1.0,2.0,0.175,0.09899494936611666,0.9,0.5,5.0,latency,latency,mean,0.007645348837209304
coarse_angle_resolution,0.2,0.01,0.1,1.0,2.0,0.175,0.09899494936611666,0.9,0.5,5.0,latency,latency,std_dev,0.005579429765327239
coarse_angle_resolution,0.2,0.01,0.1,1.0,2.0,0.175,0.09899494936611666,0.9,0.5,5.0,latency,latency,median,0.005
coarse_angle_resolution,0.2,0.01,0.1,1.0,2.0,0.175,0.09899494936611666,0.9,0.5,5.0,latency,latency,min,0.0
coarse_angle_resolution,0.2,0.01,0.1,1.0,2.0,0.175,0.09899494936611666,0.9,0.5,5.0,latency,latency,max,0.023000000000000003
coarse_angle_resolution,0.2,0.01,0.1,1.0,2.0,0.175,0.09899494936611666,0.9,0.5,5.0,cov,trace,mean,0.006753756521739132
coarse_angle_resolution,0.2,0.01,0.1,1.0,2.0,0.175,0.09899494936611666,0.9,0.5,5.0,cov,trace,std_dev,0.002202871993325805
coarse_angle_resolution,0.2,0.01,0.1,1.0,2.0,0.175,0.09899494936611666,0.9,0.5,5.0,cov,trace,median,0.006325
coarse_angle_resolution,0.2,0.01,0.1,1.0,2.0,0.175,0.09899494936611666,0.9,0.5,5.0,cov,trace,min,0.003392
coarse_angle_resolution,0.2,0.01,0.1,1.0,2.0,0.175,0.09899494936611666,0.9,0.5,5.0,cov,trace,max,0.023739
coarse_angle_resolution,0.2,0.01,0.1,1.0,2.0,0.175,0.09899494936611666,0.9,0.5,5.0,cov,trace,rmse,0.007103933570488469
coarse_angle_resolution,0.2,0.01,0.1,1.0,2.0,0.175,0.09899494936611666,0.9,0.5,5.0,cov,det,mean,6.738137869350725e-09
coarse_angle_resolution,0.2,0.01,0.1,1.0,2.0,0.175,0.09899494936611666,0.9,0.5,5.0,cov,det,std_dev,4.995850531645012e-09
coarse_angle_resolution,0.2,0.01,0.1,1.0,2.0,0.175,0.09899494936611666,0.9,0.5,5.0,cov,det,median,5.275126181999991e-09
coarse_angle_resolution,0.2,0.01,0.1,1.0,2.0,0.175,0.09899494936611666,0.9,0.5,5.0,cov,det,min,9.930698099999993e-11
coarse_angle_resolution,0.2,0.01,0.1,1.0,2.0,0.175,0.09899494936611666,0.9,0.5,5.0,cov,det,max,3.771076508500008e-08
coarse_angle_resolution,0.2,0.01,0.1,1.0,2.0,0.175,0.09899494936611666,0.9,0.5,5.0,cov,det,rmse,8.388147857597413e-09
minimum_angle_penalty,0.2,0.01,0.1,1.0,2.0,0.175,0.0175,0.15909902576697313,0.5,5.0,traj,APE,mean,0.08942713735719687
minimum_angle_penalty,0.2,0.01,0.1,1.0,2.0,0.175,0.0175,0.15909902576697313,0.5,5.0,traj,APE,std_dev,0.06648951648388941
minimum_angle_penalty,0.2,0.01,0.1,1.0,2.0,0.175,0.0175,0.15909902576697313,0.5,5.0,traj,APE,median,0.06900130665451633
minimum_angle_penalty,0.2,0.01,0.1,1.0,2.0,0.175,0.0175,0.15909902576697313,0.5,5.0,traj,APE,min,1.0842021724855044e-19
minimum_angle_penalty,0.2,0.01,0.1,1.0,2.0,0.175,0.0175,0.15909902576697313,0.5,5.0,traj,APE,max,0.32060292029623916
minimum_angle_penalty,0.2,0.01,0.1,1.0,2.0,0.175,0.0175,0.15909902576697313,0.5,5.0,traj,APE,rmse,0.1114363885728731
minimum_angle_penalty,0.2,0.01,0.1,1.0,2.0,0.175,0.0175,0.15909902576697313,0.5,5.0,traj,RPE,mean,0.060002672898747444
minimum_angle_penalty,0.2,0.01,0.1,1.0,2.0,0.175,0.0175,0.15909902576697313,0.5,5.0,traj,RPE,std_dev,0.035155751577040664
minimum_angle_penalty,0.2,0.01,0.1,1.0,2.0,0.175,0.0175,0.15909902576697313,0.5,5.0,traj,RPE,median,0.04636616524766635
minimum_angle_penalty,0.2,0.01,0.1,1.0,2.0,0.175,0.0175,0.15909902576697313,0.5,5.0,traj,RPE,min,0.019963942905993903
minimum_angle_penalty,0.2,0.01,0.1,1.0,2.0,0.175,0.0175,0.15909902576697313,0.5,5.0,traj,RPE,max,0.16420625650406515
minimum_angle_penalty,0.2,0.01,0.1,1.0,2.0,0.175,0.0175,0.15909902576697313,0.5,5.0,traj,RPE,rmse,0.0695431349878669
minimum_angle_penalty,0.2,0.01,0.1,1.0,2.0,0.175,0.0175,0.15909902576697313,0.5,5.0,traj,num associated poses,mean,27.25
minimum_angle_penalty,0.2,0.01,0.1,1.0,2.0,0.175,0.0175,0.15909902576697313,0.5,5.0,traj,num associated poses,std_dev,0.4330127018922193
minimum_angle_penalty,0.2,0.01,0.1,1.0,2.0,0.175,0.0175,0.15909902576697313,0.5,5.0,traj,num associated poses,median,27.0
minimum_angle_penalty,0.2,0.01,0.1,1.0,2.0,0.175,0.0175,0.15909902576697313,0.5,5.0,traj,num associated poses,min,27.0
minimum_angle_penalty,0.2,0.01,0.1,1.0,2.0,0.175,0.0175,0.15909902576697313,0.5,5.0,traj,num associated poses,max,28.0
minimum_angle_penalty,0.2,0.01,0.1,1.0,2.0,0.175,0.0175,0.15909902576697313,0.5,5.0,traj,num gt poses,mean,172.0
minimum_angle_penalty,0.2,0.01,0.1,1.0,2.0,0.175,0.0175,0.15909902576697313,0.5,5.0,traj,num gt poses,std_dev,1.8708286933869707
minimum_angle_penalty,0.2,0.01,0.1,1.0,2.0,0.175,0.0175,0.15909902576697313,0.5,5.0,traj,num gt poses,median,171.5
minimum_angle_penalty,0.2,0.01,0.1,1.0,2.0,0.175,0.0175,0.15909902576697313,0.5,5.0,traj,num gt poses,min,170.0
minimum_angle_penalty,0.2,0.01,0.1,1.0,2.0,0.175,0.0175,0.15909902576697313,0.5,5.0,traj,num gt poses,max,175.0
minimum_angle_penalty,0.2,0.01,0.1,1.0,2.0,0.175,0.0175,0.15909902576697313,0.5,5.0,traj,odom accum path length (m),mean,11.483958000000001
minimum_angle_penalty,0.2,0.01,0.1,1.0,2.0,0.175,0.0175,0.15909902576697313,0.5,5.0,traj,odom accum path length (m),std_dev,0.021669953830130605
minimum_angle_penalty,0.2,0.01,0.1,1.0,2.0,0.175,0.0175,0.15909902576697313,0.5,5.0,traj,odom accum path length (m),median,11.493965
minimum_angle_penalty,0.2,0.01,0.1,1.0,2.0,0.175,0.0175,0.15909902576697313,0.5,5.0,traj,odom accum path length (m),min,11.447167
minimum_angle_penalty,0.2,0.01,0.1,1.0,2.0,0.175,0.0175,0.15909902576697313,0.5,5.0,traj,odom accum path length (m),max,11.500735
minimum_angle_penalty,0.2,0.01,0.1,1.0,2.0,0.175,0.0175,0.15909902576697313,0.5,5.0,traj,total rotation (rad),mean,9.509763750000001
minimum_angle_penalty,0.2,0.01,0.1,1.0,2.0,0.175,0.0175,0.15909902576697313,0.5,5.0,traj,total rotation (rad),std_dev,0.21161119260849015
minimum_angle_penalty,0.2,0.01,0.1,1.0,2.0,0.175,0.0175,0.15909902576697313,0.5,5.0,traj,total rotation (rad),median,9.496717
minimum_angle_penalty,0.2,0.01,0.1,1.0,2.0,0.175,0.0175,0.15909902576697313,0.5,5.0,traj,total rotation (rad),min,9.237992
minimum_angle_penalty,0.2,0.01,0.1,1.0,2.0,0.175,0.0175,0.15909902576697313,0.5,5.0,traj,total rotation (rad),max,9.807629
minimum_angle_penalty,0.2,0.01,0.1,1.0,2.0,0.175,0.0175,0.15909902576697313,0.5,5.0,traj,duration (s),mean,23.566750000000003
minimum_angle_penalty,0.2,0.01,0.1,1.0,2.0,0.175,0.0175,0.15909902576697313,0.5,5.0,traj,duration (s),std_dev,0.1964489437487515
minimum_angle_penalty,0.2,0.01,0.1,1.0,2.0,0.175,0.0175,0.15909902576697313,0.5,5.0,traj,duration (s),median,23.5755
minimum_angle_penalty,0.2,0.01,0.1,1.0,2.0,0.175,0.0175,0.15909902576697313,0.5,5.0,traj,duration (s),min,23.293
minimum_angle_penalty,0.2,0.01,0.1,1.0,2.0,0.175,0.0175,0.15909902576697313,0.5,5.0,traj,duration (s),max,23.823
minimum_angle_penalty,0.2,0.01,0.1,1.0,2.0,0.175,0.0175,0.15909902576697313,0.5,5.0,completion,successes,count,4.0
minimum_angle_penalty,0.2,0.01,0.1,1.0,2.0,0.175,0.0175,0.15909902576697313,0.5,5.0,completion,failures,count,0.0
minimum_angle_penalty,0.2,0.01,0.1,1.0,2.0,0.175,0.0175,0.15909902576697313,0.5,5.0,completion,errors,count,1.0
minimum_angle_penalty,0.2,0.01,0.1,1.0,2.0,0.175,0.0175,0.15909902576697313,0.5,5.0,completion,data or metrics missing,count,1.0
minimum_angle_penalty,0.2,0.01,0.1,1.0,2.0,0.175,0.0175,0.15909902576697313,0.5,5.0,latency,latency,mean,0.005110091743119266
minimum_angle_penalty,0.2,0.01,0.1,1.0,2.0,0.175,0.0175,0.15909902576697313,0.5,5.0,latency,latency,std_dev,0.0045722326057143605
minimum_angle_penalty,0.2,0.01,0.1,1.0,2.0,0.175,0.0175,0.15909902576697313,0.5,5.0,latency,latency,median,0.003
minimum_angle_penalty,0.2,0.01,0.1,1.0,2.0,0.175,0.0175,0.15909902576697313,0.5,5.0,latency,latency,min,0.0
minimum_angle_penalty,0.2,0.01,0.1,1.0,2.0,0.175,0.0175,0.15909902576697313,0.5,5.0,latency,latency,max,0.016
minimum_angle_penalty,0.2,0.01,0.1,1.0,2.0,0.175,0.0175,0.15909902576697313,0.5,5.0,cov,trace,mean,0.005669709090909091
minimum_angle_penalty,0.2,0.01,0.1,1.0,2.0,0.175,0.0175,0.15909902576697313,0.5,5.0,cov,trace,std_dev,0.00231970352081097
minimum_angle_penalty,0.2,0.01,0.1,1.0,2.0,0.175,0.0175,0.15909902576697313,0.5,5.0,cov,trace,median,0.004989
minimum_angle_penalty,0.2,0.01,0.1,1.0,2.0,0.175,0.0175,0.15909902576697313,0.5,5.0,cov,trace,min,0.0025009999999999998
minimum_angle_penalty,0.2,0.01,0.1,1.0,2.0,0.175,0.0175,0.15909902576697313,0.5,5.0,cov,trace,max,0.022713
minimum_angle_penalty,0.2,0.01,0.1,1.0,2.0,0.175,0.0175,0.15909902576697313,0.5,5.0,cov,trace,rmse,0.00612589794234282
minimum_angle_penalty,0.2,0.01,0.1,1.0,2.0,0.175,0.0175,0.15909902576697313,0.5,5.0,cov,det,mean,3.6788249649999994e-10
minimum_angle_penalty,0.2,0.01,0.1,1.0,2.0,0.175,0.0175,0.15909902576697313,0.5,5.0,cov,det,std_dev,3.4441486175264397e-10
minimum_angle_penalty,0.2,0.01,0.1,1.0,2.0,0.175,0.0175,0.15909902576697313,0.5,5.0,cov,det,median,2.477914560000003e-10
minimum_angle_penalty,0.2,0.01,0.1,1.0,2.0,0.175,0.0175,0.15909902576697313,0.5,5.0,cov,det,min,6.47419500000001e-11
minimum_angle_penalty,0.2,0.01,0.1,1.0,2.0,0.175,0.0175,0.15909902576697313,0.5,5.0,cov,det,max,1.977176636e-09
minimum_angle_penalty,0.2,0.01,0.1,1.0,2.0,0.175,0.0175,0.15909902576697313,0.5,5.0,cov,det,rmse,5.039435764320896e-10
minimum_angle_penalty,0.2,0.01,0.1,1.0,2.0,0.175,0.0175,0.22499999999999992,0.5,5.0,traj,APE,mean,0.07010580965736361
minimum_angle_penalty,0.2,0.01,0.1,1.0,2.0,0.175,0.0175,0.22499999999999992,0.5,5.0,traj,APE,std_dev,0.04399464399281131
minimum_angle_penalty,0.2,0.01,0.1,1.0,2.0,0.175,0.0175,0.22499999999999992,0.5,5.0,traj,APE,median,0.05584279174618456
minimum_angle_penalty,0.2,0.01,0.1,1.0,2.0,0.175,0.0175,0.22499999999999992,0.5,5.0,traj,APE,min,7.589415207398531e-19
minimum_angle_penalty,0.2,0.01,0.1,1.0,2.0,0.175,0.0175,0.22499999999999992,0.5,5.0,traj,APE,max,0.19876072029580938
minimum_angle_penalty,0.2,0.01,0.1,1.0,2.0,0.175,0.0175,0.22499999999999992,0.5,5.0,traj,APE,rmse,0.0827668608065372
minimum_angle_penalty,0.2,0.01,0.1,1.0,2.0,0.175,0.0175,0.22499999999999992,0.5,5.0,traj,RPE,mean,0.05180551108066855
minimum_angle_penalty,0.2,0.01,0.1,1.0,2.0,0.175,0.0175,0.22499999999999992,0.5,5.0,traj,RPE,std_dev,0.030289318568811775
minimum_angle_penalty,0.2,0.01,0.1,1.0,2.0,0.175,0.0175,0.22499999999999992,0.5,5.0,traj,RPE,median,0.04239058911887607
minimum_angle_penalty,0.2,0.01,0.1,1.0,2.0,0.175,0.0175,0.22499999999999992,0.5,5.0,traj,RPE,min,0.0049968828320964866
minimum_angle_penalty,0.2,0.01,0.1,1.0,2.0,0.175,0.0175,0.22499999999999992,0.5,5.0,traj,RPE,max,0.16208164876695805
minimum_angle_penalty,0.2,0.01,0.1,1.0,2.0,0.175,0.0175,0.22499999999999992,0.5,5.0,traj,RPE,rmse,0.06001044740453313
minimum_angle_penalty,0.2,0.01,0.1,1.0,2.0,0.175,0.0175,0.22499999999999992,0.5,5.0,traj,num associated poses,mean,28.8
minimum_angle_penalty,0.2,0.01,0.1,1.0,2.0,0.175,0.0175,0.22499999999999992,0.5,5.0,traj,num associated poses,std_dev,3.1874754901018454
minimum_angle_penalty,0.2,0.01,0.1,1.0,2.0,0.175,0.0175,0.22499999999999992,0.5,5.0,traj,num associated poses,median,28.0
minimum_angle_penalty,0.2,0.01,0.1,1.0,2.0,0.175,0.0175,0.22499999999999992,0.5,5.0,traj,num associated poses,min,26.0
minimum_angle_penalty,0.2,0.01,0.1,1.0,2.0,0.175,0.0175,0.22499999999999992,0.5,5.0,traj,num associated poses,max,35.0
minimum_angle_penalty,0.2,0.01,0.1,1.0,2.0,0.175,0.0175,0.22499999999999992,0.5,5.0,traj,num gt poses,mean,180.2
minimum_angle_penalty,0.2,0.01,0.1,1.0,2.0,0.175,0.0175,0.22499999999999992,0.5,5.0,traj,num gt poses,std_dev,7.413501197140255
minimum_angle_penalty,0.2,0.01,0.1,1.0,2.0,0.175,0.0175,0.22499999999999992,0.5,5.0,traj,num gt poses,median,180.0
minimum_angle_penalty,0.2,0.01,0.1,1.0,2.0,0.175,0.0175,0.22499999999999992,0.5,5.0,traj,num gt poses,min,171.0
minimum_angle_penalty,0.2,0.01,0.1,1.0,2.0,0.175,0.0175,0.22499999999999992,0.5,5.0,traj,num gt poses,max,189.0
minimum_angle_penalty,0.2,0.01,0.1,1.0,2.0,0.175,0.0175,0.22499999999999992,0.5,5.0,traj,odom accum path length (m),mean,11.570659
minimum_angle_penalty,0.2,0.01,0.1,1.0,2.0,0.175,0.0175,0.22499999999999992,0.5,5.0,traj,odom accum path length (m),std_dev,0.11445183745663504
minimum_angle_penalty,0.2,0.01,0.1,1.0,2.0,0.175,0.0175,0.22499999999999992,0.5,5.0,traj,odom accum path length (m),median,11.578167
minimum_angle_penalty,0.2,0.01,0.1,1.0,2.0,0.175,0.0175,0.22499999999999992,0.5,5.0,traj,odom accum path length (m),min,11.438345
minimum_angle_penalty,0.2,0.01,0.1,1.0,2.0,0.175,0.0175,0.22499999999999992,0.5,5.0,traj,odom accum path length (m),max,11.732428
minimum_angle_penalty,0.2,0.01,0.1,1.0,2.0,0.175,0.0175,0.22499999999999992,0.5,5.0,traj,total rotation (rad),mean,10.6685722
minimum_angle_penalty,0.2,0.01,0.1,1.0,2.0,0.175,0.0175,0.22499999999999992,0.5,5.0,traj,total rotation (rad),std_dev,1.690582632760599
minimum_angle_penalty,0.2,0.01,0.1,1.0,2.0,0.175,0.0175,0.22499999999999992,0.5,5.0,traj,total rotation (rad),median,10.037835
minimum_angle_penalty,0.2,0.01,0.1,1.0,2.0,0.175,0.0175,0.22499999999999992,0.5,5.0,traj,total rotation (rad),min,9.24225
minimum_angle_penalty,0.2,0.01,0.1,1.0,2.0,0.175,0.0175,0.22499999999999992,0.5,5.0,traj,total rotation (rad),max,13.840383
minimum_angle_penalty,0.2,0.01,0.1,1.0,2.0,0.175,0.0175,0.22499999999999992,0.5,5.0,traj,duration (s),mean,24.680600000000002
minimum_angle_penalty,0.2,0.01,0.1,1.0,2.0,0.175,0.0175,0.22499999999999992,0.5,5.0,traj,duration (s),std_dev,1.0459278368988962
minimum_angle_penalty,0.2,0.01,0.1,1.0,2.0,0.175,0.0175,0.22499999999999992,0.5,5.0,traj,duration (s),median,24.566000000000003
minimum_angle_penalty,0.2,0.01,0.1,1.0,2.0,0.175,0.0175,0.22499999999999992,0.5,5.0,traj,duration (s),min,23.427
minimum_angle_penalty,0.2,0.01,0.1,1.0,2.0,0.175,0.0175,0.22499999999999992,0.5,5.0,traj,duration (s),max,26.009000000000004
minimum_angle_penalty,0.2,0.01,0.1,1.0,2.0,0.175,0.0175,0.22499999999999992,0.5,5.0,completion,successes,count,5.0
minimum_angle_penalty,0.2,0.01,0.1,1.0,2.0,0.175,0.0175,0.22499999999999992,0.5,5.0,completion,failures,count,0.0
minimum_angle_penalty,0.2,0.01,0.1,1.0,2.0,0.175,0.0175,0.22499999999999992,0.5,5.0,completion,errors,count,0.0
minimum_angle_penalty,0.2,0.01,0.1,1.0,2.0,0.175,0.0175,0.22499999999999992,0.5,5.0,completion,data or metrics missing,count,0.0
minimum_angle_penalty,0.2,0.01,0.1,1.0,2.0,0.175,0.0175,0.22499999999999992,0.5,5.0,latency,latency,mean,0.0031111111111111114
minimum_angle_penalty,0.2,0.01,0.1,1.0,2.0,0.175,0.0175,0.22499999999999992,0.5,5.0,latency,latency,std_dev,0.0024947475688130785
minimum_angle_penalty,0.2,0.01,0.1,1.0,2.0,0.175,0.0175,0.22499999999999992,0.5,5.0,latency,latency,median,0.003
minimum_angle_penalty,0.2,0.01,0.1,1.0,2.0,0.175,0.0175,0.22499999999999992,0.5,5.0,latency,latency,min,0.0
minimum_angle_penalty,0.2,0.01,0.1,1.0,2.0,0.175,0.0175,0.22499999999999992,0.5,5.0,latency,latency,max,0.017
minimum_angle_penalty,0.2,0.01,0.1,1.0,2.0,0.175,0.0175,0.22499999999999992,0.5,5.0,cov,trace,mean,0.0056425202702702695
minimum_angle_penalty,0.2,0.01,0.1,1.0,2.0,0.175,0.0175,0.22499999999999992,0.5,5.0,cov,trace,std_dev,0.001971082294515193
minimum_angle_penalty,0.2,0.01,0.1,1.0,2.0,0.175,0.0175,0.22499999999999992,0.5,5.0,cov,trace,median,0.0051105000000000005
minimum_angle_penalty,0.2,0.01,0.1,1.0,2.0,0.175,0.0175,0.22499999999999992,0.5,5.0,cov,trace,min,0.0027990000000000003
minimum_angle_penalty,0.2,0.01,0.1,1.0,2.0,0.175,0.0175,0.22499999999999992,0.5,5.0,cov,trace,max,0.021889
minimum_angle_penalty,0.2,0.01,0.1,1.0,2.0,0.175,0.0175,0.22499999999999992,0.5,5.0,cov,trace,rmse,0.005976888857270324
minimum_angle_penalty,0.2,0.01,0.1,1.0,2.0,0.175,0.0175,0.22499999999999992,0.5,5.0,cov,det,mean,3.7630902381081074e-10
minimum_angle_penalty,0.2,0.01,0.1,1.0,2.0,0.175,0.0175,0.22499999999999992,0.5,5.0,cov,det,std_dev,3.138377723258777e-10
minimum_angle_penalty,0.2,0.01,0.1,1.0,2.0,0.175,0.0175,0.22499999999999992,0.5,5.0,cov,det,median,2.812140835000001e-10
minimum_angle_penalty,0.2,0.01,0.1,1.0,2.0,0.175,0.0175,0.22499999999999992,0.5,5.0,cov,det,min,6.239190399999999e-11
minimum_angle_penalty,0.2,0.01,0.1,1.0,2.0,0.175,0.0175,0.22499999999999992,0.5,5.0,cov,det,max,2.4824571300000033e-09
minimum_angle_penalty,0.2,0.01,0.1,1.0,2.0,0.175,0.0175,0.22499999999999992,0.5,5.0,cov,det,rmse,4.900026823803262e-10
minimum_angle_penalty,0.2,0.01,0.1,1.0,2.0,0.175,0.0175,0.3181980515339463,0.5,5.0,traj,APE,mean,0.04989006761530462
minimum_angle_penalty,0.2,0.01,0.1,1.0,2.0,0.175,0.0175,0.3181980515339463,0.5,5.0,traj,APE,std_dev,0.0311828875006122
minimum_angle_penalty,0.2,0.01,0.1,1.0,2.0,0.175,0.0175,0.3181980515339463,0.5,5.0,traj,APE,median,0.045098490072570316
minimum_angle_penalty,0.2,0.01,0.1,1.0,2.0,0.175,0.0175,0.3181980515339463,0.5,5.0,traj,APE,min,5.421010862427522e-20
minimum_angle_penalty,0.2,0.01,0.1,1.0,2.0,0.175,0.0175,0.3181980515339463,0.5,5.0,traj,APE,max,0.18195488347404457
minimum_angle_penalty,0.2,0.01,0.1,1.0,2.0,0.175,0.0175,0.3181980515339463,0.5,5.0,traj,APE,rmse,0.058833590061592396
minimum_angle_penalty,0.2,0.01,0.1,1.0,2.0,0.175,0.0175,0.3181980515339463,0.5,5.0,traj,RPE,mean,0.0485857620373779
minimum_angle_penalty,0.2,0.01,0.1,1.0,2.0,0.175,0.0175,0.3181980515339463,0.5,5.0,traj,RPE,std_dev,0.0298554390253791
minimum_angle_penalty,0.2,0.01,0.1,1.0,2.0,0.175,0.0175,0.3181980515339463,0.5,5.0,traj,RPE,median,0.04026030683358295
minimum_angle_penalty,0.2,0.01,0.1,1.0,2.0,0.175,0.0175,0.3181980515339463,0.5,5.0,traj,RPE,min,0.0039927878518067625
minimum_angle_penalty,0.2,0.01,0.1,1.0,2.0,0.175,0.0175,0.3181980515339463,0.5,5.0,traj,RPE,max,0.1801371987940207
minimum_angle_penalty,0.2,0.01,0.1,1.0,2.0,0.175,0.0175,0.3181980515339463,0.5,5.0,traj,RPE,rmse,0.05702563907709268
minimum_angle_penalty,0.2,0.01,0.1,1.0,2.0,0.175,0.0175,0.3181980515339463,0.5,5.0,traj,num associated poses,mean,27.4
minimum_angle_penalty,0.2,0.01,0.1,1.0,2.0,0.175,0.0175,0.3181980515339463,0.5,5.0,traj,num associated poses,std_dev,1.019803902718557
minimum_angle_penalty,0.2,0.01,0.1,1.0,2.0,0.175,0.0175,0.3181980515339463,0.5,5.0,traj,num associated poses,median,27.0
minimum_angle_penalty,0.2,0.01,0.1,1.0,2.0,0.175,0.0175,0.3181980515339463,0.5,5.0,traj,num associated poses,min,26.0
minimum_angle_penalty,0.2,0.01,0.1,1.0,2.0,0.175,0.0175,0.3181980515339463,0.5,5.0,traj,num associated poses,max,29.0
minimum_angle_penalty,0.2,0.01,0.1,1.0,2.0,0.175,0.0175,0.3181980515339463,0.5,5.0,traj,num gt poses,mean,172.6
minimum_angle_penalty,0.2,0.01,0.1,1.0,2.0,0.175,0.0175,0.3181980515339463,0.5,5.0,traj,num gt poses,std_dev,2.9393876913398134
minimum_angle_penalty,0.2,0.01,0.1,1.0,2.0,0.175,0.0175,0.3181980515339463,0.5,5.0,traj,num gt poses,median,172.0
minimum_angle_penalty,0.2,0.01,0.1,1.0,2.0,0.175,0.0175,0.3181980515339463,0.5,5.0,traj,num gt poses,min,170.0
minimum_angle_penalty,0.2,0.01,0.1,1.0,2.0,0.175,0.0175,0.3181980515339463,0.5,5.0,traj,num gt poses,max,178.0
minimum_angle_penalty,0.2,0.01,0.1,1.0,2.0,0.175,0.0175,0.3181980515339463,0.5,5.0,traj,odom accum path length (m),mean,11.5485676
minimum_angle_penalty,0.2,0.01,0.1,1.0,2.0,0.175,0.0175,0.3181980515339463,0.5,5.0,traj,odom accum path length (m),std_dev,0.06601192282792598
minimum_angle_penalty,0.2,0.01,0.1,1.0,2.0,0.175,0.0175,0.3181980515339463,0.5,5.0,traj,odom accum path length (m),median,11.525921
minimum_angle_penalty,0.2,0.01,0.1,1.0,2.0,0.175,0.0175,0.3181980515339463,0.5,5.0,traj,odom accum path length (m),min,11.484428
minimum_angle_penalty,0.2,0.01,0.1,1.0,2.0,0.175,0.0175,0.3181980515339463,0.5,5.0,traj,odom accum path length (m),max,11.67392
minimum_angle_penalty,0.2,0.01,0.1,1.0,2.0,0.175,0.0175,0.3181980515339463,0.5,5.0,traj,total rotation (rad),mean,9.320016
minimum_angle_penalty,0.2,0.01,0.1,1.0,2.0,0.175,0.0175,0.3181980515339463,0.5,5.0,traj,total rotation (rad),std_dev,0.4650435886903504
minimum_angle_penalty,0.2,0.01,0.1,1.0,2.0,0.175,0.0175,0.3181980515339463,0.5,5.0,traj,total rotation (rad),median,9.078637
minimum_angle_penalty,0.2,0.01,0.1,1.0,2.0,0.175,0.0175,0.3181980515339463,0.5,5.0,traj,total rotation (rad),min,8.94104
minimum_angle_penalty,0.2,0.01,0.1,1.0,2.0,0.175,0.0175,0.3181980515339463,0.5,5.0,traj,total rotation (rad),max,10.203833
minimum_angle_penalty,0.2,0.01,0.1,1.0,2.0,0.175,0.0175,0.3181980515339463,0.5,5.0,traj,duration (s),mean,23.742200000000004
minimum_angle_penalty,0.2,0.01,0.1,1.0,2.0,0.175,0.0175,0.3181980515339463,0.5,5.0,traj,duration (s),std_dev,0.3728664103938565
minimum_angle_penalty,0.2,0.01,0.1,1.0,2.0,0.175,0.0175,0.3181980515339463,0.5,5.0,traj,duration (s),median,23.627000000000002
minimum_angle_penalty,0.2,0.01,0.1,1.0,2.0,0.175,0.0175,0.3181980515339463,0.5,5.0,traj,duration (s),min,23.386000000000003
minimum_angle_penalty,0.2,0.01,0.1,1.0,2.0,0.175,0.0175,0.3181980515339463,0.5,5.0,traj,duration (s),max,24.451
minimum_angle_penalty,0.2,0.01,0.1,1.0,2.0,0.175,0.0175,0.3181980515339463,0.5,5.0,completion,successes,count,5.0
minimum_angle_penalty,0.2,0.01,0.1,1.0,2.0,0.175,0.0175,0.3181980515339463,0.5,5.0,completion,failures,count,0.0
minimum_angle_penalty,0.2,0.01,0.1,1.0,2.0,0.175,0.0175,0.3181980515339463,0.5,5.0,completion,errors,count,0.0
minimum_angle_penalty,0.2,0.01,0.1,1.0,2.0,0.175,0.0175,0.3181980515339463,0.5,5.0,completion,data or metrics missing,count,0.0
minimum_angle_penalty,0.2,0.01,0.1,1.0,2.0,0.175,0.0175,0.3181980515339463,0.5,5.0,latency,latency,mean,0.004970802919708029
minimum_angle_penalty,0.2,0.01,0.1,1.0,2.0,0.175,0.0175,0.3181980515339463,0.5,5.0,latency,latency,std_dev,0.0038435491616785195
minimum_angle_penalty,0.2,0.01,0.1,1.0,2.0,0.175,0.0175,0.3181980515339463,0.5,5.0,latency,latency,median,0.004
minimum_angle_penalty,0.2,0.01,0.1,1.0,2.0,0.175,0.0175,0.3181980515339463,0.5,5.0,latency,latency,min,0.0
minimum_angle_penalty,0.2,0.01,0.1,1.0,2.0,0.175,0.0175,0.3181980515339463,0.5,5.0,latency,latency,max,0.017
minimum_angle_penalty,0.2,0.01,0.1,1.0,2.0,0.175,0.0175,0.3181980515339463,0.5,5.0,cov,trace,mean,0.0056029784172661875
minimum_angle_penalty,0.2,0.01,0.1,1.0,2.0,0.175,0.0175,0.3181980515339463,0.5,5.0,cov,trace,std_dev,0.0015776395603140782
minimum_angle_penalty,0.2,0.01,0.1,1.0,2.0,0.175,0.0175,0.3181980515339463,0.5,5.0,cov,trace,median,0.005119
minimum_angle_penalty,0.2,0.01,0.1,1.0,2.0,0.175,0.0175,0.3181980515339463,0.5,5.0,cov,trace,min,0.0027960000000000003
minimum_angle_penalty,0.2,0.01,0.1,1.0,2.0,0.175,0.0175,0.3181980515339463,0.5,5.0,cov,trace,max,0.010929
minimum_angle_penalty,0.2,0.01,0.1,1.0,2.0,0.175,0.0175,0.3181980515339463,0.5,5.0,cov,trace,rmse,0.005820851632417605
minimum_angle_penalty,0.2,0.01,0.1,1.0,2.0,0.175,0.0175,0.3181980515339463,0.5,5.0,cov,det,mean,3.8857739512949615e-10
minimum_angle_penalty,0.2,0.01,0.1,1.0,2.0,0.175,0.0175,0.3181980515339463,0.5,5.0,cov,det,std_dev,3.3418922586727196e-10
minimum_angle_penalty,0.2,0.01,0.1,1.0,2.0,0.175,0.0175,0.3181980515339463,0.5,5.0,cov,det,median,2.7787540399999993e-10
minimum_angle_penalty,0.2,0.01,0.1,1.0,2.0,0.175,0.0175,0.3181980515339463,0.5,5.0,cov,det,min,7.6439854e-11
minimum_angle_penalty,0.2,0.01,0.1,1.0,2.0,0.175,0.0175,0.3181980515339463,0.5,5.0,cov,det,max,2.0077707010000016e-09
minimum_angle_penalty,0.2,0.01,0.1,1.0,2.0,0.175,0.0175,0.3181980515339463,0.5,5.0,cov,det,rmse,5.125181271832159e-10
minimum_angle_penalty,0.2,0.01,0.1,1.0,2.0,0.175,0.0175,0.44999999999999996,0.5,5.0,traj,APE,mean,0.05496976438691083
minimum_angle_penalty,0.2,0.01,0.1,1.0,2.0,0.175,0.0175,0.44999999999999996,0.5,5.0,traj,APE,std_dev,0.04328170650359969
minimum_angle_penalty,0.2,0.01,0.1,1.0,2.0,0.175,0.0175,0.44999999999999996,0.5,5.0,traj,APE,median,0.046663867363939265
minimum_angle_penalty,0.2,0.01,0.1,1.0,2.0,0.175,0.0175,0.44999999999999996,0.5,5.0,traj,APE,min,1.0842021724855044e-19
minimum_angle_penalty,0.2,0.01,0.1,1.0,2.0,0.175,0.0175,0.44999999999999996,0.5,5.0,traj,APE,max,0.23758724139296153
minimum_angle_penalty,0.2,0.01,0.1,1.0,2.0,0.175,0.0175,0.44999999999999996,0.5,5.0,traj,APE,rmse,0.0699641416342417
minimum_angle_penalty,0.2,0.01,0.1,1.0,2.0,0.175,0.0175,0.44999999999999996,0.5,5.0,traj,RPE,mean,0.047729409155793316
minimum_angle_penalty,0.2,0.01,0.1,1.0,2.0,0.175,0.0175,0.44999999999999996,0.5,5.0,traj,RPE,std_dev,0.03089949515428505
minimum_angle_penalty,0.2,0.01,0.1,1.0,2.0,0.175,0.0175,0.44999999999999996,0.5,5.0,traj,RPE,median,0.038146465939344745
minimum_angle_penalty,0.2,0.01,0.1,1.0,2.0,0.175,0.0175,0.44999999999999996,0.5,5.0,traj,RPE,min,0.0100941416536381
minimum_angle_penalty,0.2,0.01,0.1,1.0,2.0,0.175,0.0175,0.44999999999999996,0.5,5.0,traj,RPE,max,0.1760801338377901
minimum_angle_penalty,0.2,0.01,0.1,1.0,2.0,0.175,0.0175,0.44999999999999996,0.5,5.0,traj,RPE,rmse,0.05685837932223194
minimum_angle_penalty,0.2,0.01,0.1,1.0,2.0,0.175,0.0175,0.44999999999999996,0.5,5.0,traj,num associated poses,mean,24.4
minimum_angle_penalty,0.2,0.01,0.1,1.0,2.0,0.175,0.0175,0.44999999999999996,0.5,5.0,traj,num associated poses,std_dev,6.216108107168021
minimum_angle_penalty,0.2,0.01,0.1,1.0,2.0,0.175,0.0175,0.44999999999999996,0.5,5.0,traj,num associated poses,median,27.0
minimum_angle_penalty,0.2,0.01,0.1,1.0,2.0,0.175,0.0175,0.44999999999999996,0.5,5.0,traj,num associated poses,min,12.0
minimum_angle_penalty,0.2,0.01,0.1,1.0,2.0,0.175,0.0175,0.44999999999999996,0.5,5.0,traj,num associated poses,max,28.0
minimum_angle_penalty,0.2,0.01,0.1,1.0,2.0,0.175,0.0175,0.44999999999999996,0.5,5.0,traj,num gt poses,mean,161.2
minimum_angle_penalty,0.2,0.01,0.1,1.0,2.0,0.175,0.0175,0.44999999999999996,0.5,5.0,traj,num gt poses,std_dev,22.130521909796887
minimum_angle_penalty,0.2,0.01,0.1,1.0,2.0,0.175,0.0175,0.44999999999999996,0.5,5.0,traj,num gt poses,median,171.0
minimum_angle_penalty,0.2,0.01,0.1,1.0,2.0,0.175,0.0175,0.44999999999999996,0.5,5.0,traj,num gt poses,min,117.0
minimum_angle_penalty,0.2,0.01,0.1,1.0,2.0,0.175,0.0175,0.44999999999999996,0.5,5.0,traj,num gt poses,max,174.0
minimum_angle_penalty,0.2,0.01,0.1,1.0,2.0,0.175,0.0175,0.44999999999999996,0.5,5.0,traj,odom accum path length (m),mean,10.167504200000002
minimum_angle_penalty,0.2,0.01,0.1,1.0,2.0,0.175,0.0175,0.44999999999999996,0.5,5.0,traj,odom accum path length (m),std_dev,2.6746336218506936
minimum_angle_penalty,0.2,0.01,0.1,1.0,2.0,0.175,0.0175,0.44999999999999996,0.5,5.0,traj,odom accum path length (m),median,11.468811
minimum_angle_penalty,0.2,0.01,0.1,1.0,2.0,0.175,0.0175,0.44999999999999996,0.5,5.0,traj,odom accum path length (m),min,4.818882
minimum_angle_penalty,0.2,0.01,0.1,1.0,2.0,0.175,0.0175,0.44999999999999996,0.5,5.0,traj,odom accum path length (m),max,11.573944
minimum_angle_penalty,0.2,0.01,0.1,1.0,2.0,0.175,0.0175,0.44999999999999996,0.5,5.0,traj,total rotation (rad),mean,8.197737
minimum_angle_penalty,0.2,0.01,0.1,1.0,2.0,0.175,0.0175,0.44999999999999996,0.5,5.0,traj,total rotation (rad),std_dev,2.100784415657066
minimum_angle_penalty,0.2,0.01,0.1,1.0,2.0,0.175,0.0175,0.44999999999999996,0.5,5.0,traj,total rotation (rad),median,9.235961
minimum_angle_penalty,0.2,0.01,0.1,1.0,2.0,0.175,0.0175,0.44999999999999996,0.5,5.0,traj,total rotation (rad),min,4.019704
minimum_angle_penalty,0.2,0.01,0.1,1.0,2.0,0.175,0.0175,0.44999999999999996,0.5,5.0,traj,total rotation (rad),max,9.579799
minimum_angle_penalty,0.2,0.01,0.1,1.0,2.0,0.175,0.0175,0.44999999999999996,0.5,5.0,traj,duration (s),mean,22.041000000000004
minimum_angle_penalty,0.2,0.01,0.1,1.0,2.0,0.175,0.0175,0.44999999999999996,0.5,5.0,traj,duration (s),std_dev,3.038541755513654
minimum_angle_penalty,0.2,0.01,0.1,1.0,2.0,0.175,0.0175,0.44999999999999996,0.5,5.0,traj,duration (s),median,23.442
minimum_angle_penalty,0.2,0.01,0.1,1.0,2.0,0.175,0.0175,0.44999999999999996,0.5,5.0,traj,duration (s),min,15.971000000000002
minimum_angle_penalty,0.2,0.01,0.1,1.0,2.0,0.175,0.0175,0.44999999999999996,0.5,5.0,traj,duration (s),max,23.800000000000004
minimum_angle_penalty,0.2,0.01,0.1,1.0,2.0,0.175,0.0175,0.44999999999999996,0.5,5.0,completion,successes,count,4.0
minimum_angle_penalty,0.2,0.01,0.1,1.0,2.0,0.175,0.0175,0.44999999999999996,0.5,5.0,completion,failures,count,1.0
minimum_angle_penalty,0.2,0.01,0.1,1.0,2.0,0.175,0.0175,0.44999999999999996,0.5,5.0,completion,errors,count,0.0
minimum_angle_penalty,0.2,0.01,0.1,1.0,2.0,0.175,0.0175,0.44999999999999996,0.5,5.0,completion,data or metrics missing,count,0.0
minimum_angle_penalty,0.2,0.01,0.1,1.0,2.0,0.175,0.0175,0.44999999999999996,0.5,5.0,latency,latency,mean,0.0037868852459016404
minimum_angle_penalty,0.2,0.01,0.1,1.0,2.0,0.175,0.0175,0.44999999999999996,0.5,5.0,latency,latency,std_dev,0.004167063494495779
minimum_angle_penalty,0.2,0.01,0.1,1.0,2.0,0.175,0.0175,0.44999999999999996,0.5,5.0,latency,latency,median,0.003
minimum_angle_penalty,0.2,0.01,0.1,1.0,2.0,0.175,0.0175,0.44999999999999996,0.5,5.0,latency,latency,min,0.0
minimum_angle_penalty,0.2,0.01,0.1,1.0,2.0,0.175,0.0175,0.44999999999999996,0.5,5.0,latency,latency,max,0.017
minimum_angle_penalty,0.2,0.01,0.1,1.0,2.0,0.175,0.0175,0.44999999999999996,0.5,5.0,cov,trace,mean,0.005432039370078741
minimum_angle_penalty,0.2,0.01,0.1,1.0,2.0,0.175,0.0175,0.44999999999999996,0.5,5.0,cov,trace,std_dev,0.0015703953481945557
minimum_angle_penalty,0.2,0.01,0.1,1.0,2.0,0.175,0.0175,0.44999999999999996,0.5,5.0,cov,trace,median,0.004914
minimum_angle_penalty,0.2,0.01,0.1,1.0,2.0,0.175,0.0175,0.44999999999999996,0.5,5.0,cov,trace,min,0.0024730000000000004
minimum_angle_penalty,0.2,0.01,0.1,1.0,2.0,0.175,0.0175,0.44999999999999996,0.5,5.0,cov,trace,max,0.012708
minimum_angle_penalty,0.2,0.01,0.1,1.0,2.0,0.175,0.0175,0.44999999999999996,0.5,5.0,cov,trace,rmse,0.005654484350293715
minimum_angle_penalty,0.2,0.01,0.1,1.0,2.0,0.175,0.0175,0.44999999999999996,0.5,5.0,cov,det,mean,3.324314873307085e-10
minimum_angle_penalty,0.2,0.01,0.1,1.0,2.0,0.175,0.0175,0.44999999999999996,0.5,5.0,cov,det,std_dev,2.6798493741616267e-10
minimum_angle_penalty,0.2,0.01,0.1,1.0,2.0,0.175,0.0175,0.44999999999999996,0.5,5.0,cov,det,median,2.4803285600000027e-10
minimum_angle_penalty,0.2,0.01,0.1,1.0,2.0,0.175,0.0175,0.44999999999999996,0.5,5.0,cov,det,min,4.612564400000002e-11
minimum_angle_penalty,0.2,0.01,0.1,1.0,2.0,0.175,0.0175,0.44999999999999996,0.5,5.0,cov,det,max,2.063831728999998e-09
minimum_angle_penalty,0.2,0.01,0.1,1.0,2.0,0.175,0.0175,0.44999999999999996,0.5,5.0,cov,det,rmse,4.269972136335922e-10
minimum_angle_penalty,0.2,0.01,0.1,1.0,2.0,0.175,0.0175,0.6363961030678927,0.5,5.0,traj,APE,mean,0.0677017546619272
minimum_angle_penalty,0.2,0.01,0.1,1.0,2.0,0.175,0.0175,0.6363961030678927,0.5,5.0,traj,APE,std_dev,0.045559443392928146
minimum_angle_penalty,0.2,0.01,0.1,1.0,2.0,0.175,0.0175,0.6363961030678927,0.5,5.0,traj,APE,median,0.05648769988640878
minimum_angle_penalty,0.2,0.01,0.1,1.0,2.0,0.175,0.0175,0.6363961030678927,0.5,5.0,traj,APE,min,1.0842021724855044e-19
minimum_angle_penalty,0.2,0.01,0.1,1.0,2.0,0.175,0.0175,0.6363961030678927,0.5,5.0,traj,APE,max,0.23372537466128263
minimum_angle_penalty,0.2,0.01,0.1,1.0,2.0,0.175,0.0175,0.6363961030678927,0.5,5.0,traj,APE,rmse,0.08160386306160515
minimum_angle_penalty,0.2,0.01,0.1,1.0,2.0,0.175,0.0175,0.6363961030678927,0.5,5.0,traj,RPE,mean,0.049769378732700334
minimum_angle_penalty,0.2,0.01,0.1,1.0,2.0,0.175,0.0175,0.6363961030678927,0.5,5.0,traj,RPE,std_dev,0.02859648532541885
minimum_angle_penalty,0.2,0.01,0.1,1.0,2.0,0.175,0.0175,0.6363961030678927,0.5,5.0,traj,RPE,median,0.043345795561755246
minimum_angle_penalty,0.2,0.01,0.1,1.0,2.0,0.175,0.0175,0.6363961030678927,0.5,5.0,traj,RPE,min,0.009765588790617712
minimum_angle_penalty,0.2,0.01,0.1,1.0,2.0,0.175,0.0175,0.6363961030678927,0.5,5.0,traj,RPE,max,0.17347254746959695
minimum_angle_penalty,0.2,0.01,0.1,1.0,2.0,0.175,0.0175,0.6363961030678927,0.5,5.0,traj,RPE,rmse,0.0573999131742014
minimum_angle_penalty,0.2,0.01,0.1,1.0,2.0,0.175,0.0175,0.6363961030678927,0.5,5.0,traj,num associated poses,mean,27.8
minimum_angle_penalty,0.2,0.01,0.1,1.0,2.0,0.175,0.0175,0.6363961030678927,0.5,5.0,traj,num associated poses,std_dev,0.39999999999999997
minimum_angle_penalty,0.2,0.01,0.1,1.0,2.0,0.175,0.0175,0.6363961030678927,0.5,5.0,traj,num associated poses,median,28.0
minimum_angle_penalty,0.2,0.01,0.1,1.0,2.0,0.175,0.0175,0.6363961030678927,0.5,5.0,traj,num associated poses,min,27.0
minimum_angle_penalty,0.2,0.01,0.1,1.0,2.0,0.175,0.0175,0.6363961030678927,0.5,5.0,traj,num associated poses,max,28.0
minimum_angle_penalty,0.2,0.01,0.1,1.0,2.0,0.175,0.0175,0.6363961030678927,0.5,5.0,traj,num gt poses,mean,173.2
minimum_angle_penalty,0.2,0.01,0.1,1.0,2.0,0.175,0.0175,0.6363961030678927,0.5,5.0,traj,num gt poses,std_dev,1.469693845669907
minimum_angle_penalty,0.2,0.01,0.1,1.0,2.0,0.175,0.0175,0.6363961030678927,0.5,5.0,traj,num gt poses,median,173.0
minimum_angle_penalty,0.2,0.01,0.1,1.0,2.0,0.175,0.0175,0.6363961030678927,0.5,5.0,traj,num gt poses,min,172.0
minimum_angle_penalty,0.2,0.01,0.1,1.0,2.0,0.175,0.0175,0.6363961030678927,0.5,5.0,traj,num gt poses,max,176.0
minimum_angle_penalty,0.2,0.01,0.1,1.0,2.0,0.175,0.0175,0.6363961030678927,0.5,5.0,traj,odom accum path length (m),mean,11.538011399999998
minimum_angle_penalty,0.2,0.01,0.1,1.0,2.0,0.175,0.0175,0.6363961030678927,0.5,5.0,traj,odom accum path length (m),std_dev,0.051567623011342836
minimum_angle_penalty,0.2,0.01,0.1,1.0,2.0,0.175,0.0175,0.6363961030678927,0.5,5.0,traj,odom accum path length (m),median,11.560038
minimum_angle_penalty,0.2,0.01,0.1,1.0,2.0,0.175,0.0175,0.6363961030678927,0.5,5.0,traj,odom accum path length (m),min,11.43759
minimum_angle_penalty,0.2,0.01,0.1,1.0,2.0,0.175,0.0175,0.6363961030678927,0.5,5.0,traj,odom accum path length (m),max,11.580635
minimum_angle_penalty,0.2,0.01,0.1,1.0,2.0,0.175,0.0175,0.6363961030678927,0.5,5.0,traj,total rotation (rad),mean,9.591189
minimum_angle_penalty,0.2,0.01,0.1,1.0,2.0,0.175,0.0175,0.6363961030678927,0.5,5.0,traj,total rotation (rad),std_dev,0.2946343476867552
minimum_angle_penalty,0.2,0.01,0.1,1.0,2.0,0.175,0.0175,0.6363961030678927,0.5,5.0,traj,total rotation (rad),median,9.573363
minimum_angle_penalty,0.2,0.01,0.1,1.0,2.0,0.175,0.0175,0.6363961030678927,0.5,5.0,traj,total rotation (rad),min,9.175081
minimum_angle_penalty,0.2,0.01,0.1,1.0,2.0,0.175,0.0175,0.6363961030678927,0.5,5.0,traj,total rotation (rad),max,10.078031
minimum_angle_penalty,0.2,0.01,0.1,1.0,2.0,0.175,0.0175,0.6363961030678927,0.5,5.0,traj,duration (s),mean,23.7494
minimum_angle_penalty,0.2,0.01,0.1,1.0,2.0,0.175,0.0175,0.6363961030678927,0.5,5.0,traj,duration (s),std_dev,0.2521504312905278
minimum_angle_penalty,0.2,0.01,0.1,1.0,2.0,0.175,0.0175,0.6363961030678927,0.5,5.0,traj,duration (s),median,23.749
minimum_angle_penalty,0.2,0.01,0.1,1.0,2.0,0.175,0.0175,0.6363961030678927,0.5,5.0,traj,duration (s),min,23.467000000000002
minimum_angle_penalty,0.2,0.01,0.1,1.0,2.0,0.175,0.0175,0.6363961030678927,0.5,5.0,traj,duration (s),max,24.174999999999997
minimum_angle_penalty,0.2,0.01,0.1,1.0,2.0,0.175,0.0175,0.6363961030678927,0.5,5.0,completion,successes,count,5.0
minimum_angle_penalty,0.2,0.01,0.1,1.0,2.0,0.175,0.0175,0.6363961030678927,0.5,5.0,completion,failures,count,0.0
minimum_angle_penalty,0.2,0.01,0.1,1.0,2.0,0.175,0.0175,0.6363961030678927,0.5,5.0,completion,errors,count,0.0
minimum_angle_penalty,0.2,0.01,0.1,1.0,2.0,0.175,0.0175,0.6363961030678927,0.5,5.0,completion,data or metrics missing,count,0.0
minimum_angle_penalty,0.2,0.01,0.1,1.0,2.0,0.175,0.0175,0.6363961030678927,0.5,5.0,latency,latency,mean,0.0026906474820143885
minimum_angle_penalty,0.2,0.01,0.1,1.0,2.0,0.175,0.0175,0.6363961030678927,0.5,5.0,latency,latency,std_dev,0.0011804700981852471
minimum_angle_penalty,0.2,0.01,0.1,1.0,2.0,0.175,0.0175,0.6363961030678927,0.5,5.0,latency,latency,median,0.003
minimum_angle_penalty,0.2,0.01,0.1,1.0,2.0,0.175,0.0175,0.6363961030678927,0.5,5.0,latency,latency,min,0.0
minimum_angle_penalty,0.2,0.01,0.1,1.0,2.0,0.175,0.0175,0.6363961030678927,0.5,5.0,latency,latency,max,0.008
minimum_angle_penalty,0.2,0.01,0.1,1.0,2.0,0.175,0.0175,0.6363961030678927,0.5,5.0,cov,trace,mean,0.005545734265734266
minimum_angle_penalty,0.2,0.01,0.1,1.0,2.0,0.175,0.0175,0.6363961030678927,0.5,5.0,cov,trace,std_dev,0.0015122925538883472
minimum_angle_penalty,0.2,0.01,0.1,1.0,2.0,0.175,0.0175,0.6363961030678927,0.5,5.0,cov,trace,median,0.005108
minimum_angle_penalty,0.2,0.01,0.1,1.0,2.0,0.175,0.0175,0.6363961030678927,0.5,5.0,cov,trace,min,0.0027880000000000005
minimum_angle_penalty,0.2,0.01,0.1,1.0,2.0,0.175,0.0175,0.6363961030678927,0.5,5.0,cov,trace,max,0.012215
minimum_angle_penalty,0.2,0.01,0.1,1.0,2.0,0.175,0.0175,0.6363961030678927,0.5,5.0,cov,trace,rmse,0.00574823427799227
minimum_angle_penalty,0.2,0.01,0.1,1.0,2.0,0.175,0.0175,0.6363961030678927,0.5,5.0,cov,det,mean,3.544307691888111e-10
minimum_angle_penalty,0.2,0.01,0.1,1.0,2.0,0.175,0.0175,0.6363961030678927,0.5,5.0,cov,det,std_dev,2.8322789974655787e-10
minimum_angle_penalty,0.2,0.01,0.1,1.0,2.0,0.175,0.0175,0.6363961030678927,0.5,5.0,cov,det,median,2.5752239200000015e-10
minimum_angle_penalty,0.2,0.01,0.1,1.0,2.0,0.175,0.0175,0.6363961030678927,0.5,5.0,cov,det,min,6.21895339999999e-11
minimum_angle_penalty,0.2,0.01,0.1,1.0,2.0,0.175,0.0175,0.6363961030678927,0.5,5.0,cov,det,max,1.4601027239999982e-09
minimum_angle_penalty,0.2,0.01,0.1,1.0,2.0,0.175,0.0175,0.6363961030678927,0.5,5.0,cov,det,rmse,4.5369506647374787e-10
minimum_angle_penalty,0.2,0.01,0.1,1.0,2.0,0.175,0.0175,0.9,0.5,5.0,traj,APE,mean,0.068859479804169
minimum_angle_penalty,0.2,0.01,0.1,1.0,2.0,0.175,0.0175,0.9,0.5,5.0,traj,APE,std_dev,0.04690641660528047
minimum_angle_penalty,0.2,0.01,0.1,1.0,2.0,0.175,0.0175,0.9,0.5,5.0,traj,APE,median,0.056043208862614005
minimum_angle_penalty,0.2,0.01,0.1,1.0,2.0,0.175,0.0175,0.9,0.5,5.0,traj,APE,min,5.421010862427522e-20
minimum_angle_penalty,0.2,0.01,0.1,1.0,2.0,0.175,0.0175,0.9,0.5,5.0,traj,APE,max,0.23509533126376495
minimum_angle_penalty,0.2,0.01,0.1,1.0,2.0,0.175,0.0175,0.9,0.5,5.0,traj,APE,rmse,0.08331770446699122
minimum_angle_penalty,0.2,0.01,0.1,1.0,2.0,0.175,0.0175,0.9,0.5,5.0,traj,RPE,mean,0.05092190119025032
minimum_angle_penalty,0.2,0.01,0.1,1.0,2.0,0.175,0.0175,0.9,0.5,5.0,traj,RPE,std_dev,0.030007442440126132
minimum_angle_penalty,0.2,0.01,0.1,1.0,2.0,0.175,0.0175,0.9,0.5,5.0,traj,RPE,median,0.04518885933356407
minimum_angle_penalty,0.2,0.01,0.1,1.0,2.0,0.175,0.0175,0.9,0.5,5.0,traj,RPE,min,0.01315336620506608
minimum_angle_penalty,0.2,0.01,0.1,1.0,2.0,0.175,0.0175,0.9,0.5,5.0,traj,RPE,max,0.18122918164661703
minimum_angle_penalty,0.2,0.01,0.1,1.0,2.0,0.175,0.0175,0.9,0.5,5.0,traj,RPE,rmse,0.05910572411050474
minimum_angle_penalty,0.2,0.01,0.1,1.0,2.0,0.175,0.0175,0.9,0.5,5.0,traj,num associated poses,mean,27.75
minimum_angle_penalty,0.2,0.01,0.1,1.0,2.0,0.175,0.0175,0.9,0.5,5.0,traj,num associated poses,std_dev,0.4330127018922193
minimum_angle_penalty,0.2,0.01,0.1,1.0,2.0,0.175,0.0175,0.9,0.5,5.0,traj,num associated poses,median,28.0
minimum_angle_penalty,0.2,0.01,0.1,1.0,2.0,0.175,0.0175,0.9,0.5,5.0,traj,num associated poses,min,27.0
minimum_angle_penalty,0.2,0.01,0.1,1.0,2.0,0.175,0.0175,0.9,0.5,5.0,traj,num associated poses,max,28.0
minimum_angle_penalty,0.2,0.01,0.1,1.0,2.0,0.175,0.0175,0.9,0.5,5.0,traj,num gt poses,mean,172.75
minimum_angle_penalty,0.2,0.01,0.1,1.0,2.0,0.175,0.0175,0.9,0.5,5.0,traj,num gt poses,std_dev,1.920286436967152
minimum_angle_penalty,0.2,0.01,0.1,1.0,2.0,0.175,0.0175,0.9,0.5,5.0,traj,num gt poses,median,172.0
minimum_angle_penalty,0.2,0.01,0.1,1.0,2.0,0.175,0.0175,0.9,0.5,5.0,traj,num gt poses,min,171.0
minimum_angle_penalty,0.2,0.01,0.1,1.0,2.0,0.175,0.0175,0.9,0.5,5.0,traj,num gt poses,max,176.0
minimum_angle_penalty,0.2,0.01,0.1,1.0,2.0,0.175,0.0175,0.9,0.5,5.0,traj,odom accum path length (m),mean,11.5569135
minimum_angle_penalty,0.2,0.01,0.1,1.0,2.0,0.175,0.0175,0.9,0.5,5.0,traj,odom accum path length (m),std_dev,0.06781941721402526
minimum_angle_penalty,0.2,0.01,0.1,1.0,2.0,0.175,0.0175,0.9,0.5,5.0,traj,odom accum path length (m),median,11.5381055
minimum_angle_penalty,0.2,0.01,0.1,1.0,2.0,0.175,0.0175,0.9,0.5,5.0,traj,odom accum path length (m),min,11.484325
minimum_angle_penalty,0.2,0.01,0.1,1.0,2.0,0.175,0.0175,0.9,0.5,5.0,traj,odom accum path length (m),max,11.667118
minimum_angle_penalty,0.2,0.01,0.1,1.0,2.0,0.175,0.0175,0.9,0.5,5.0,traj,total rotation (rad),mean,9.677225750000002
minimum_angle_penalty,0.2,0.01,0.1,1.0,2.0,0.175,0.0175,0.9,0.5,5.0,traj,total rotation (rad),std_dev,0.3538096108066986
minimum_angle_penalty,0.2,0.01,0.1,1.0,2.0,0.175,0.0175,0.9,0.5,5.0,traj,total rotation (rad),median,9.586876499999999
minimum_angle_penalty,0.2,0.01,0.1,1.0,2.0,0.175,0.0175,0.9,0.5,5.0,traj,total rotation (rad),min,9.284446
minimum_angle_penalty,0.2,0.01,0.1,1.0,2.0,0.175,0.0175,0.9,0.5,5.0,traj,total rotation (rad),max,10.250704
minimum_angle_penalty,0.2,0.01,0.1,1.0,2.0,0.175,0.0175,0.9,0.5,5.0,traj,duration (s),mean,23.702
minimum_angle_penalty,0.2,0.01,0.1,1.0,2.0,0.175,0.0175,0.9,0.5,5.0,traj,duration (s),std_dev,0.20882887731345798
minimum_angle_penalty,0.2,0.01,0.1,1.0,2.0,0.175,0.0175,0.9,0.5,5.0,traj,duration (s),median,23.6355
minimum_angle_penalty,0.2,0.01,0.1,1.0,2.0,0.175,0.0175,0.9,0.5,5.0,traj,duration (s),min,23.490000000000002
minimum_angle_penalty,0.2,0.01,0.1,1.0,2.0,0.175,0.0175,0.9,0.5,5.0,traj,duration (s),max,24.046999999999997
minimum_angle_penalty,0.2,0.01,0.1,1.0,2.0,0.175,0.0175,0.9,0.5,5.0,completion,successes,count,4.0
minimum_angle_penalty,0.2,0.01,0.1,1.0,2.0,0.175,0.0175,0.9,0.5,5.0,completion,failures,count,0.0
minimum_angle_penalty,0.2,0.01,0.1,1.0,2.0,0.175,0.0175,0.9,0.5,5.0,completion,errors,count,1.0
minimum_angle_penalty,0.2,0.01,0.1,1.0,2.0,0.175,0.0175,0.9,0.5,5.0,completion,data or metrics missing,count,1.0
minimum_angle_penalty,0.2,0.01,0.1,1.0,2.0,0.175,0.0175,0.9,0.5,5.0,latency,latency,mean,0.003837837837837839
minimum_angle_penalty,0.2,0.01,0.1,1.0,2.0,0.175,0.0175,0.9,0.5,5.0,latency,latency,std_dev,0.002963868121893028
minimum_angle_penalty,0.2,0.01,0.1,1.0,2.0,0.175,0.0175,0.9,0.5,5.0,latency,latency,median,0.003
minimum_angle_penalty,0.2,0.01,0.1,1.0,2.0,0.175,0.0175,0.9,0.5,5.0,latency,latency,min,0.0
minimum_angle_penalty,0.2,0.01,0.1,1.0,2.0,0.175,0.0175,0.9,0.5,5.0,latency,latency,max,0.015000000000000001
minimum_angle_penalty,0.2,0.01,0.1,1.0,2.0,0.175,0.0175,0.9,0.5,5.0,cov,trace,mean,0.0054536929824561394
minimum_angle_penalty,0.2,0.01,0.1,1.0,2.0,0.175,0.0175,0.9,0.5,5.0,cov,trace,std_dev,0.0015222446268539896
minimum_angle_penalty,0.2,0.01,0.1,1.0,2.0,0.175,0.0175,0.9,0.5,5.0,cov,trace,median,0.004946
minimum_angle_penalty,0.2,0.01,0.1,1.0,2.0,0.175,0.0175,0.9,0.5,5.0,cov,trace,min,0.0025340000000000002
minimum_angle_penalty,0.2,0.01,0.1,1.0,2.0,0.175,0.0175,0.9,0.5,5.0,cov,trace,max,0.010337
minimum_angle_penalty,0.2,0.01,0.1,1.0,2.0,0.175,0.0175,0.9,0.5,5.0,cov,trace,rmse,0.005662154700366036
minimum_angle_penalty,0.2,0.01,0.1,1.0,2.0,0.175,0.0175,0.9,0.5,5.0,cov,det,mean,3.574769603859648e-10
minimum_angle_penalty,0.2,0.01,0.1,1.0,2.0,0.175,0.0175,0.9,0.5,5.0,cov,det,std_dev,2.9797380727706687e-10
minimum_angle_penalty,0.2,0.01,0.1,1.0,2.0,0.175,0.0175,0.9,0.5,5.0,cov,det,median,2.4939489599999983e-10
minimum_angle_penalty,0.2,0.01,0.1,1.0,2.0,0.175,0.0175,0.9,0.5,5.0,cov,det,min,4.8342794999999905e-11
minimum_angle_penalty,0.2,0.01,0.1,1.0,2.0,0.175,0.0175,0.9,0.5,5.0,cov,det,max,1.771262755999998e-09
minimum_angle_penalty,0.2,0.01,0.1,1.0,2.0,0.175,0.0175,0.9,0.5,5.0,cov,det,rmse,4.653795945569372e-10
minimum_angle_penalty,0.2,0.01,0.1,1.0,2.0,0.175,0.0175,1.2727922061357857,0.5,5.0,traj,APE,mean,0.07245412720394856
minimum_angle_penalty,0.2,0.01,0.1,1.0,2.0,0.175,0.0175,1.2727922061357857,0.5,5.0,traj,APE,std_dev,0.046911567219779716
minimum_angle_penalty,0.2,0.01,0.1,1.0,2.0,0.175,0.0175,1.2727922061357857,0.5,5.0,traj,APE,median,0.056727162479136305
minimum_angle_penalty,0.2,0.01,0.1,1.0,2.0,0.175,0.0175,1.2727922061357857,0.5,5.0,traj,APE,min,5.421010862427522e-20
minimum_angle_penalty,0.2,0.01,0.1,1.0,2.0,0.175,0.0175,1.2727922061357857,0.5,5.0,traj,APE,max,0.19410935055252754
minimum_angle_penalty,0.2,0.01,0.1,1.0,2.0,0.175,0.0175,1.2727922061357857,0.5,5.0,traj,APE,rmse,0.08631509536519015
minimum_angle_penalty,0.2,0.01,0.1,1.0,2.0,0.175,0.0175,1.2727922061357857,0.5,5.0,traj,RPE,mean,0.058226983173811676
minimum_angle_penalty,0.2,0.01,0.1,1.0,2.0,0.175,0.0175,1.2727922061357857,0.5,5.0,traj,RPE,std_dev,0.03857789872416658
minimum_angle_penalty,0.2,0.01,0.1,1.0,2.0,0.175,0.0175,1.2727922061357857,0.5,5.0,traj,RPE,median,0.04660180939364219
minimum_angle_penalty,0.2,0.01,0.1,1.0,2.0,0.175,0.0175,1.2727922061357857,0.5,5.0,traj,RPE,min,0.012045756457782
minimum_angle_penalty,0.2,0.01,0.1,1.0,2.0,0.175,0.0175,1.2727922061357857,0.5,5.0,traj,RPE,max,0.20777944733271117
minimum_angle_penalty,0.2,0.01,0.1,1.0,2.0,0.175,0.0175,1.2727922061357857,0.5,5.0,traj,RPE,rmse,0.06984723215343185
minimum_angle_penalty,0.2,0.01,0.1,1.0,2.0,0.175,0.0175,1.2727922061357857,0.5,5.0,traj,num associated poses,mean,29.2
minimum_angle_penalty,0.2,0.01,0.1,1.0,2.0,0.175,0.0175,1.2727922061357857,0.5,5.0,traj,num associated poses,std_dev,3.919183588453085
minimum_angle_penalty,0.2,0.01,0.1,1.0,2.0,0.175,0.0175,1.2727922061357857,0.5,5.0,traj,num associated poses,median,27.0
minimum_angle_penalty,0.2,0.01,0.1,1.0,2.0,0.175,0.0175,1.2727922061357857,0.5,5.0,traj,num associated poses,min,27.0
minimum_angle_penalty,0.2,0.01,0.1,1.0,2.0,0.175,0.0175,1.2727922061357857,0.5,5.0,traj,num associated poses,max,37.0
minimum_angle_penalty,0.2,0.01,0.1,1.0,2.0,0.175,0.0175,1.2727922061357857,0.5,5.0,traj,num gt poses,mean,179.4
minimum_angle_penalty,0.2,0.01,0.1,1.0,2.0,0.175,0.0175,1.2727922061357857,0.5,5.0,traj,num gt poses,std_dev,6.499230723708768
minimum_angle_penalty,0.2,0.01,0.1,1.0,2.0,0.175,0.0175,1.2727922061357857,0.5,5.0,traj,num gt poses,median,179.0
minimum_angle_penalty,0.2,0.01,0.1,1.0,2.0,0.175,0.0175,1.2727922061357857,0.5,5.0,traj,num gt poses,min,171.0
minimum_angle_penalty,0.2,0.01,0.1,1.0,2.0,0.175,0.0175,1.2727922061357857,0.5,5.0,traj,num gt poses,max,191.0
minimum_angle_penalty,0.2,0.01,0.1,1.0,2.0,0.175,0.0175,1.2727922061357857,0.5,5.0,traj,odom accum path length (m),mean,11.599344
minimum_angle_penalty,0.2,0.01,0.1,1.0,2.0,0.175,0.0175,1.2727922061357857,0.5,5.0,traj,odom accum path length (m),std_dev,0.14623503954524744
minimum_angle_penalty,0.2,0.01,0.1,1.0,2.0,0.175,0.0175,1.2727922061357857,0.5,5.0,traj,odom accum path length (m),median,11.513365
minimum_angle_penalty,0.2,0.01,0.1,1.0,2.0,0.175,0.0175,1.2727922061357857,0.5,5.0,traj,odom accum path length (m),min,11.450282
minimum_angle_penalty,0.2,0.01,0.1,1.0,2.0,0.175,0.0175,1.2727922061357857,0.5,5.0,traj,odom accum path length (m),max,11.854487
minimum_angle_penalty,0.2,0.01,0.1,1.0,2.0,0.175,0.0175,1.2727922061357857,0.5,5.0,traj,total rotation (rad),mean,10.817228199999999
minimum_angle_penalty,0.2,0.01,0.1,1.0,2.0,0.175,0.0175,1.2727922061357857,0.5,5.0,traj,total rotation (rad),std_dev,2.1090652606865827
minimum_angle_penalty,0.2,0.01,0.1,1.0,2.0,0.175,0.0175,1.2727922061357857,0.5,5.0,traj,total rotation (rad),median,9.956786
minimum_angle_penalty,0.2,0.01,0.1,1.0,2.0,0.175,0.0175,1.2727922061357857,0.5,5.0,traj,total rotation (rad),min,9.037752
minimum_angle_penalty,0.2,0.01,0.1,1.0,2.0,0.175,0.0175,1.2727922061357857,0.5,5.0,traj,total rotation (rad),max,14.922351
minimum_angle_penalty,0.2,0.01,0.1,1.0,2.0,0.175,0.0175,1.2727922061357857,0.5,5.0,traj,duration (s),mean,24.6012
minimum_angle_penalty,0.2,0.01,0.1,1.0,2.0,0.175,0.0175,1.2727922061357857,0.5,5.0,traj,duration (s),std_dev,0.9770613900876434
minimum_angle_penalty,0.2,0.01,0.1,1.0,2.0,0.175,0.0175,1.2727922061357857,0.5,5.0,traj,duration (s),median,24.436
minimum_angle_penalty,0.2,0.01,0.1,1.0,2.0,0.175,0.0175,1.2727922061357857,0.5,5.0,traj,duration (s),min,23.363999999999997
minimum_angle_penalty,0.2,0.01,0.1,1.0,2.0,0.175,0.0175,1.2727922061357857,0.5,5.0,traj,duration (s),max,26.373999999999995
minimum_angle_penalty,0.2,0.01,0.1,1.0,2.0,0.175,0.0175,1.2727922061357857,0.5,5.0,completion,successes,count,5.0
minimum_angle_penalty,0.2,0.01,0.1,1.0,2.0,0.175,0.0175,1.2727922061357857,0.5,5.0,completion,failures,count,0.0
minimum_angle_penalty,0.2,0.01,0.1,1.0,2.0,0.175,0.0175,1.2727922061357857,0.5,5.0,completion,errors,count,0.0
minimum_angle_penalty,0.2,0.01,0.1,1.0,2.0,0.175,0.0175,1.2727922061357857,0.5,5.0,completion,data or metrics missing,count,0.0
minimum_angle_penalty,0.2,0.01,0.1,1.0,2.0,0.175,0.0175,1.2727922061357857,0.5,5.0,latency,latency,mean,0.006547945205479453
minimum_angle_penalty,0.2,0.01,0.1,1.0,2.0,0.175,0.0175,1.2727922061357857,0.5,5.0,latency,latency,std_dev,0.005081637897668917
minimum_angle_penalty,0.2,0.01,0.1,1.0,2.0,0.175,0.0175,1.2727922061357857,0.5,5.0,latency,latency,median,0.004
minimum_angle_penalty,0.2,0.01,0.1,1.0,2.0,0.175,0.0175,1.2727922061357857,0.5,5.0,latency,latency,min,0.0
minimum_angle_penalty,0.2,0.01,0.1,1.0,2.0,0.175,0.0175,1.2727922061357857,0.5,5.0,latency,latency,max,0.029
minimum_angle_penalty,0.2,0.01,0.1,1.0,2.0,0.175,0.0175,1.2727922061357857,0.5,5.0,cov,trace,mean,0.0068827315436241635
minimum_angle_penalty,0.2,0.01,0.1,1.0,2.0,0.175,0.0175,1.2727922061357857,0.5,5.0,cov,trace,std_dev,0.0021107807952307762
minimum_angle_penalty,0.2,0.01,0.1,1.0,2.0,0.175,0.0175,1.2727922061357857,0.5,5.0,cov,trace,median,0.006394
minimum_angle_penalty,0.2,0.01,0.1,1.0,2.0,0.175,0.0175,1.2727922061357857,0.5,5.0,cov,trace,min,0.004099
minimum_angle_penalty,0.2,0.01,0.1,1.0,2.0,0.175,0.0175,1.2727922061357857,0.5,5.0,cov,trace,max,0.019354
minimum_angle_penalty,0.2,0.01,0.1,1.0,2.0,0.175,0.0175,1.2727922061357857,0.5,5.0,cov,trace,rmse,0.007199124187504622
minimum_angle_penalty,0.2,0.01,0.1,1.0,2.0,0.175,0.0175,1.2727922061357857,0.5,5.0,cov,det,mean,9.156027812751672e-09
minimum_angle_penalty,0.2,0.01,0.1,1.0,2.0,0.175,0.0175,1.2727922061357857,0.5,5.0,cov,det,std_dev,9.51872715273598e-09
minimum_angle_penalty,0.2,0.01,0.1,1.0,2.0,0.175,0.0175,1.2727922061357857,0.5,5.0,cov,det,median,6.106225271999992e-09
minimum_angle_penalty,0.2,0.01,0.1,1.0,2.0,0.175,0.0175,1.2727922061357857,0.5,5.0,cov,det,min,9.498384500000016e-11
minimum_angle_penalty,0.2,0.01,0.1,1.0,2.0,0.175,0.0175,1.2727922061357857,0.5,5.0,cov,det,max,6.382852153200005e-08
minimum_angle_penalty,0.2,0.01,0.1,1.0,2.0,0.175,0.0175,1.2727922061357857,0.5,5.0,cov,det,rmse,1.3207536178868312e-08
minimum_angle_penalty,0.2,0.01,0.1,1.0,2.0,0.175,0.0175,1.8000000000000003,0.5,5.0,traj,APE,mean,0.08947313011842292
minimum_angle_penalty,0.2,0.01,0.1,1.0,2.0,0.175,0.0175,1.8000000000000003,0.5,5.0,traj,APE,std_dev,0.06578981929384597
minimum_angle_penalty,0.2,0.01,0.1,1.0,2.0,0.175,0.0175,1.8000000000000003,0.5,5.0,traj,APE,median,0.06205982535294932
minimum_angle_penalty,0.2,0.01,0.1,1.0,2.0,0.175,0.0175,1.8000000000000003,0.5,5.0,traj,APE,min,9.215718466126788e-19
minimum_angle_penalty,0.2,0.01,0.1,1.0,2.0,0.175,0.0175,1.8000000000000003,0.5,5.0,traj,APE,max,0.2556437903856865
minimum_angle_penalty,0.2,0.01,0.1,1.0,2.0,0.175,0.0175,1.8000000000000003,0.5,5.0,traj,APE,rmse,0.11105737857479414
minimum_angle_penalty,0.2,0.01,0.1,1.0,2.0,0.175,0.0175,1.8000000000000003,0.5,5.0,traj,RPE,mean,0.05082269951240963
minimum_angle_penalty,0.2,0.01,0.1,1.0,2.0,0.175,0.0175,1.8000000000000003,0.5,5.0,traj,RPE,std_dev,0.02623333716607063
minimum_angle_penalty,0.2,0.01,0.1,1.0,2.0,0.175,0.0175,1.8000000000000003,0.5,5.0,traj,RPE,median,0.04455490546819413
minimum_angle_penalty,0.2,0.01,0.1,1.0,2.0,0.175,0.0175,1.8000000000000003,0.5,5.0,traj,RPE,min,0.004672147536317193
minimum_angle_penalty,0.2,0.01,0.1,1.0,2.0,0.175,0.0175,1.8000000000000003,0.5,5.0,traj,RPE,max,0.15110305670427274
minimum_angle_penalty,0.2,0.01,0.1,1.0,2.0,0.175,0.0175,1.8000000000000003,0.5,5.0,traj,RPE,rmse,0.05719383502264403
minimum_angle_penalty,0.2,0.01,0.1,1.0,2.0,0.175,0.0175,1.8000000000000003,0.5,5.0,traj,num associated poses,mean,27.8
minimum_angle_penalty,0.2,0.01,0.1,1.0,2.0,0.175,0.0175,1.8000000000000003,0.5,5.0,traj,num associated poses,std_dev,1.1661903789690602
minimum_angle_penalty,0.2,0.01,0.1,1.0,2.0,0.175,0.0175,1.8000000000000003,0.5,5.0,traj,num associated poses,median,28.0
minimum_angle_penalty,0.2,0.01,0.1,1.0,2.0,0.175,0.0175,1.8000000000000003,0.5,5.0,traj,num associated poses,min,26.0
minimum_angle_penalty,0.2,0.01,0.1,1.0,2.0,0.175,0.0175,1.8000000000000003,0.5,5.0,traj,num associated poses,max,29.0
minimum_angle_penalty,0.2,0.01,0.1,1.0,2.0,0.175,0.0175,1.8000000000000003,0.5,5.0,traj,num gt poses,mean,174.8
minimum_angle_penalty,0.2,0.01,0.1,1.0,2.0,0.175,0.0175,1.8000000000000003,0.5,5.0,traj,num gt poses,std_dev,1.9390719429665317
minimum_angle_penalty,0.2,0.01,0.1,1.0,2.0,0.175,0.0175,1.8000000000000003,0.5,5.0,traj,num gt poses,median,175.0
minimum_angle_penalty,0.2,0.01,0.1,1.0,2.0,0.175,0.0175,1.8000000000000003,0.5,5.0,traj,num gt poses,min,172.0
minimum_angle_penalty,0.2,0.01,0.1,1.0,2.0,0.175,0.0175,1.8000000000000003,0.5,5.0,traj,num gt poses,max,178.0
minimum_angle_penalty,0.2,0.01,0.1,1.0,2.0,0.175,0.0175,1.8000000000000003,0.5,5.0,traj,odom accum path length (m),mean,11.562682599999999
minimum_angle_penalty,0.2,0.01,0.1,1.0,2.0,0.175,0.0175,1.8000000000000003,0.5,5.0,traj,odom accum path length (m),std_dev,0.08619000212924942
minimum_angle_penalty,0.2,0.01,0.1,1.0,2.0,0.175,0.0175,1.8000000000000003,0.5,5.0,traj,odom accum path length (m),median,11.535149
minimum_angle_penalty,0.2,0.01,0.1,1.0,2.0,0.175,0.0175,1.8000000000000003,0.5,5.0,traj,odom accum path length (m),min,11.4629
minimum_angle_penalty,0.2,0.01,0.1,1.0,2.0,0.175,0.0175,1.8000000000000003,0.5,5.0,traj,odom accum path length (m),max,11.714022
minimum_angle_penalty,0.2,0.01,0.1,1.0,2.0,0.175,0.0175,1.8000000000000003,0.5,5.0,traj,total rotation (rad),mean,9.682180800000001
minimum_angle_penalty,0.2,0.01,0.1,1.0,2.0,0.175,0.0175,1.8000000000000003,0.5,5.0,traj,total rotation (rad),std_dev,0.5258981426042123
minimum_angle_penalty,0.2,0.01,0.1,1.0,2.0,0.175,0.0175,1.8000000000000003,0.5,5.0,traj,total rotation (rad),median,9.692395
minimum_angle_penalty,0.2,0.01,0.1,1.0,2.0,0.175,0.0175,1.8000000000000003,0.5,5.0,traj,total rotation (rad),min,8.909925
minimum_angle_penalty,0.2,0.01,0.1,1.0,2.0,0.175,0.0175,1.8000000000000003,0.5,5.0,traj,total rotation (rad),max,10.304935
minimum_angle_penalty,0.2,0.01,0.1,1.0,2.0,0.175,0.0175,1.8000000000000003,0.5,5.0,traj,duration (s),mean,23.917
minimum_angle_penalty,0.2,0.01,0.1,1.0,2.0,0.175,0.0175,1.8000000000000003,0.5,5.0,traj,duration (s),std_dev,0.2603735777685613
minimum_angle_penalty,0.2,0.01,0.1,1.0,2.0,0.175,0.0175,1.8000000000000003,0.5,5.0,traj,duration (s),median,23.886
minimum_angle_penalty,0.2,0.01,0.1,1.0,2.0,0.175,0.0175,1.8000000000000003,0.5,5.0,traj,duration (s),min,23.565999999999995
minimum_angle_penalty,0.2,0.01,0.1,1.0,2.0,0.175,0.0175,1.8000000000000003,0.5,5.0,traj,duration (s),max,24.37
minimum_angle_penalty,0.2,0.01,0.1,1.0,2.0,0.175,0.0175,1.8000000000000003,0.5,5.0,completion,successes,count,5.0
minimum_angle_penalty,0.2,0.01,0.1,1.0,2.0,0.175,0.0175,1.8000000000000003,0.5,5.0,completion,failures,count,0.0
minimum_angle_penalty,0.2,0.01,0.1,1.0,2.0,0.175,0.0175,1.8000000000000003,0.5,5.0,completion,errors,count,0.0
minimum_angle_penalty,0.2,0.01,0.1,1.0,2.0,0.175,0.0175,1.8000000000000003,0.5,5.0,completion,data or metrics missing,count,0.0
minimum_angle_penalty,0.2,0.01,0.1,1.0,2.0,0.175,0.0175,1.8000000000000003,0.5,5.0,latency,latency,mean,0.0038489208633093537
minimum_angle_penalty,0.2,0.01,0.1,1.0,2.0,0.175,0.0175,1.8000000000000003,0.5,5.0,latency,latency,std_dev,0.003777848478067085
minimum_angle_penalty,0.2,0.01,0.1,1.0,2.0,0.175,0.0175,1.8000000000000003,0.5,5.0,latency,latency,median,0.003
minimum_angle_penalty,0.2,0.01,0.1,1.0,2.0,0.175,0.0175,1.8000000000000003,0.5,5.0,latency,latency,min,0.0
minimum_angle_penalty,0.2,0.01,0.1,1.0,2.0,0.175,0.0175,1.8000000000000003,0.5,5.0,latency,latency,max,0.017
minimum_angle_penalty,0.2,0.01,0.1,1.0,2.0,0.175,0.0175,1.8000000000000003,0.5,5.0,cov,trace,mean,0.005136958333333334
minimum_angle_penalty,0.2,0.01,0.1,1.0,2.0,0.175,0.0175,1.8000000000000003,0.5,5.0,cov,trace,std_dev,0.0012541795230514915
minimum_angle_penalty,0.2,0.01,0.1,1.0,2.0,0.175,0.0175,1.8000000000000003,0.5,5.0,cov,trace,median,0.0048024999999999995
minimum_angle_penalty,0.2,0.01,0.1,1.0,2.0,0.175,0.0175,1.8000000000000003,0.5,5.0,cov,trace,min,0.0038250000000000003
minimum_angle_penalty,0.2,0.01,0.1,1.0,2.0,0.175,0.0175,1.8000000000000003,0.5,5.0,cov,trace,max,0.01463
minimum_angle_penalty,0.2,0.01,0.1,1.0,2.0,0.175,0.0175,1.8000000000000003,0.5,5.0,cov,trace,rmse,0.005287845231703028
minimum_angle_penalty,0.2,0.01,0.1,1.0,2.0,0.175,0.0175,1.8000000000000003,0.5,5.0,cov,det,mean,2.5771803007499998e-09
minimum_angle_penalty,0.2,0.01,0.1,1.0,2.0,0.175,0.0175,1.8000000000000003,0.5,5.0,cov,det,std_dev,3.085328938228856e-09
minimum_angle_penalty,0.2,0.01,0.1,1.0,2.0,0.175,0.0175,1.8000000000000003,0.5,5.0,cov,det,median,1.6846729724999986e-09
minimum_angle_penalty,0.2,0.01,0.1,1.0,2.0,0.175,0.0175,1.8000000000000003,0.5,5.0,cov,det,min,9.930698099999993e-11
minimum_angle_penalty,0.2,0.01,0.1,1.0,2.0,0.175,0.0175,1.8000000000000003,0.5,5.0,cov,det,max,2.9314609964999986e-08
minimum_angle_penalty,0.2,0.01,0.1,1.0,2.0,0.175,0.0175,1.8000000000000003,0.5,5.0,cov,det,rmse,4.020088675594888e-09
minimum_angle_penalty,0.2,0.01,0.1,1.0,2.0,0.175,0.0175,2.545584412271572,0.5,5.0,traj,APE,mean,0.06275991975733505
minimum_angle_penalty,0.2,0.01,0.1,1.0,2.0,0.175,0.0175,2.545584412271572,0.5,5.0,traj,APE,std_dev,0.03914517766412216
minimum_angle_penalty,0.2,0.01,0.1,1.0,2.0,0.175,0.0175,2.545584412271572,0.5,5.0,traj,APE,median,0.05172292299837544
minimum_angle_penalty,0.2,0.01,0.1,1.0,2.0,0.175,0.0175,2.545584412271572,0.5,5.0,traj,APE,min,8.131516293641283e-19
minimum_angle_penalty,0.2,0.01,0.1,1.0,2.0,0.175,0.0175,2.545584412271572,0.5,5.0,traj,APE,max,0.20292591295740223
minimum_angle_penalty,0.2,0.01,0.1,1.0,2.0,0.175,0.0175,2.545584412271572,0.5,5.0,traj,APE,rmse,0.07396723911504892
minimum_angle_penalty,0.2,0.01,0.1,1.0,2.0,0.175,0.0175,2.545584412271572,0.5,5.0,traj,RPE,mean,0.04858249598037139
minimum_angle_penalty,0.2,0.01,0.1,1.0,2.0,0.175,0.0175,2.545584412271572,0.5,5.0,traj,RPE,std_dev,0.023749495413676474
minimum_angle_penalty,0.2,0.01,0.1,1.0,2.0,0.175,0.0175,2.545584412271572,0.5,5.0,traj,RPE,median,0.04198445542533893
minimum_angle_penalty,0.2,0.01,0.1,1.0,2.0,0.175,0.0175,2.545584412271572,0.5,5.0,traj,RPE,min,0.011610057478425006
minimum_angle_penalty,0.2,0.01,0.1,1.0,2.0,0.175,0.0175,2.545584412271572,0.5,5.0,traj,RPE,max,0.15272359073002562
minimum_angle_penalty,0.2,0.01,0.1,1.0,2.0,0.175,0.0175,2.545584412271572,0.5,5.0,traj,RPE,rmse,0.054076773647167994
minimum_angle_penalty,0.2,0.01,0.1,1.0,2.0,0.175,0.0175,2.545584412271572,0.5,5.0,traj,num associated poses,mean,27.8
minimum_angle_penalty,0.2,0.01,0.1,1.0,2.0,0.175,0.0175,2.545584412271572,0.5,5.0,traj,num associated poses,std_dev,0.39999999999999997
minimum_angle_penalty,0.2,0.01,0.1,1.0,2.0,0.175,0.0175,2.545584412271572,0.5,5.0,traj,num associated poses,median,28.0
minimum_angle_penalty,0.2,0.01,0.1,1.0,2.0,0.175,0.0175,2.545584412271572,0.5,5.0,traj,num associated poses,min,27.0
minimum_angle_penalty,0.2,0.01,0.1,1.0,2.0,0.175,0.0175,2.545584412271572,0.5,5.0,traj,num associated poses,max,28.0
minimum_angle_penalty,0.2,0.01,0.1,1.0,2.0,0.175,0.0175,2.545584412271572,0.5,5.0,traj,num gt poses,mean,173.6
minimum_angle_penalty,0.2,0.01,0.1,1.0,2.0,0.175,0.0175,2.545584412271572,0.5,5.0,traj,num gt poses,std_dev,2.416609194718914
minimum_angle_penalty,0.2,0.01,0.1,1.0,2.0,0.175,0.0175,2.545584412271572,0.5,5.0,traj,num gt poses,median,173.0
minimum_angle_penalty,0.2,0.01,0.1,1.0,2.0,0.175,0.0175,2.545584412271572,0.5,5.0,traj,num gt poses,min,171.0
minimum_angle_penalty,0.2,0.01,0.1,1.0,2.0,0.175,0.0175,2.545584412271572,0.5,5.0,traj,num gt poses,max,178.0
minimum_angle_penalty,0.2,0.01,0.1,1.0,2.0,0.175,0.0175,2.545584412271572,0.5,5.0,traj,odom accum path length (m),mean,11.535813600000001
minimum_angle_penalty,0.2,0.01,0.1,1.0,2.0,0.175,0.0175,2.545584412271572,0.5,5.0,traj,odom accum path length (m),std_dev,0.06032054122303589
minimum_angle_penalty,0.2,0.01,0.1,1.0,2.0,0.175,0.0175,2.545584412271572,0.5,5.0,traj,odom accum path length (m),median,11.57255
minimum_angle_penalty,0.2,0.01,0.1,1.0,2.0,0.175,0.0175,2.545584412271572,0.5,5.0,traj,odom accum path length (m),min,11.430543
minimum_angle_penalty,0.2,0.01,0.1,1.0,2.0,0.175,0.0175,2.545584412271572,0.5,5.0,traj,odom accum path length (m),max,11.585833
minimum_angle_penalty,0.2,0.01,0.1,1.0,2.0,0.175,0.0175,2.545584412271572,0.5,5.0,traj,total rotation (rad),mean,9.5411754
minimum_angle_penalty,0.2,0.01,0.1,1.0,2.0,0.175,0.0175,2.545584412271572,0.5,5.0,traj,total rotation (rad),std_dev,0.3877711859597618
minimum_angle_penalty,0.2,0.01,0.1,1.0,2.0,0.175,0.0175,2.545584412271572,0.5,5.0,traj,total rotation (rad),median,9.348602
minimum_angle_penalty,0.2,0.01,0.1,1.0,2.0,0.175,0.0175,2.545584412271572,0.5,5.0,traj,total rotation (rad),min,9.202834
minimum_angle_penalty,0.2,0.01,0.1,1.0,2.0,0.175,0.0175,2.545584412271572,0.5,5.0,traj,total rotation (rad),max,10.240582
minimum_angle_penalty,0.2,0.01,0.1,1.0,2.0,0.175,0.0175,2.545584412271572,0.5,5.0,traj,duration (s),mean,23.799799999999998
minimum_angle_penalty,0.2,0.01,0.1,1.0,2.0,0.175,0.0175,2.545584412271572,0.5,5.0,traj,duration (s),std_dev,0.3356154942787951
minimum_angle_penalty,0.2,0.01,0.1,1.0,2.0,0.175,0.0175,2.545584412271572,0.5,5.0,traj,duration (s),median,23.776999999999997
minimum_angle_penalty,0.2,0.01,0.1,1.0,2.0,0.175,0.0175,2.545584412271572,0.5,5.0,traj,duration (s),min,23.404000000000003
minimum_angle_penalty,0.2,0.01,0.1,1.0,2.0,0.175,0.0175,2.545584412271572,0.5,5.0,traj,duration (s),max,24.400000000000002
minimum_angle_penalty,0.2,0.01,0.1,1.0,2.0,0.175,0.0175,2.545584412271572,0.5,5.0,completion,successes,count,5.0
minimum_angle_penalty,0.2,0.01,0.1,1.0,2.0,0.175,0.0175,2.545584412271572,0.5,5.0,completion,failures,count,0.0
minimum_angle_penalty,0.2,0.01,0.1,1.0,2.0,0.175,0.0175,2.545584412271572,0.5,5.0,completion,errors,count,0.0
minimum_angle_penalty,0.2,0.01,0.1,1.0,2.0,0.175,0.0175,2.545584412271572,0.5,5.0,completion,data or metrics missing,count,0.0
minimum_angle_penalty,0.2,0.01,0.1,1.0,2.0,0.175,0.0175,2.545584412271572,0.5,5.0,latency,latency,mean,0.004956834532374101
minimum_angle_penalty,0.2,0.01,0.1,1.0,2.0,0.175,0.0175,2.545584412271572,0.5,5.0,latency,latency,std_dev,0.00421007784339442
minimum_angle_penalty,0.2,0.01,0.1,1.0,2.0,0.175,0.0175,2.545584412271572,0.5,5.0,latency,latency,median,0.003
minimum_angle_penalty,0.2,0.01,0.1,1.0,2.0,0.175,0.0175,2.545584412271572,0.5,5.0,latency,latency,min,0.0
minimum_angle_penalty,0.2,0.01,0.1,1.0,2.0,0.175,0.0175,2.545584412271572,0.5,5.0,latency,latency,max,0.016
minimum_angle_penalty,0.2,0.01,0.1,1.0,2.0,0.175,0.0175,2.545584412271572,0.5,5.0,cov,trace,mean,0.0041599375000000004
minimum_angle_penalty,0.2,0.01,0.1,1.0,2.0,0.175,0.0175,2.545584412271572,0.5,5.0,cov,trace,std_dev,0.0005232395911099055
minimum_angle_penalty,0.2,0.01,0.1,1.0,2.0,0.175,0.0175,2.545584412271572,0.5,5.0,cov,trace,median,0.0040035
minimum_angle_penalty,0.2,0.01,0.1,1.0,2.0,0.175,0.0175,2.545584412271572,0.5,5.0,cov,trace,min,0.003483
minimum_angle_penalty,0.2,0.01,0.1,1.0,2.0,0.175,0.0175,2.545584412271572,0.5,5.0,cov,trace,max,0.0056240000000000005
minimum_angle_penalty,0.2,0.01,0.1,1.0,2.0,0.175,0.0175,2.545584412271572,0.5,5.0,cov,trace,rmse,0.0041927150718372354
minimum_angle_penalty,0.2,0.01,0.1,1.0,2.0,0.175,0.0175,2.545584412271572,0.5,5.0,cov,det,mean,6.562735084305553e-10
minimum_angle_penalty,0.2,0.01,0.1,1.0,2.0,0.175,0.0175,2.545584412271572,0.5,5.0,cov,det,std_dev,5.793542613905259e-10
minimum_angle_penalty,0.2,0.01,0.1,1.0,2.0,0.175,0.0175,2.545584412271572,0.5,5.0,cov,det,median,4.789643730000002e-10
minimum_angle_penalty,0.2,0.01,0.1,1.0,2.0,0.175,0.0175,2.545584412271572,0.5,5.0,cov,det,min,9.498384500000016e-11
minimum_angle_penalty,0.2,0.01,0.1,1.0,2.0,0.175,0.0175,2.545584412271572,0.5,5.0,cov,det,max,3.1944639599999996e-09
minimum_angle_penalty,0.2,0.01,0.1,1.0,2.0,0.175,0.0175,2.545584412271572,0.5,5.0,cov,det,rmse,8.754120618652179e-10
minimum_angle_penalty,0.2,0.01,0.1,1.0,2.0,0.175,0.0175,3.6000000000000014,0.5,5.0,traj,APE,mean,0.07111348332013624
minimum_angle_penalty,0.2,0.01,0.1,1.0,2.0,0.175,0.0175,3.6000000000000014,0.5,5.0,traj,APE,std_dev,0.04953968449444667
minimum_angle_penalty,0.2,0.01,0.1,1.0,2.0,0.175,0.0175,3.6000000000000014,0.5,5.0,traj,APE,median,0.05546301053580413
minimum_angle_penalty,0.2,0.01,0.1,1.0,2.0,0.175,0.0175,3.6000000000000014,0.5,5.0,traj,APE,min,5.421010862427522e-20
minimum_angle_penalty,0.2,0.01,0.1,1.0,2.0,0.175,0.0175,3.6000000000000014,0.5,5.0,traj,APE,max,0.22337283801576385
minimum_angle_penalty,0.2,0.01,0.1,1.0,2.0,0.175,0.0175,3.6000000000000014,0.5,5.0,traj,APE,rmse,0.08666780168974297
minimum_angle_penalty,0.2,0.01,0.1,1.0,2.0,0.175,0.0175,3.6000000000000014,0.5,5.0,traj,RPE,mean,0.053057576642176286
minimum_angle_penalty,0.2,0.01,0.1,1.0,2.0,0.175,0.0175,3.6000000000000014,0.5,5.0,traj,RPE,std_dev,0.03298373935704369
minimum_angle_penalty,0.2,0.01,0.1,1.0,2.0,0.175,0.0175,3.6000000000000014,0.5,5.0,traj,RPE,median,0.042656512798697636
minimum_angle_penalty,0.2,0.01,0.1,1.0,2.0,0.175,0.0175,3.6000000000000014,0.5,5.0,traj,RPE,min,0.01183871079222126
minimum_angle_penalty,0.2,0.01,0.1,1.0,2.0,0.175,0.0175,3.6000000000000014,0.5,5.0,traj,RPE,max,0.19647173667306575
minimum_angle_penalty,0.2,0.01,0.1,1.0,2.0,0.175,0.0175,3.6000000000000014,0.5,5.0,traj,RPE,rmse,0.0624742627096455
minimum_angle_penalty,0.2,0.01,0.1,1.0,2.0,0.175,0.0175,3.6000000000000014,0.5,5.0,traj,num associated poses,mean,27.4
minimum_angle_penalty,0.2,0.01,0.1,1.0,2.0,0.175,0.0175,3.6000000000000014,0.5,5.0,traj,num associated poses,std_dev,0.7999999999999999
minimum_angle_penalty,0.2,0.01,0.1,1.0,2.0,0.175,0.0175,3.6000000000000014,0.5,5.0,traj,num associated poses,median,28.0
minimum_angle_penalty,0.2,0.01,0.1,1.0,2.0,0.175,0.0175,3.6000000000000014,0.5,5.0,traj,num associated poses,min,26.0
minimum_angle_penalty,0.2,0.01,0.1,1.0,2.0,0.175,0.0175,3.6000000000000014,0.5,5.0,traj,num associated poses,max,28.0
minimum_angle_penalty,0.2,0.01,0.1,1.0,2.0,0.175,0.0175,3.6000000000000014,0.5,5.0,traj,num gt poses,mean,172.2
minimum_angle_penalty,0.2,0.01,0.1,1.0,2.0,0.175,0.0175,3.6000000000000014,0.5,5.0,traj,num gt poses,std_dev,1.6
minimum_angle_penalty,0.2,0.01,0.1,1.0,2.0,0.175,0.0175,3.6000000000000014,0.5,5.0,traj,num gt poses,median,172.0
minimum_angle_penalty,0.2,0.01,0.1,1.0,2.0,0.175,0.0175,3.6000000000000014,0.5,5.0,traj,num gt poses,min,170.0
minimum_angle_penalty,0.2,0.01,0.1,1.0,2.0,0.175,0.0175,3.6000000000000014,0.5,5.0,traj,num gt poses,max,174.0
minimum_angle_penalty,0.2,0.01,0.1,1.0,2.0,0.175,0.0175,3.6000000000000014,0.5,5.0,traj,odom accum path length (m),mean,11.548927
minimum_angle_penalty,0.2,0.01,0.1,1.0,2.0,0.175,0.0175,3.6000000000000014,0.5,5.0,traj,odom accum path length (m),std_dev,0.1134031797384886
minimum_angle_penalty,0.2,0.01,0.1,1.0,2.0,0.175,0.0175,3.6000000000000014,0.5,5.0,traj,odom accum path length (m),median,11.536958
minimum_angle_penalty,0.2,0.01,0.1,1.0,2.0,0.175,0.0175,3.6000000000000014,0.5,5.0,traj,odom accum path length (m),min,11.435788
minimum_angle_penalty,0.2,0.01,0.1,1.0,2.0,0.175,0.0175,3.6000000000000014,0.5,5.0,traj,odom accum path length (m),max,11.750905
minimum_angle_penalty,0.2,0.01,0.1,1.0,2.0,0.175,0.0175,3.6000000000000014,0.5,5.0,traj,total rotation (rad),mean,9.8518202
minimum_angle_penalty,0.2,0.01,0.1,1.0,2.0,0.175,0.0175,3.6000000000000014,0.5,5.0,traj,total rotation (rad),std_dev,0.6082894604460609
minimum_angle_penalty,0.2,0.01,0.1,1.0,2.0,0.175,0.0175,3.6000000000000014,0.5,5.0,traj,total rotation (rad),median,10.085937
minimum_angle_penalty,0.2,0.01,0.1,1.0,2.0,0.175,0.0175,3.6000000000000014,0.5,5.0,traj,total rotation (rad),min,8.968698
minimum_angle_penalty,0.2,0.01,0.1,1.0,2.0,0.175,0.0175,3.6000000000000014,0.5,5.0,traj,total rotation (rad),max,10.675424
minimum_angle_penalty,0.2,0.01,0.1,1.0,2.0,0.175,0.0175,3.6000000000000014,0.5,5.0,traj,duration (s),mean,23.6736
minimum_angle_penalty,0.2,0.01,0.1,1.0,2.0,0.175,0.0175,3.6000000000000014,0.5,5.0,traj,duration (s),std_dev,0.3682247139994829
minimum_angle_penalty,0.2,0.01,0.1,1.0,2.0,0.175,0.0175,3.6000000000000014,0.5,5.0,traj,duration (s),median,23.522999999999996
minimum_angle_penalty,0.2,0.01,0.1,1.0,2.0,0.175,0.0175,3.6000000000000014,0.5,5.0,traj,duration (s),min,23.207
minimum_angle_penalty,0.2,0.01,0.1,1.0,2.0,0.175,0.0175,3.6000000000000014,0.5,5.0,traj,duration (s),max,24.285000000000004
minimum_angle_penalty,0.2,0.01,0.1,1.0,2.0,0.175,0.0175,3.6000000000000014,0.5,5.0,completion,successes,count,5.0
minimum_angle_penalty,0.2,0.01,0.1,1.0,2.0,0.175,0.0175,3.6000000000000014,0.5,5.0,completion,failures,count,0.0
minimum_angle_penalty,0.2,0.01,0.1,1.0,2.0,0.175,0.0175,3.6000000000000014,0.5,5.0,completion,errors,count,0.0
minimum_angle_penalty,0.2,0.01,0.1,1.0,2.0,0.175,0.0175,3.6000000000000014,0.5,5.0,completion,data or metrics missing,count,0.0
minimum_angle_penalty,0.2,0.01,0.1,1.0,2.0,0.175,0.0175,3.6000000000000014,0.5,5.0,latency,latency,mean,0.0036131386861313866
minimum_angle_penalty,0.2,0.01,0.1,1.0,2.0,0.175,0.0175,3.6000000000000014,0.5,5.0,latency,latency,std_dev,0.0017267672643253692
minimum_angle_penalty,0.2,0.01,0.1,1.0,2.0,0.175,0.0175,3.6000000000000014,0.5,5.0,latency,latency,median,0.003
minimum_angle_penalty,0.2,0.01,0.1,1.0,2.0,0.175,0.0175,3.6000000000000014,0.5,5.0,latency,latency,min,0.0
minimum_angle_penalty,0.2,0.01,0.1,1.0,2.0,0.175,0.0175,3.6000000000000014,0.5,5.0,latency,latency,max,0.013000000000000001
minimum_angle_penalty,0.2,0.01,0.1,1.0,2.0,0.175,0.0175,3.6000000000000014,0.5,5.0,cov,trace,mean,0.0036877092198581564
minimum_angle_penalty,0.2,0.01,0.1,1.0,2.0,0.175,0.0175,3.6000000000000014,0.5,5.0,cov,trace,std_dev,0.0004108066194299655
minimum_angle_penalty,0.2,0.01,0.1,1.0,2.0,0.175,0.0175,3.6000000000000014,0.5,5.0,cov,trace,median,0.003533
minimum_angle_penalty,0.2,0.01,0.1,1.0,2.0,0.175,0.0175,3.6000000000000014,0.5,5.0,cov,trace,min,0.0032110000000000003
minimum_angle_penalty,0.2,0.01,0.1,1.0,2.0,0.175,0.0175,3.6000000000000014,0.5,5.0,cov,trace,max,0.005966
minimum_angle_penalty,0.2,0.01,0.1,1.0,2.0,0.175,0.0175,3.6000000000000014,0.5,5.0,cov,trace,rmse,0.003710520363614021
minimum_angle_penalty,0.2,0.01,0.1,1.0,2.0,0.175,0.0175,3.6000000000000014,0.5,5.0,cov,det,mean,1.9140030744680847e-10
minimum_angle_penalty,0.2,0.01,0.1,1.0,2.0,0.175,0.0175,3.6000000000000014,0.5,5.0,cov,det,std_dev,2.1091534612722288e-10
minimum_angle_penalty,0.2,0.01,0.1,1.0,2.0,0.175,0.0175,3.6000000000000014,0.5,5.0,cov,det,median,1.2534408600000036e-10
minimum_angle_penalty,0.2,0.01,0.1,1.0,2.0,0.175,0.0175,3.6000000000000014,0.5,5.0,cov,det,min,1.6772987999999994e-11
minimum_angle_penalty,0.2,0.01,0.1,1.0,2.0,0.175,0.0175,3.6000000000000014,0.5,5.0,cov,det,max,1.4365163699999984e-09
minimum_angle_penalty,0.2,0.01,0.1,1.0,2.0,0.175,0.0175,3.6000000000000014,0.5,5.0,cov,det,rmse,2.848146079868429e-10
minimum_angle_penalty,0.2,0.01,0.1,1.0,2.0,0.175,0.0175,5.091168824543145,0.5,5.0,traj,APE,mean,0.07153181457554667
minimum_angle_penalty,0.2,0.01,0.1,1.0,2.0,0.175,0.0175,5.091168824543145,0.5,5.0,traj,APE,std_dev,0.04497728778324617
minimum_angle_penalty,0.2,0.01,0.1,1.0,2.0,0.175,0.0175,5.091168824543145,0.5,5.0,traj,APE,median,0.05958274104839484
minimum_angle_penalty,0.2,0.01,0.1,1.0,2.0,0.175,0.0175,5.091168824543145,0.5,5.0,traj,APE,min,5.421010862427522e-20
minimum_angle_penalty,0.2,0.01,0.1,1.0,2.0,0.175,0.0175,5.091168824543145,0.5,5.0,traj,APE,max,0.18808512823651677
minimum_angle_penalty,0.2,0.01,0.1,1.0,2.0,0.175,0.0175,5.091168824543145,0.5,5.0,traj,APE,rmse,0.08449708227393023
minimum_angle_penalty,0.2,0.01,0.1,1.0,2.0,0.175,0.0175,5.091168824543145,0.5,5.0,traj,RPE,mean,0.053931673533316786
minimum_angle_penalty,0.2,0.01,0.1,1.0,2.0,0.175,0.0175,5.091168824543145,0.5,5.0,traj,RPE,std_dev,0.03726580591832637
minimum_angle_penalty,0.2,0.01,0.1,1.0,2.0,0.175,0.0175,5.091168824543145,0.5,5.0,traj,RPE,median,0.04018086482021038
minimum_angle_penalty,0.2,0.01,0.1,1.0,2.0,0.175,0.0175,5.091168824543145,0.5,5.0,traj,RPE,min,0.011220264292891944
minimum_angle_penalty,0.2,0.01,0.1,1.0,2.0,0.175,0.0175,5.091168824543145,0.5,5.0,traj,RPE,max,0.21899304039131356
minimum_angle_penalty,0.2,0.01,0.1,1.0,2.0,0.175,0.0175,5.091168824543145,0.5,5.0,traj,RPE,rmse,0.06555429582297892
minimum_angle_penalty,0.2,0.01,0.1,1.0,2.0,0.175,0.0175,5.091168824543145,0.5,5.0,traj,num associated poses,mean,27.6
minimum_angle_penalty,0.2,0.01,0.1,1.0,2.0,0.175,0.0175,5.091168824543145,0.5,5.0,traj,num associated poses,std_dev,1.0198039027185568
minimum_angle_penalty,0.2,0.01,0.1,1.0,2.0,0.175,0.0175,5.091168824543145,0.5,5.0,traj,num associated poses,median,28.0
minimum_angle_penalty,0.2,0.01,0.1,1.0,2.0,0.175,0.0175,5.091168824543145,0.5,5.0,traj,num associated poses,min,26.0
minimum_angle_penalty,0.2,0.01,0.1,1.0,2.0,0.175,0.0175,5.091168824543145,0.5,5.0,traj,num associated poses,max,29.0
minimum_angle_penalty,0.2,0.01,0.1,1.0,2.0,0.175,0.0175,5.091168824543145,0.5,5.0,traj,num gt poses,mean,177.8
minimum_angle_penalty,0.2,0.01,0.1,1.0,2.0,0.175,0.0175,5.091168824543145,0.5,5.0,traj,num gt poses,std_dev,6.305553108173778
minimum_angle_penalty,0.2,0.01,0.1,1.0,2.0,0.175,0.0175,5.091168824543145,0.5,5.0,traj,num gt poses,median,177.0
minimum_angle_penalty,0.2,0.01,0.1,1.0,2.0,0.175,0.0175,5.091168824543145,0.5,5.0,traj,num gt poses,min,170.0
minimum_angle_penalty,0.2,0.01,0.1,1.0,2.0,0.175,0.0175,5.091168824543145,0.5,5.0,traj,num gt poses,max,188.0
minimum_angle_penalty,0.2,0.01,0.1,1.0,2.0,0.175,0.0175,5.091168824543145,0.5,5.0,traj,odom accum path length (m),mean,11.579208
minimum_angle_penalty,0.2,0.01,0.1,1.0,2.0,0.175,0.0175,5.091168824543145,0.5,5.0,traj,odom accum path length (m),std_dev,0.14159227244592143
minimum_angle_penalty,0.2,0.01,0.1,1.0,2.0,0.175,0.0175,5.091168824543145,0.5,5.0,traj,odom accum path length (m),median,11.512601
minimum_angle_penalty,0.2,0.01,0.1,1.0,2.0,0.175,0.0175,5.091168824543145,0.5,5.0,traj,odom accum path length (m),min,11.41917
minimum_angle_penalty,0.2,0.01,0.1,1.0,2.0,0.175,0.0175,5.091168824543145,0.5,5.0,traj,odom accum path length (m),max,11.81916
minimum_angle_penalty,0.2,0.01,0.1,1.0,2.0,0.175,0.0175,5.091168824543145,0.5,5.0,traj,total rotation (rad),mean,10.096774200000002
minimum_angle_penalty,0.2,0.01,0.1,1.0,2.0,0.175,0.0175,5.091168824543145,0.5,5.0,traj,total rotation (rad),std_dev,0.6827468247953702
minimum_angle_penalty,0.2,0.01,0.1,1.0,2.0,0.175,0.0175,5.091168824543145,0.5,5.0,traj,total rotation (rad),median,10.091179
minimum_angle_penalty,0.2,0.01,0.1,1.0,2.0,0.175,0.0175,5.091168824543145,0.5,5.0,traj,total rotation (rad),min,9.152758
minimum_angle_penalty,0.2,0.01,0.1,1.0,2.0,0.175,0.0175,5.091168824543145,0.5,5.0,traj,total rotation (rad),max,11.271848
minimum_angle_penalty,0.2,0.01,0.1,1.0,2.0,0.175,0.0175,5.091168824543145,0.5,5.0,traj,duration (s),mean,24.430200000000003
minimum_angle_penalty,0.2,0.01,0.1,1.0,2.0,0.175,0.0175,5.091168824543145,0.5,5.0,traj,duration (s),std_dev,0.8135127288494024
minimum_angle_penalty,0.2,0.01,0.1,1.0,2.0,0.175,0.0175,5.091168824543145,0.5,5.0,traj,duration (s),median,24.391
minimum_angle_penalty,0.2,0.01,0.1,1.0,2.0,0.175,0.0175,5.091168824543145,0.5,5.0,traj,duration (s),min,23.506999999999998
minimum_angle_penalty,0.2,0.01,0.1,1.0,2.0,0.175,0.0175,5.091168824543145,0.5,5.0,traj,duration (s),max,25.682000000000002
minimum_angle_penalty,0.2,0.01,0.1,1.0,2.0,0.175,0.0175,5.091168824543145,0.5,5.0,completion,successes,count,5.0
minimum_angle_penalty,0.2,0.01,0.1,1.0,2.0,0.175,0.0175,5.091168824543145,0.5,5.0,completion,failures,count,0.0
minimum_angle_penalty,0.2,0.01,0.1,1.0,2.0,0.175,0.0175,5.091168824543145,0.5,5.0,completion,errors,count,0.0
minimum_angle_penalty,0.2,0.01,0.1,1.0,2.0,0.175,0.0175,5.091168824543145,0.5,5.0,completion,data or metrics missing,count,0.0
minimum_angle_penalty,0.2,0.01,0.1,1.0,2.0,0.175,0.0175,5.091168824543145,0.5,5.0,latency,latency,mean,0.005492753623188407
minimum_angle_penalty,0.2,0.01,0.1,1.0,2.0,0.175,0.0175,5.091168824543145,0.5,5.0,latency,latency,std_dev,0.004469293587490368
minimum_angle_penalty,0.2,0.01,0.1,1.0,2.0,0.175,0.0175,5.091168824543145,0.5,5.0,latency,latency,median,0.003
minimum_angle_penalty,0.2,0.01,0.1,1.0,2.0,0.175,0.0175,5.091168824543145,0.5,5.0,latency,latency,min,0.0
minimum_angle_penalty,0.2,0.01,0.1,1.0,2.0,0.175,0.0175,5.091168824543145,0.5,5.0,latency,latency,max,0.017
minimum_angle_penalty,0.2,0.01,0.1,1.0,2.0,0.175,0.0175,5.091168824543145,0.5,5.0,cov,trace,mean,0.003439737588652482
minimum_angle_penalty,0.2,0.01,0.1,1.0,2.0,0.175,0.0175,5.091168824543145,0.5,5.0,cov,trace,std_dev,0.0005116159858291055
minimum_angle_penalty,0.2,0.01,0.1,1.0,2.0,0.175,0.0175,5.091168824543145,0.5,5.0,cov,trace,median,0.003318
minimum_angle_penalty,0.2,0.01,0.1,1.0,2.0,0.175,0.0175,5.091168824543145,0.5,5.0,cov,trace,min,0.003161
minimum_angle_penalty,0.2,0.01,0.1,1.0,2.0,0.175,0.0175,5.091168824543145,0.5,5.0,cov,trace,max,0.007287
minimum_angle_penalty,0.2,0.01,0.1,1.0,2.0,0.175,0.0175,5.091168824543145,0.5,5.0,cov,trace,rmse,0.0034775775470497683
minimum_angle_penalty,0.2,0.01,0.1,1.0,2.0,0.175,0.0175,5.091168824543145,0.5,5.0,cov,det,mean,6.65065372765957e-11
minimum_angle_penalty,0.2,0.01,0.1,1.0,2.0,0.175,0.0175,5.091168824543145,0.5,5.0,cov,det,std_dev,1.4149107752922464e-10
minimum_angle_penalty,0.2,0.01,0.1,1.0,2.0,0.175,0.0175,5.091168824543145,0.5,5.0,cov,det,median,3.5944304999999933e-11
minimum_angle_penalty,0.2,0.01,0.1,1.0,2.0,0.175,0.0175,5.091168824543145,0.5,5.0,cov,det,min,7.047963000000005e-12
minimum_angle_penalty,0.2,0.01,0.1,1.0,2.0,0.175,0.0175,5.091168824543145,0.5,5.0,cov,det,max,1.3502531009999982e-09
minimum_angle_penalty,0.2,0.01,0.1,1.0,2.0,0.175,0.0175,5.091168824543145,0.5,5.0,cov,det,rmse,1.5634207533771666e-10
minimum_distance_penalty,0.2,0.01,0.1,1.0,2.0,0.175,0.0175,0.9,0.0883883476483184,5.0,traj,APE,mean,0.06355574312027171
minimum_distance_penalty,0.2,0.01,0.1,1.0,2.0,0.175,0.0175,0.9,0.0883883476483184,5.0,traj,APE,std_dev,0.04281841426963324
minimum_distance_penalty,0.2,0.01,0.1,1.0,2.0,0.175,0.0175,0.9,0.0883883476483184,5.0,traj,APE,median,0.052302387942899556
minimum_distance_penalty,0.2,0.01,0.1,1.0,2.0,0.175,0.0175,0.9,0.0883883476483184,5.0,traj,APE,min,5.421010862427522e-20
minimum_distance_penalty,0.2,0.01,0.1,1.0,2.0,0.175,0.0175,0.9,0.0883883476483184,5.0,traj,APE,max,0.2354776140337
minimum_distance_penalty,0.2,0.01,0.1,1.0,2.0,0.175,0.0175,0.9,0.0883883476483184,5.0,traj,APE,rmse,0.07663386382100211
minimum_distance_penalty,0.2,0.01,0.1,1.0,2.0,0.175,0.0175,0.9,0.0883883476483184,5.0,traj,RPE,mean,0.05102230084904004
minimum_distance_penalty,0.2,0.01,0.1,1.0,2.0,0.175,0.0175,0.9,0.0883883476483184,5.0,traj,RPE,std_dev,0.02952760228801808
minimum_distance_penalty,0.2,0.01,0.1,1.0,2.0,0.175,0.0175,0.9,0.0883883476483184,5.0,traj,RPE,median,0.04484690794708706
minimum_distance_penalty,0.2,0.01,0.1,1.0,2.0,0.175,0.0175,0.9,0.0883883476483184,5.0,traj,RPE,min,0.013937322534119183
minimum_distance_penalty,0.2,0.01,0.1,1.0,2.0,0.175,0.0175,0.9,0.0883883476483184,5.0,traj,RPE,max,0.1737444649728173
minimum_distance_penalty,0.2,0.01,0.1,1.0,2.0,0.175,0.0175,0.9,0.0883883476483184,5.0,traj,RPE,rmse,0.058950440887319266
minimum_distance_penalty,0.2,0.01,0.1,1.0,2.0,0.175,0.0175,0.9,0.0883883476483184,5.0,traj,num associated poses,mean,27.4
minimum_distance_penalty,0.2,0.01,0.1,1.0,2.0,0.175,0.0175,0.9,0.0883883476483184,5.0,traj,num associated poses,std_dev,0.4898979485566356
minimum_distance_penalty,0.2,0.01,0.1,1.0,2.0,0.175,0.0175,0.9,0.0883883476483184,5.0,traj,num associated poses,median,27.0
minimum_distance_penalty,0.2,0.01,0.1,1.0,2.0,0.175,0.0175,0.9,0.0883883476483184,5.0,traj,num associated poses,min,27.0
minimum_distance_penalty,0.2,0.01,0.1,1.0,2.0,0.175,0.0175,0.9,0.0883883476483184,5.0,traj,num associated poses,max,28.0
minimum_distance_penalty,0.2,0.01,0.1,1.0,2.0,0.175,0.0175,0.9,0.0883883476483184,5.0,traj,num gt poses,mean,172.2
minimum_distance_penalty,0.2,0.01,0.1,1.0,2.0,0.175,0.0175,0.9,0.0883883476483184,5.0,traj,num gt poses,std_dev,1.7204650534085253
minimum_distance_penalty,0.2,0.01,0.1,1.0,2.0,0.175,0.0175,0.9,0.0883883476483184,5.0,traj,num gt poses,median,172.0
minimum_distance_penalty,0.2,0.01,0.1,1.0,2.0,0.175,0.0175,0.9,0.0883883476483184,5.0,traj,num gt poses,min,170.0
minimum_distance_penalty,0.2,0.01,0.1,1.0,2.0,0.175,0.0175,0.9,0.0883883476483184,5.0,traj,num gt poses,max,175.0
minimum_distance_penalty,0.2,0.01,0.1,1.0,2.0,0.175,0.0175,0.9,0.0883883476483184,5.0,traj,odom accum path length (m),mean,11.515535800000002
minimum_distance_penalty,0.2,0.01,0.1,1.0,2.0,0.175,0.0175,0.9,0.0883883476483184,5.0,traj,odom accum path length (m),std_dev,0.04141519544032067
minimum_distance_penalty,0.2,0.01,0.1,1.0,2.0,0.175,0.0175,0.9,0.0883883476483184,5.0,traj,odom accum path length (m),median,11.503685
minimum_distance_penalty,0.2,0.01,0.1,1.0,2.0,0.175,0.0175,0.9,0.0883883476483184,5.0,traj,odom accum path length (m),min,11.470394
minimum_distance_penalty,0.2,0.01,0.1,1.0,2.0,0.175,0.0175,0.9,0.0883883476483184,5.0,traj,odom accum path length (m),max,11.591273
minimum_distance_penalty,0.2,0.01,0.1,1.0,2.0,0.175,0.0175,0.9,0.0883883476483184,5.0,traj,total rotation (rad),mean,9.1694824
minimum_distance_penalty,0.2,0.01,0.1,1.0,2.0,0.175,0.0175,0.9,0.0883883476483184,5.0,traj,total rotation (rad),std_dev,0.3398032083218757
minimum_distance_penalty,0.2,0.01,0.1,1.0,2.0,0.175,0.0175,0.9,0.0883883476483184,5.0,traj,total rotation (rad),median,8.984702
minimum_distance_penalty,0.2,0.01,0.1,1.0,2.0,0.175,0.0175,0.9,0.0883883476483184,5.0,traj,total rotation (rad),min,8.856575
minimum_distance_penalty,0.2,0.01,0.1,1.0,2.0,0.175,0.0175,0.9,0.0883883476483184,5.0,traj,total rotation (rad),max,9.771578
minimum_distance_penalty,0.2,0.01,0.1,1.0,2.0,0.175,0.0175,0.9,0.0883883476483184,5.0,traj,duration (s),mean,23.5956
minimum_distance_penalty,0.2,0.01,0.1,1.0,2.0,0.175,0.0175,0.9,0.0883883476483184,5.0,traj,duration (s),std_dev,0.18853922668771106
minimum_distance_penalty,0.2,0.01,0.1,1.0,2.0,0.175,0.0175,0.9,0.0883883476483184,5.0,traj,duration (s),median,23.581000000000003
minimum_distance_penalty,0.2,0.01,0.1,1.0,2.0,0.175,0.0175,0.9,0.0883883476483184,5.0,traj,duration (s),min,23.378999999999998
minimum_distance_penalty,0.2,0.01,0.1,1.0,2.0,0.175,0.0175,0.9,0.0883883476483184,5.0,traj,duration (s),max,23.901
minimum_distance_penalty,0.2,0.01,0.1,1.0,2.0,0.175,0.0175,0.9,0.0883883476483184,5.0,completion,successes,count,5.0
minimum_distance_penalty,0.2,0.01,0.1,1.0,2.0,0.175,0.0175,0.9,0.0883883476483184,5.0,completion,failures,count,0.0
minimum_distance_penalty,0.2,0.01,0.1,1.0,2.0,0.175,0.0175,0.9,0.0883883476483184,5.0,completion,errors,count,0.0
minimum_distance_penalty,0.2,0.01,0.1,1.0,2.0,0.175,0.0175,0.9,0.0883883476483184,5.0,completion,data or metrics missing,count,0.0
minimum_distance_penalty,0.2,0.01,0.1,1.0,2.0,0.175,0.0175,0.9,0.0883883476483184,5.0,latency,latency,mean,0.0038686131386861315
minimum_distance_penalty,0.2,0.01,0.1,1.0,2.0,0.175,0.0175,0.9,0.0883883476483184,5.0,latency,latency,std_dev,0.003542891553289138
minimum_distance_penalty,0.2,0.01,0.1,1.0,2.0,0.175,0.0175,0.9,0.0883883476483184,5.0,latency,latency,median,0.003
minimum_distance_penalty,0.2,0.01,0.1,1.0,2.0,0.175,0.0175,0.9,0.0883883476483184,5.0,latency,latency,min,0.0
minimum_distance_penalty,0.2,0.01,0.1,1.0,2.0,0.175,0.0175,0.9,0.0883883476483184,5.0,latency,latency,max,0.016
minimum_distance_penalty,0.2,0.01,0.1,1.0,2.0,0.175,0.0175,0.9,0.0883883476483184,5.0,cov,trace,mean,0.00544175352112676
minimum_distance_penalty,0.2,0.01,0.1,1.0,2.0,0.175,0.0175,0.9,0.0883883476483184,5.0,cov,trace,std_dev,0.0013539073458771083
minimum_distance_penalty,0.2,0.01,0.1,1.0,2.0,0.175,0.0175,0.9,0.0883883476483184,5.0,cov,trace,median,0.0049965
minimum_distance_penalty,0.2,0.01,0.1,1.0,2.0,0.175,0.0175,0.9,0.0883883476483184,5.0,cov,trace,min,0.002522
minimum_distance_penalty,0.2,0.01,0.1,1.0,2.0,0.175,0.0175,0.9,0.0883883476483184,5.0,cov,trace,max,0.009592000000000002
minimum_distance_penalty,0.2,0.01,0.1,1.0,2.0,0.175,0.0175,0.9,0.0883883476483184,5.0,cov,trace,rmse,0.005607650710049217
minimum_distance_penalty,0.2,0.01,0.1,1.0,2.0,0.175,0.0175,0.9,0.0883883476483184,5.0,cov,det,mean,3.3919104066197163e-10
minimum_distance_penalty,0.2,0.01,0.1,1.0,2.0,0.175,0.0175,0.9,0.0883883476483184,5.0,cov,det,std_dev,2.355605924847486e-10
minimum_distance_penalty,0.2,0.01,0.1,1.0,2.0,0.175,0.0175,0.9,0.0883883476483184,5.0,cov,det,median,2.7710284200000024e-10
minimum_distance_penalty,0.2,0.01,0.1,1.0,2.0,0.175,0.0175,0.9,0.0883883476483184,5.0,cov,det,min,6.730803199999982e-11
minimum_distance_penalty,0.2,0.01,0.1,1.0,2.0,0.175,0.0175,0.9,0.0883883476483184,5.0,cov,det,max,1.237109585000001e-09
minimum_distance_penalty,0.2,0.01,0.1,1.0,2.0,0.175,0.0175,0.9,0.0883883476483184,5.0,cov,det,rmse,4.129641083642949e-10
minimum_distance_penalty,0.2,0.01,0.1,1.0,2.0,0.175,0.0175,0.9,0.12499999999999996,5.0,traj,APE,mean,0.07468047095015401
minimum_distance_penalty,0.2,0.01,0.1,1.0,2.0,0.175,0.0175,0.9,0.12499999999999996,5.0,traj,APE,std_dev,0.04898713594506486
minimum_distance_penalty,0.2,0.01,0.1,1.0,2.0,0.175,0.0175,0.9,0.12499999999999996,5.0,traj,APE,median,0.05798461935798348
minimum_distance_penalty,0.2,0.01,0.1,1.0,2.0,0.175,0.0175,0.9,0.12499999999999996,5.0,traj,APE,min,1.0842021724855044e-19
minimum_distance_penalty,0.2,0.01,0.1,1.0,2.0,0.175,0.0175,0.9,0.12499999999999996,5.0,traj,APE,max,0.2212040716401003
minimum_distance_penalty,0.2,0.01,0.1,1.0,2.0,0.175,0.0175,0.9,0.12499999999999996,5.0,traj,APE,rmse,0.08931356128515458
minimum_distance_penalty,0.2,0.01,0.1,1.0,2.0,0.175,0.0175,0.9,0.12499999999999996,5.0,traj,RPE,mean,0.05094989755831021
minimum_distance_penalty,0.2,0.01,0.1,1.0,2.0,0.175,0.0175,0.9,0.12499999999999996,5.0,traj,RPE,std_dev,0.026811063049545555
minimum_distance_penalty,0.2,0.01,0.1,1.0,2.0,0.175,0.0175,0.9,0.12499999999999996,5.0,traj,RPE,median,0.04397809397158516
minimum_distance_penalty,0.2,0.01,0.1,1.0,2.0,0.175,0.0175,0.9,0.12499999999999996,5.0,traj,RPE,min,0.011931832004249387
minimum_distance_penalty,0.2,0.01,0.1,1.0,2.0,0.175,0.0175,0.9,0.12499999999999996,5.0,traj,RPE,max,0.1370058560944437
minimum_distance_penalty,0.2,0.01,0.1,1.0,2.0,0.175,0.0175,0.9,0.12499999999999996,5.0,traj,RPE,rmse,0.05757364990209506
minimum_distance_penalty,0.2,0.01,0.1,1.0,2.0,0.175,0.0175,0.9,0.12499999999999996,5.0,traj,num associated poses,mean,27.4
minimum_distance_penalty,0.2,0.01,0.1,1.0,2.0,0.175,0.0175,0.9,0.12499999999999996,5.0,traj,num associated poses,std_dev,0.8
minimum_distance_penalty,0.2,0.01,0.1,1.0,2.0,0.175,0.0175,0.9,0.12499999999999996,5.0,traj,num associated poses,median,27.0
minimum_distance_penalty,0.2,0.01,0.1,1.0,2.0,0.175,0.0175,0.9,0.12499999999999996,5.0,traj,num associated poses,min,27.0
minimum_distance_penalty,0.2,0.01,0.1,1.0,2.0,0.175,0.0175,0.9,0.12499999999999996,5.0,traj,num associated poses,max,29.0
minimum_distance_penalty,0.2,0.01,0.1,1.0,2.0,0.175,0.0175,0.9,0.12499999999999996,5.0,traj,num gt poses,mean,172.4
minimum_distance_penalty,0.2,0.01,0.1,1.0,2.0,0.175,0.0175,0.9,0.12499999999999996,5.0,traj,num gt poses,std_dev,3.1368774282716245
minimum_distance_penalty,0.2,0.01,0.1,1.0,2.0,0.175,0.0175,0.9,0.12499999999999996,5.0,traj,num gt poses,median,172.0
minimum_distance_penalty,0.2,0.01,0.1,1.0,2.0,0.175,0.0175,0.9,0.12499999999999996,5.0,traj,num gt poses,min,169.0
minimum_distance_penalty,0.2,0.01,0.1,1.0,2.0,0.175,0.0175,0.9,0.12499999999999996,5.0,traj,num gt poses,max,178.0
minimum_distance_penalty,0.2,0.01,0.1,1.0,2.0,0.175,0.0175,0.9,0.12499999999999996,5.0,traj,odom accum path length (m),mean,11.550538800000002
minimum_distance_penalty,0.2,0.01,0.1,1.0,2.0,0.175,0.0175,0.9,0.12499999999999996,5.0,traj,odom accum path length (m),std_dev,0.11802451675715553
minimum_distance_penalty,0.2,0.01,0.1,1.0,2.0,0.175,0.0175,0.9,0.12499999999999996,5.0,traj,odom accum path length (m),median,11.511579
minimum_distance_penalty,0.2,0.01,0.1,1.0,2.0,0.175,0.0175,0.9,0.12499999999999996,5.0,traj,odom accum path length (m),min,11.463582
minimum_distance_penalty,0.2,0.01,0.1,1.0,2.0,0.175,0.0175,0.9,0.12499999999999996,5.0,traj,odom accum path length (m),max,11.782794
minimum_distance_penalty,0.2,0.01,0.1,1.0,2.0,0.175,0.0175,0.9,0.12499999999999996,5.0,traj,total rotation (rad),mean,9.8397322
minimum_distance_penalty,0.2,0.01,0.1,1.0,2.0,0.175,0.0175,0.9,0.12499999999999996,5.0,traj,total rotation (rad),std_dev,0.7394781779761728
minimum_distance_penalty,0.2,0.01,0.1,1.0,2.0,0.175,0.0175,0.9,0.12499999999999996,5.0,traj,total rotation (rad),median,9.376265
minimum_distance_penalty,0.2,0.01,0.1,1.0,2.0,0.175,0.0175,0.9,0.12499999999999996,5.0,traj,total rotation (rad),min,9.128227
minimum_distance_penalty,0.2,0.01,0.1,1.0,2.0,0.175,0.0175,0.9,0.12499999999999996,5.0,traj,total rotation (rad),max,11.115906
minimum_distance_penalty,0.2,0.01,0.1,1.0,2.0,0.175,0.0175,0.9,0.12499999999999996,5.0,traj,duration (s),mean,23.694200000000002
minimum_distance_penalty,0.2,0.01,0.1,1.0,2.0,0.175,0.0175,0.9,0.12499999999999996,5.0,traj,duration (s),std_dev,0.38393041036104475
minimum_distance_penalty,0.2,0.01,0.1,1.0,2.0,0.175,0.0175,0.9,0.12499999999999996,5.0,traj,duration (s),median,23.554000000000002
minimum_distance_penalty,0.2,0.01,0.1,1.0,2.0,0.175,0.0175,0.9,0.12499999999999996,5.0,traj,duration (s),min,23.316000000000003
minimum_distance_penalty,0.2,0.01,0.1,1.0,2.0,0.175,0.0175,0.9,0.12499999999999996,5.0,traj,duration (s),max,24.426000000000002
minimum_distance_penalty,0.2,0.01,0.1,1.0,2.0,0.175,0.0175,0.9,0.12499999999999996,5.0,completion,successes,count,5.0
minimum_distance_penalty,0.2,0.01,0.1,1.0,2.0,0.175,0.0175,0.9,0.12499999999999996,5.0,completion,failures,count,0.0
minimum_distance_penalty,0.2,0.01,0.1,1.0,2.0,0.175,0.0175,0.9,0.12499999999999996,5.0,completion,errors,count,0.0
minimum_distance_penalty,0.2,0.01,0.1,1.0,2.0,0.175,0.0175,0.9,0.12499999999999996,5.0,completion,data or metrics missing,count,0.0
minimum_distance_penalty,0.2,0.01,0.1,1.0,2.0,0.175,0.0175,0.9,0.12499999999999996,5.0,latency,latency,mean,0.005540145985401461
minimum_distance_penalty,0.2,0.01,0.1,1.0,2.0,0.175,0.0175,0.9,0.12499999999999996,5.0,latency,latency,std_dev,0.004696659161356968
minimum_distance_penalty,0.2,0.01,0.1,1.0,2.0,0.175,0.0175,0.9,0.12499999999999996,5.0,latency,latency,median,0.003
minimum_distance_penalty,0.2,0.01,0.1,1.0,2.0,0.175,0.0175,0.9,0.12499999999999996,5.0,latency,latency,min,0.0
minimum_distance_penalty,0.2,0.01,0.1,1.0,2.0,0.175,0.0175,0.9,0.12499999999999996,5.0,latency,latency,max,0.018000000000000002
minimum_distance_penalty,0.2,0.01,0.1,1.0,2.0,0.175,0.0175,0.9,0.12499999999999996,5.0,cov,trace,mean,0.0055721
minimum_distance_penalty,0.2,0.01,0.1,1.0,2.0,0.175,0.0175,0.9,0.12499999999999996,5.0,cov,trace,std_dev,0.0017966486948920045
minimum_distance_penalty,0.2,0.01,0.1,1.0,2.0,0.175,0.0175,0.9,0.12499999999999996,5.0,cov,trace,median,0.0050965
minimum_distance_penalty,0.2,0.01,0.1,1.0,2.0,0.175,0.0175,0.9,0.12499999999999996,5.0,cov,trace,min,0.002897
minimum_distance_penalty,0.2,0.01,0.1,1.0,2.0,0.175,0.0175,0.9,0.12499999999999996,5.0,cov,trace,max,0.018769
minimum_distance_penalty,0.2,0.01,0.1,1.0,2.0,0.175,0.0175,0.9,0.12499999999999996,5.0,cov,trace,rmse,0.0058545917827682184
minimum_distance_penalty,0.2,0.01,0.1,1.0,2.0,0.175,0.0175,0.9,0.12499999999999996,5.0,cov,det,mean,3.5798813703571417e-10
minimum_distance_penalty,0.2,0.01,0.1,1.0,2.0,0.175,0.0175,0.9,0.12499999999999996,5.0,cov,det,std_dev,2.7495995940503926e-10
minimum_distance_penalty,0.2,0.01,0.1,1.0,2.0,0.175,0.0175,0.9,0.12499999999999996,5.0,cov,det,median,2.6418206449999983e-10
minimum_distance_penalty,0.2,0.01,0.1,1.0,2.0,0.175,0.0175,0.9,0.12499999999999996,5.0,cov,det,min,8.480099799999989e-11
minimum_distance_penalty,0.2,0.01,0.1,1.0,2.0,0.175,0.0175,0.9,0.12499999999999996,5.0,cov,det,max,1.6342441650000004e-09
minimum_distance_penalty,0.2,0.01,0.1,1.0,2.0,0.175,0.0175,0.9,0.12499999999999996,5.0,cov,det,rmse,4.513961514394225e-10
minimum_distance_penalty,0.2,0.01,0.1,1.0,2.0,0.175,0.0175,0.9,0.17677669529663684,5.0,traj,APE,mean,0.06544518676917098
minimum_distance_penalty,0.2,0.01,0.1,1.0,2.0,0.175,0.0175,0.9,0.17677669529663684,5.0,traj,APE,std_dev,0.03744707423282747
minimum_distance_penalty,0.2,0.01,0.1,1.0,2.0,0.175,0.0175,0.9,0.17677669529663684,5.0,traj,APE,median,0.057978095816004924
minimum_distance_penalty,0.2,0.01,0.1,1.0,2.0,0.175,0.0175,0.9,0.17677669529663684,5.0,traj,APE,min,9.215718466126788e-19
minimum_distance_penalty,0.2,0.01,0.1,1.0,2.0,0.175,0.0175,0.9,0.17677669529663684,5.0,traj,APE,max,0.2059328191619763
minimum_distance_penalty,0.2,0.01,0.1,1.0,2.0,0.175,0.0175,0.9,0.17677669529663684,5.0,traj,APE,rmse,0.07540129866156525
minimum_distance_penalty,0.2,0.01,0.1,1.0,2.0,0.175,0.0175,0.9,0.17677669529663684,5.0,traj,RPE,mean,0.04625139610970999
minimum_distance_penalty,0.2,0.01,0.1,1.0,2.0,0.175,0.0175,0.9,0.17677669529663684,5.0,traj,RPE,std_dev,0.024627879255011944
minimum_distance_penalty,0.2,0.01,0.1,1.0,2.0,0.175,0.0175,0.9,0.17677669529663684,5.0,traj,RPE,median,0.04209298453276221
minimum_distance_penalty,0.2,0.01,0.1,1.0,2.0,0.175,0.0175,0.9,0.17677669529663684,5.0,traj,RPE,min,0.012643592695330528
minimum_distance_penalty,0.2,0.01,0.1,1.0,2.0,0.175,0.0175,0.9,0.17677669529663684,5.0,traj,RPE,max,0.15169344670542098
minimum_distance_penalty,0.2,0.01,0.1,1.0,2.0,0.175,0.0175,0.9,0.17677669529663684,5.0,traj,RPE,rmse,0.0523996572383517
minimum_distance_penalty,0.2,0.01,0.1,1.0,2.0,0.175,0.0175,0.9,0.17677669529663684,5.0,traj,num associated poses,mean,27.4
minimum_distance_penalty,0.2,0.01,0.1,1.0,2.0,0.175,0.0175,0.9,0.17677669529663684,5.0,traj,num associated poses,std_dev,0.7999999999999999
minimum_distance_penalty,0.2,0.01,0.1,1.0,2.0,0.175,0.0175,0.9,0.17677669529663684,5.0,traj,num associated poses,median,28.0
minimum_distance_penalty,0.2,0.01,0.1,1.0,2.0,0.175,0.0175,0.9,0.17677669529663684,5.0,traj,num associated poses,min,26.0
minimum_distance_penalty,0.2,0.01,0.1,1.0,2.0,0.175,0.0175,0.9,0.17677669529663684,5.0,traj,num associated poses,max,28.0
minimum_distance_penalty,0.2,0.01,0.1,1.0,2.0,0.175,0.0175,0.9,0.17677669529663684,5.0,traj,num gt poses,mean,171.4
minimum_distance_penalty,0.2,0.01,0.1,1.0,2.0,0.175,0.0175,0.9,0.17677669529663684,5.0,traj,num gt poses,std_dev,1.019803902718557
minimum_distance_penalty,0.2,0.01,0.1,1.0,2.0,0.175,0.0175,0.9,0.17677669529663684,5.0,traj,num gt poses,median,171.0
minimum_distance_penalty,0.2,0.01,0.1,1.0,2.0,0.175,0.0175,0.9,0.17677669529663684,5.0,traj,num gt poses,min,170.0
minimum_distance_penalty,0.2,0.01,0.1,1.0,2.0,0.175,0.0175,0.9,0.17677669529663684,5.0,traj,num gt poses,max,173.0
minimum_distance_penalty,0.2,0.01,0.1,1.0,2.0,0.175,0.0175,0.9,0.17677669529663684,5.0,traj,odom accum path length (m),mean,11.4712768
minimum_distance_penalty,0.2,0.01,0.1,1.0,2.0,0.175,0.0175,0.9,0.17677669529663684,5.0,traj,odom accum path length (m),std_dev,0.025000844892922744
minimum_distance_penalty,0.2,0.01,0.1,1.0,2.0,0.175,0.0175,0.9,0.17677669529663684,5.0,traj,odom accum path length (m),median,11.471179
minimum_distance_penalty,0.2,0.01,0.1,1.0,2.0,0.175,0.0175,0.9,0.17677669529663684,5.0,traj,odom accum path length (m),min,11.444515
minimum_distance_penalty,0.2,0.01,0.1,1.0,2.0,0.175,0.0175,0.9,0.17677669529663684,5.0,traj,odom accum path length (m),max,11.514194
minimum_distance_penalty,0.2,0.01,0.1,1.0,2.0,0.175,0.0175,0.9,0.17677669529663684,5.0,traj,total rotation (rad),mean,9.2102016
minimum_distance_penalty,0.2,0.01,0.1,1.0,2.0,0.175,0.0175,0.9,0.17677669529663684,5.0,traj,total rotation (rad),std_dev,0.20016149720223406
minimum_distance_penalty,0.2,0.01,0.1,1.0,2.0,0.175,0.0175,0.9,0.17677669529663684,5.0,traj,total rotation (rad),median,9.093179
minimum_distance_penalty,0.2,0.01,0.1,1.0,2.0,0.175,0.0175,0.9,0.17677669529663684,5.0,traj,total rotation (rad),min,9.005066
minimum_distance_penalty,0.2,0.01,0.1,1.0,2.0,0.175,0.0175,0.9,0.17677669529663684,5.0,traj,total rotation (rad),max,9.511019
minimum_distance_penalty,0.2,0.01,0.1,1.0,2.0,0.175,0.0175,0.9,0.17677669529663684,5.0,traj,duration (s),mean,23.478599999999997
minimum_distance_penalty,0.2,0.01,0.1,1.0,2.0,0.175,0.0175,0.9,0.17677669529663684,5.0,traj,duration (s),std_dev,0.10867308774485028
minimum_distance_penalty,0.2,0.01,0.1,1.0,2.0,0.175,0.0175,0.9,0.17677669529663684,5.0,traj,duration (s),median,23.448999999999998
minimum_distance_penalty,0.2,0.01,0.1,1.0,2.0,0.175,0.0175,0.9,0.17677669529663684,5.0,traj,duration (s),min,23.307000000000002
minimum_distance_penalty,0.2,0.01,0.1,1.0,2.0,0.175,0.0175,0.9,0.17677669529663684,5.0,traj,duration (s),max,23.6
minimum_distance_penalty,0.2,0.01,0.1,1.0,2.0,0.175,0.0175,0.9,0.17677669529663684,5.0,completion,successes,count,5.0
minimum_distance_penalty,0.2,0.01,0.1,1.0,2.0,0.175,0.0175,0.9,0.17677669529663684,5.0,completion,failures,count,0.0
minimum_distance_penalty,0.2,0.01,0.1,1.0,2.0,0.175,0.0175,0.9,0.17677669529663684,5.0,completion,errors,count,0.0
minimum_distance_penalty,0.2,0.01,0.1,1.0,2.0,0.175,0.0175,0.9,0.17677669529663684,5.0,completion,data or metrics missing,count,0.0
minimum_distance_penalty,0.2,0.01,0.1,1.0,2.0,0.175,0.0175,0.9,0.17677669529663684,5.0,latency,latency,mean,0.0036715328467153284
minimum_distance_penalty,0.2,0.01,0.1,1.0,2.0,0.175,0.0175,0.9,0.17677669529663684,5.0,latency,latency,std_dev,0.0019709921509585148
minimum_distance_penalty,0.2,0.01,0.1,1.0,2.0,0.175,0.0175,0.9,0.17677669529663684,5.0,latency,latency,median,0.003
minimum_distance_penalty,0.2,0.01,0.1,1.0,2.0,0.175,0.0175,0.9,0.17677669529663684,5.0,latency,latency,min,0.0
minimum_distance_penalty,0.2,0.01,0.1,1.0,2.0,0.175,0.0175,0.9,0.17677669529663684,5.0,latency,latency,max,0.009000000000000001
minimum_distance_penalty,0.2,0.01,0.1,1.0,2.0,0.175,0.0175,0.9,0.17677669529663684,5.0,cov,trace,mean,0.00539435
minimum_distance_penalty,0.2,0.01,0.1,1.0,2.0,0.175,0.0175,0.9,0.17677669529663684,5.0,cov,trace,std_dev,0.0015338105998041049
minimum_distance_penalty,0.2,0.01,0.1,1.0,2.0,0.175,0.0175,0.9,0.17677669529663684,5.0,cov,trace,median,0.004932000000000001
minimum_distance_penalty,0.2,0.01,0.1,1.0,2.0,0.175,0.0175,0.9,0.17677669529663684,5.0,cov,trace,min,0.0024839999999999997
minimum_distance_penalty,0.2,0.01,0.1,1.0,2.0,0.175,0.0175,0.9,0.17677669529663684,5.0,cov,trace,max,0.011538
minimum_distance_penalty,0.2,0.01,0.1,1.0,2.0,0.175,0.0175,0.9,0.17677669529663684,5.0,cov,trace,rmse,0.005608171438051037
minimum_distance_penalty,0.2,0.01,0.1,1.0,2.0,0.175,0.0175,0.9,0.17677669529663684,5.0,cov,det,mean,3.4396188567857135e-10
minimum_distance_penalty,0.2,0.01,0.1,1.0,2.0,0.175,0.0175,0.9,0.17677669529663684,5.0,cov,det,std_dev,3.284820099311456e-10
minimum_distance_penalty,0.2,0.01,0.1,1.0,2.0,0.175,0.0175,0.9,0.17677669529663684,5.0,cov,det,median,2.4986932849999947e-10
minimum_distance_penalty,0.2,0.01,0.1,1.0,2.0,0.175,0.0175,0.9,0.17677669529663684,5.0,cov,det,min,6.344447899999996e-11
minimum_distance_penalty,0.2,0.01,0.1,1.0,2.0,0.175,0.0175,0.9,0.17677669529663684,5.0,cov,det,max,2.7518113410000022e-09
minimum_distance_penalty,0.2,0.01,0.1,1.0,2.0,0.175,0.0175,0.9,0.17677669529663684,5.0,cov,det,rmse,4.756156112323941e-10
minimum_distance_penalty,0.2,0.01,0.1,1.0,2.0,0.175,0.0175,0.9,0.24999999999999994,5.0,traj,APE,mean,0.08409980806660051
minimum_distance_penalty,0.2,0.01,0.1,1.0,2.0,0.175,0.0175,0.9,0.24999999999999994,5.0,traj,APE,std_dev,0.06066985669630143
minimum_distance_penalty,0.2,0.01,0.1,1.0,2.0,0.175,0.0175,0.9,0.24999999999999994,5.0,traj,APE,median,0.06247430727835458
minimum_distance_penalty,0.2,0.01,0.1,1.0,2.0,0.175,0.0175,0.9,0.24999999999999994,5.0,traj,APE,min,5.421010862427522e-20
minimum_distance_penalty,0.2,0.01,0.1,1.0,2.0,0.175,0.0175,0.9,0.24999999999999994,5.0,traj,APE,max,0.2724016613961281
minimum_distance_penalty,0.2,0.01,0.1,1.0,2.0,0.175,0.0175,0.9,0.24999999999999994,5.0,traj,APE,rmse,0.1036996105508058
minimum_distance_penalty,0.2,0.01,0.1,1.0,2.0,0.175,0.0175,0.9,0.24999999999999994,5.0,traj,RPE,mean,0.04867411499055651
minimum_distance_penalty,0.2,0.01,0.1,1.0,2.0,0.175,0.0175,0.9,0.24999999999999994,5.0,traj,RPE,std_dev,0.023408019189189923
minimum_distance_penalty,0.2,0.01,0.1,1.0,2.0,0.175,0.0175,0.9,0.24999999999999994,5.0,traj,RPE,median,0.041497001463461566
minimum_distance_penalty,0.2,0.01,0.1,1.0,2.0,0.175,0.0175,0.9,0.24999999999999994,5.0,traj,RPE,min,0.016327499317417532
minimum_distance_penalty,0.2,0.01,0.1,1.0,2.0,0.175,0.0175,0.9,0.24999999999999994,5.0,traj,RPE,max,0.12438617639151513
minimum_distance_penalty,0.2,0.01,0.1,1.0,2.0,0.175,0.0175,0.9,0.24999999999999994,5.0,traj,RPE,rmse,0.054010228961516187
minimum_distance_penalty,0.2,0.01,0.1,1.0,2.0,0.175,0.0175,0.9,0.24999999999999994,5.0,traj,num associated poses,mean,27.6
minimum_distance_penalty,0.2,0.01,0.1,1.0,2.0,0.175,0.0175,0.9,0.24999999999999994,5.0,traj,num associated poses,std_dev,0.4898979485566356
minimum_distance_penalty,0.2,0.01,0.1,1.0,2.0,0.175,0.0175,0.9,0.24999999999999994,5.0,traj,num associated poses,median,28.0
minimum_distance_penalty,0.2,0.01,0.1,1.0,2.0,0.175,0.0175,0.9,0.24999999999999994,5.0,traj,num associated poses,min,27.0
minimum_distance_penalty,0.2,0.01,0.1,1.0,2.0,0.175,0.0175,0.9,0.24999999999999994,5.0,traj,num associated poses,max,28.0
minimum_distance_penalty,0.2,0.01,0.1,1.0,2.0,0.175,0.0175,0.9,0.24999999999999994,5.0,traj,num gt poses,mean,174.0
minimum_distance_penalty,0.2,0.01,0.1,1.0,2.0,0.175,0.0175,0.9,0.24999999999999994,5.0,traj,num gt poses,std_dev,2.280350850198276
minimum_distance_penalty,0.2,0.01,0.1,1.0,2.0,0.175,0.0175,0.9,0.24999999999999994,5.0,traj,num gt poses,median,174.0
minimum_distance_penalty,0.2,0.01,0.1,1.0,2.0,0.175,0.0175,0.9,0.24999999999999994,5.0,traj,num gt poses,min,171.0
minimum_distance_penalty,0.2,0.01,0.1,1.0,2.0,0.175,0.0175,0.9,0.24999999999999994,5.0,traj,num gt poses,max,178.0
minimum_distance_penalty,0.2,0.01,0.1,1.0,2.0,0.175,0.0175,0.9,0.24999999999999994,5.0,traj,odom accum path length (m),mean,11.530556200000001
minimum_distance_penalty,0.2,0.01,0.1,1.0,2.0,0.175,0.0175,0.9,0.24999999999999994,5.0,traj,odom accum path length (m),std_dev,0.0635052193206197
minimum_distance_penalty,0.2,0.01,0.1,1.0,2.0,0.175,0.0175,0.9,0.24999999999999994,5.0,traj,odom accum path length (m),median,11.542912
minimum_distance_penalty,0.2,0.01,0.1,1.0,2.0,0.175,0.0175,0.9,0.24999999999999994,5.0,traj,odom accum path length (m),min,11.431818
minimum_distance_penalty,0.2,0.01,0.1,1.0,2.0,0.175,0.0175,0.9,0.24999999999999994,5.0,traj,odom accum path length (m),max,11.601212
minimum_distance_penalty,0.2,0.01,0.1,1.0,2.0,0.175,0.0175,0.9,0.24999999999999994,5.0,traj,total rotation (rad),mean,9.725283000000001
minimum_distance_penalty,0.2,0.01,0.1,1.0,2.0,0.175,0.0175,0.9,0.24999999999999994,5.0,traj,total rotation (rad),std_dev,0.4536187903907862
minimum_distance_penalty,0.2,0.01,0.1,1.0,2.0,0.175,0.0175,0.9,0.24999999999999994,5.0,traj,total rotation (rad),median,9.853464
minimum_distance_penalty,0.2,0.01,0.1,1.0,2.0,0.175,0.0175,0.9,0.24999999999999994,5.0,traj,total rotation (rad),min,8.911759
minimum_distance_penalty,0.2,0.01,0.1,1.0,2.0,0.175,0.0175,0.9,0.24999999999999994,5.0,traj,total rotation (rad),max,10.221001
minimum_distance_penalty,0.2,0.01,0.1,1.0,2.0,0.175,0.0175,0.9,0.24999999999999994,5.0,traj,duration (s),mean,23.869800000000005
minimum_distance_penalty,0.2,0.01,0.1,1.0,2.0,0.175,0.0175,0.9,0.24999999999999994,5.0,traj,duration (s),std_dev,0.3227596009416289
minimum_distance_penalty,0.2,0.01,0.1,1.0,2.0,0.175,0.0175,0.9,0.24999999999999994,5.0,traj,duration (s),median,23.882000000000005
minimum_distance_penalty,0.2,0.01,0.1,1.0,2.0,0.175,0.0175,0.9,0.24999999999999994,5.0,traj,duration (s),min,23.432000000000002
minimum_distance_penalty,0.2,0.01,0.1,1.0,2.0,0.175,0.0175,0.9,0.24999999999999994,5.0,traj,duration (s),max,24.418
minimum_distance_penalty,0.2,0.01,0.1,1.0,2.0,0.175,0.0175,0.9,0.24999999999999994,5.0,completion,successes,count,5.0
minimum_distance_penalty,0.2,0.01,0.1,1.0,2.0,0.175,0.0175,0.9,0.24999999999999994,5.0,completion,failures,count,0.0
minimum_distance_penalty,0.2,0.01,0.1,1.0,2.0,0.175,0.0175,0.9,0.24999999999999994,5.0,completion,errors,count,0.0
minimum_distance_penalty,0.2,0.01,0.1,1.0,2.0,0.175,0.0175,0.9,0.24999999999999994,5.0,completion,data or metrics missing,count,0.0
minimum_distance_penalty,0.2,0.01,0.1,1.0,2.0,0.175,0.0175,0.9,0.24999999999999994,5.0,latency,latency,mean,0.0030935251798561154
minimum_distance_penalty,0.2,0.01,0.1,1.0,2.0,0.175,0.0175,0.9,0.24999999999999994,5.0,latency,latency,std_dev,0.001438884891636702
minimum_distance_penalty,0.2,0.01,0.1,1.0,2.0,0.175,0.0175,0.9,0.24999999999999994,5.0,latency,latency,median,0.003
minimum_distance_penalty,0.2,0.01,0.1,1.0,2.0,0.175,0.0175,0.9,0.24999999999999994,5.0,latency,latency,min,0.0
minimum_distance_penalty,0.2,0.01,0.1,1.0,2.0,0.175,0.0175,0.9,0.24999999999999994,5.0,latency,latency,max,0.007
minimum_distance_penalty,0.2,0.01,0.1,1.0,2.0,0.175,0.0175,0.9,0.24999999999999994,5.0,cov,trace,mean,0.005490887323943662
minimum_distance_penalty,0.2,0.01,0.1,1.0,2.0,0.175,0.0175,0.9,0.24999999999999994,5.0,cov,trace,std_dev,0.0016727424353168484
minimum_distance_penalty,0.2,0.01,0.1,1.0,2.0,0.175,0.0175,0.9,0.24999999999999994,5.0,cov,trace,median,0.004979000000000001
minimum_distance_penalty,0.2,0.01,0.1,1.0,2.0,0.175,0.0175,0.9,0.24999999999999994,5.0,cov,trace,min,0.002552
minimum_distance_penalty,0.2,0.01,0.1,1.0,2.0,0.175,0.0175,0.9,0.24999999999999994,5.0,cov,trace,max,0.011850000000000001
minimum_distance_penalty,0.2,0.01,0.1,1.0,2.0,0.175,0.0175,0.9,0.24999999999999994,5.0,cov,trace,rmse,0.005740027078259729
minimum_distance_penalty,0.2,0.01,0.1,1.0,2.0,0.175,0.0175,0.9,0.24999999999999994,5.0,cov,det,mean,3.721209278028167e-10
minimum_distance_penalty,0.2,0.01,0.1,1.0,2.0,0.175,0.0175,0.9,0.24999999999999994,5.0,cov,det,std_dev,3.189566782059734e-10
minimum_distance_penalty,0.2,0.01,0.1,1.0,2.0,0.175,0.0175,0.9,0.24999999999999994,5.0,cov,det,median,2.5364425e-10
minimum_distance_penalty,0.2,0.01,0.1,1.0,2.0,0.175,0.0175,0.9,0.24999999999999994,5.0,cov,det,min,6.74944770000001e-11
minimum_distance_penalty,0.2,0.01,0.1,1.0,2.0,0.175,0.0175,0.9,0.24999999999999994,5.0,cov,det,max,1.6944376619999986e-09
minimum_distance_penalty,0.2,0.01,0.1,1.0,2.0,0.175,0.0175,0.9,0.24999999999999994,5.0,cov,det,rmse,4.901095260051757e-10
minimum_distance_penalty,0.2,0.01,0.1,1.0,2.0,0.175,0.0175,0.9,0.35355339059327373,5.0,traj,APE,mean,0.07556329387698754
minimum_distance_penalty,0.2,0.01,0.1,1.0,2.0,0.175,0.0175,0.9,0.35355339059327373,5.0,traj,APE,std_dev,0.04624752566988511
minimum_distance_penalty,0.2,0.01,0.1,1.0,2.0,0.175,0.0175,0.9,0.35355339059327373,5.0,traj,APE,median,0.06324143135015034
minimum_distance_penalty,0.2,0.01,0.1,1.0,2.0,0.175,0.0175,0.9,0.35355339059327373,5.0,traj,APE,min,1.0842021724855044e-19
minimum_distance_penalty,0.2,0.01,0.1,1.0,2.0,0.175,0.0175,0.9,0.35355339059327373,5.0,traj,APE,max,0.22549958229652153
minimum_distance_penalty,0.2,0.01,0.1,1.0,2.0,0.175,0.0175,0.9,0.35355339059327373,5.0,traj,APE,rmse,0.0885925787644014
minimum_distance_penalty,0.2,0.01,0.1,1.0,2.0,0.175,0.0175,0.9,0.35355339059327373,5.0,traj,RPE,mean,0.04979098057015744
minimum_distance_penalty,0.2,0.01,0.1,1.0,2.0,0.175,0.0175,0.9,0.35355339059327373,5.0,traj,RPE,std_dev,0.02731941951061045
minimum_distance_penalty,0.2,0.01,0.1,1.0,2.0,0.175,0.0175,0.9,0.35355339059327373,5.0,traj,RPE,median,0.04121846010684717
minimum_distance_penalty,0.2,0.01,0.1,1.0,2.0,0.175,0.0175,0.9,0.35355339059327373,5.0,traj,RPE,min,0.017273025557966212
minimum_distance_penalty,0.2,0.01,0.1,1.0,2.0,0.175,0.0175,0.9,0.35355339059327373,5.0,traj,RPE,max,0.14959347532745404
minimum_distance_penalty,0.2,0.01,0.1,1.0,2.0,0.175,0.0175,0.9,0.35355339059327373,5.0,traj,RPE,rmse,0.05679341888400908
minimum_distance_penalty,0.2,0.01,0.1,1.0,2.0,0.175,0.0175,0.9,0.35355339059327373,5.0,traj,num associated poses,mean,27.8
minimum_distance_penalty,0.2,0.01,0.1,1.0,2.0,0.175,0.0175,0.9,0.35355339059327373,5.0,traj,num associated poses,std_dev,0.7483314773547883
minimum_distance_penalty,0.2,0.01,0.1,1.0,2.0,0.175,0.0175,0.9,0.35355339059327373,5.0,traj,num associated poses,median,28.0
minimum_distance_penalty,0.2,0.01,0.1,1.0,2.0,0.175,0.0175,0.9,0.35355339059327373,5.0,traj,num associated poses,min,27.0
minimum_distance_penalty,0.2,0.01,0.1,1.0,2.0,0.175,0.0175,0.9,0.35355339059327373,5.0,traj,num associated poses,max,29.0
minimum_distance_penalty,0.2,0.01,0.1,1.0,2.0,0.175,0.0175,0.9,0.35355339059327373,5.0,traj,num gt poses,mean,175.4
minimum_distance_penalty,0.2,0.01,0.1,1.0,2.0,0.175,0.0175,0.9,0.35355339059327373,5.0,traj,num gt poses,std_dev,5.748043145279966
minimum_distance_penalty,0.2,0.01,0.1,1.0,2.0,0.175,0.0175,0.9,0.35355339059327373,5.0,traj,num gt poses,median,172.0
minimum_distance_penalty,0.2,0.01,0.1,1.0,2.0,0.175,0.0175,0.9,0.35355339059327373,5.0,traj,num gt poses,min,170.0
minimum_distance_penalty,0.2,0.01,0.1,1.0,2.0,0.175,0.0175,0.9,0.35355339059327373,5.0,traj,num gt poses,max,185.0
minimum_distance_penalty,0.2,0.01,0.1,1.0,2.0,0.175,0.0175,0.9,0.35355339059327373,5.0,traj,odom accum path length (m),mean,11.571001999999998
minimum_distance_penalty,0.2,0.01,0.1,1.0,2.0,0.175,0.0175,0.9,0.35355339059327373,5.0,traj,odom accum path length (m),std_dev,0.06984538850060185
minimum_distance_penalty,0.2,0.01,0.1,1.0,2.0,0.175,0.0175,0.9,0.35355339059327373,5.0,traj,odom accum path length (m),median,11.583165
minimum_distance_penalty,0.2,0.01,0.1,1.0,2.0,0.175,0.0175,0.9,0.35355339059327373,5.0,traj,odom accum path length (m),min,11.475931
minimum_distance_penalty,0.2,0.01,0.1,1.0,2.0,0.175,0.0175,0.9,0.35355339059327373,5.0,traj,odom accum path length (m),max,11.681322
minimum_distance_penalty,0.2,0.01,0.1,1.0,2.0,0.175,0.0175,0.9,0.35355339059327373,5.0,traj,total rotation (rad),mean,9.8858802
minimum_distance_penalty,0.2,0.01,0.1,1.0,2.0,0.175,0.0175,0.9,0.35355339059327373,5.0,traj,total rotation (rad),std_dev,0.6956219891755577
minimum_distance_penalty,0.2,0.01,0.1,1.0,2.0,0.175,0.0175,0.9,0.35355339059327373,5.0,traj,total rotation (rad),median,10.069541
minimum_distance_penalty,0.2,0.01,0.1,1.0,2.0,0.175,0.0175,0.9,0.35355339059327373,5.0,traj,total rotation (rad),min,8.967211
minimum_distance_penalty,0.2,0.01,0.1,1.0,2.0,0.175,0.0175,0.9,0.35355339059327373,5.0,traj,total rotation (rad),max,10.865026
minimum_distance_penalty,0.2,0.01,0.1,1.0,2.0,0.175,0.0175,0.9,0.35355339059327373,5.0,traj,duration (s),mean,24.083800000000004
minimum_distance_penalty,0.2,0.01,0.1,1.0,2.0,0.175,0.0175,0.9,0.35355339059327373,5.0,traj,duration (s),std_dev,0.7492485301954213
minimum_distance_penalty,0.2,0.01,0.1,1.0,2.0,0.175,0.0175,0.9,0.35355339059327373,5.0,traj,duration (s),median,23.608
minimum_distance_penalty,0.2,0.01,0.1,1.0,2.0,0.175,0.0175,0.9,0.35355339059327373,5.0,traj,duration (s),min,23.356
minimum_distance_penalty,0.2,0.01,0.1,1.0,2.0,0.175,0.0175,0.9,0.35355339059327373,5.0,traj,duration (s),max,25.297
minimum_distance_penalty,0.2,0.01,0.1,1.0,2.0,0.175,0.0175,0.9,0.35355339059327373,5.0,completion,successes,count,5.0
minimum_distance_penalty,0.2,0.01,0.1,1.0,2.0,0.175,0.0175,0.9,0.35355339059327373,5.0,completion,failures,count,0.0
minimum_distance_penalty,0.2,0.01,0.1,1.0,2.0,0.175,0.0175,0.9,0.35355339059327373,5.0,completion,errors,count,0.0
minimum_distance_penalty,0.2,0.01,0.1,1.0,2.0,0.175,0.0175,0.9,0.35355339059327373,5.0,completion,data or metrics missing,count,0.0
minimum_distance_penalty,0.2,0.01,0.1,1.0,2.0,0.175,0.0175,0.9,0.35355339059327373,5.0,latency,latency,mean,0.004366906474820144
minimum_distance_penalty,0.2,0.01,0.1,1.0,2.0,0.175,0.0175,0.9,0.35355339059327373,5.0,latency,latency,std_dev,0.0040056504782423254
minimum_distance_penalty,0.2,0.01,0.1,1.0,2.0,0.175,0.0175,0.9,0.35355339059327373,5.0,latency,latency,median,0.003
minimum_distance_penalty,0.2,0.01,0.1,1.0,2.0,0.175,0.0175,0.9,0.35355339059327373,5.0,latency,latency,min,0.0
minimum_distance_penalty,0.2,0.01,0.1,1.0,2.0,0.175,0.0175,0.9,0.35355339059327373,5.0,latency,latency,max,0.017
minimum_distance_penalty,0.2,0.01,0.1,1.0,2.0,0.175,0.0175,0.9,0.35355339059327373,5.0,cov,trace,mean,0.005637528169014085
minimum_distance_penalty,0.2,0.01,0.1,1.0,2.0,0.175,0.0175,0.9,0.35355339059327373,5.0,cov,trace,std_dev,0.002181289080342953
minimum_distance_penalty,0.2,0.01,0.1,1.0,2.0,0.175,0.0175,0.9,0.35355339059327373,5.0,cov,trace,median,0.004965499999999999
minimum_distance_penalty,0.2,0.01,0.1,1.0,2.0,0.175,0.0175,0.9,0.35355339059327373,5.0,cov,trace,min,0.002626
minimum_distance_penalty,0.2,0.01,0.1,1.0,2.0,0.175,0.0175,0.9,0.35355339059327373,5.0,cov,trace,max,0.021872999999999997
minimum_distance_penalty,0.2,0.01,0.1,1.0,2.0,0.175,0.0175,0.9,0.35355339059327373,5.0,cov,trace,rmse,0.006044811486593333
minimum_distance_penalty,0.2,0.01,0.1,1.0,2.0,0.175,0.0175,0.9,0.35355339059327373,5.0,cov,det,mean,3.552062510633802e-10
minimum_distance_penalty,0.2,0.01,0.1,1.0,2.0,0.175,0.0175,0.9,0.35355339059327373,5.0,cov,det,std_dev,3.192725664485613e-10
minimum_distance_penalty,0.2,0.01,0.1,1.0,2.0,0.175,0.0175,0.9,0.35355339059327373,5.0,cov,det,median,2.6220072749999976e-10
minimum_distance_penalty,0.2,0.01,0.1,1.0,2.0,0.175,0.0175,0.9,0.35355339059327373,5.0,cov,det,min,6.7229824e-11
minimum_distance_penalty,0.2,0.01,0.1,1.0,2.0,0.175,0.0175,0.9,0.35355339059327373,5.0,cov,det,max,2.476549772000001e-09
minimum_distance_penalty,0.2,0.01,0.1,1.0,2.0,0.175,0.0175,0.9,0.35355339059327373,5.0,cov,det,rmse,4.776049125387553e-10
minimum_distance_penalty,0.2,0.01,0.1,1.0,2.0,0.175,0.0175,0.9,0.5,5.0,traj,APE,mean,0.08468138015569333
minimum_distance_penalty,0.2,0.01,0.1,1.0,2.0,0.175,0.0175,0.9,0.5,5.0,traj,APE,std_dev,0.06586332192049027
minimum_distance_penalty,0.2,0.01,0.1,1.0,2.0,0.175,0.0175,0.9,0.5,5.0,traj,APE,median,0.06391491151275669
minimum_distance_penalty,0.2,0.01,0.1,1.0,2.0,0.175,0.0175,0.9,0.5,5.0,traj,APE,min,8.131516293641283e-19
minimum_distance_penalty,0.2,0.01,0.1,1.0,2.0,0.175,0.0175,0.9,0.5,5.0,traj,APE,max,0.28836640151383813
minimum_distance_penalty,0.2,0.01,0.1,1.0,2.0,0.175,0.0175,0.9,0.5,5.0,traj,APE,rmse,0.1072796034643827
minimum_distance_penalty,0.2,0.01,0.1,1.0,2.0,0.175,0.0175,0.9,0.5,5.0,traj,RPE,mean,0.05285567393578644
minimum_distance_penalty,0.2,0.01,0.1,1.0,2.0,0.175,0.0175,0.9,0.5,5.0,traj,RPE,std_dev,0.036780679601249616
minimum_distance_penalty,0.2,0.01,0.1,1.0,2.0,0.175,0.0175,0.9,0.5,5.0,traj,RPE,median,0.04254414735040238
minimum_distance_penalty,0.2,0.01,0.1,1.0,2.0,0.175,0.0175,0.9,0.5,5.0,traj,RPE,min,0.011132274447998153
minimum_distance_penalty,0.2,0.01,0.1,1.0,2.0,0.175,0.0175,0.9,0.5,5.0,traj,RPE,max,0.1903815846947151
minimum_distance_penalty,0.2,0.01,0.1,1.0,2.0,0.175,0.0175,0.9,0.5,5.0,traj,RPE,rmse,0.06439363834367454
minimum_distance_penalty,0.2,0.01,0.1,1.0,2.0,0.175,0.0175,0.9,0.5,5.0,traj,num associated poses,mean,27.4
minimum_distance_penalty,0.2,0.01,0.1,1.0,2.0,0.175,0.0175,0.9,0.5,5.0,traj,num associated poses,std_dev,0.4898979485566356
minimum_distance_penalty,0.2,0.01,0.1,1.0,2.0,0.175,0.0175,0.9,0.5,5.0,traj,num associated poses,median,27.0
minimum_distance_penalty,0.2,0.01,0.1,1.0,2.0,0.175,0.0175,0.9,0.5,5.0,traj,num associated poses,min,27.0
minimum_distance_penalty,0.2,0.01,0.1,1.0,2.0,0.175,0.0175,0.9,0.5,5.0,traj,num associated poses,max,28.0
minimum_distance_penalty,0.2,0.01,0.1,1.0,2.0,0.175,0.0175,0.9,0.5,5.0,traj,num gt poses,mean,172.0
minimum_distance_penalty,0.2,0.01,0.1,1.0,2.0,0.175,0.0175,0.9,0.5,5.0,traj,num gt poses,std_dev,1.6733200530681511
minimum_distance_penalty,0.2,0.01,0.1,1.0,2.0,0.175,0.0175,0.9,0.5,5.0,traj,num gt poses,median,172.0
minimum_distance_penalty,0.2,0.01,0.1,1.0,2.0,0.175,0.0175,0.9,0.5,5.0,traj,num gt poses,min,169.0
minimum_distance_penalty,0.2,0.01,0.1,1.0,2.0,0.175,0.0175,0.9,0.5,5.0,traj,num gt poses,max,174.0
minimum_distance_penalty,0.2,0.01,0.1,1.0,2.0,0.175,0.0175,0.9,0.5,5.0,traj,odom accum path length (m),mean,11.5240112
minimum_distance_penalty,0.2,0.01,0.1,1.0,2.0,0.175,0.0175,0.9,0.5,5.0,traj,odom accum path length (m),std_dev,0.0707208041764228
minimum_distance_penalty,0.2,0.01,0.1,1.0,2.0,0.175,0.0175,0.9,0.5,5.0,traj,odom accum path length (m),median,11.52126
minimum_distance_penalty,0.2,0.01,0.1,1.0,2.0,0.175,0.0175,0.9,0.5,5.0,traj,odom accum path length (m),min,11.407438
minimum_distance_penalty,0.2,0.01,0.1,1.0,2.0,0.175,0.0175,0.9,0.5,5.0,traj,odom accum path length (m),max,11.62905
minimum_distance_penalty,0.2,0.01,0.1,1.0,2.0,0.175,0.0175,0.9,0.5,5.0,traj,total rotation (rad),mean,9.1964158
minimum_distance_penalty,0.2,0.01,0.1,1.0,2.0,0.175,0.0175,0.9,0.5,5.0,traj,total rotation (rad),std_dev,0.1987688980211942
minimum_distance_penalty,0.2,0.01,0.1,1.0,2.0,0.175,0.0175,0.9,0.5,5.0,traj,total rotation (rad),median,9.197795
minimum_distance_penalty,0.2,0.01,0.1,1.0,2.0,0.175,0.0175,0.9,0.5,5.0,traj,total rotation (rad),min,8.842665
minimum_distance_penalty,0.2,0.01,0.1,1.0,2.0,0.175,0.0175,0.9,0.5,5.0,traj,total rotation (rad),max,9.433674
minimum_distance_penalty,0.2,0.01,0.1,1.0,2.0,0.175,0.0175,0.9,0.5,5.0,traj,duration (s),mean,23.656600000000005
minimum_distance_penalty,0.2,0.01,0.1,1.0,2.0,0.175,0.0175,0.9,0.5,5.0,traj,duration (s),std_dev,0.26942204809554726
minimum_distance_penalty,0.2,0.01,0.1,1.0,2.0,0.175,0.0175,0.9,0.5,5.0,traj,duration (s),median,23.552
minimum_distance_penalty,0.2,0.01,0.1,1.0,2.0,0.175,0.0175,0.9,0.5,5.0,traj,duration (s),min,23.278000000000002
minimum_distance_penalty,0.2,0.01,0.1,1.0,2.0,0.175,0.0175,0.9,0.5,5.0,traj,duration (s),max,24.049
minimum_distance_penalty,0.2,0.01,0.1,1.0,2.0,0.175,0.0175,0.9,0.5,5.0,completion,successes,count,5.0
minimum_distance_penalty,0.2,0.01,0.1,1.0,2.0,0.175,0.0175,0.9,0.5,5.0,completion,failures,count,0.0
minimum_distance_penalty,0.2,0.01,0.1,1.0,2.0,0.175,0.0175,0.9,0.5,5.0,completion,errors,count,0.0
minimum_distance_penalty,0.2,0.01,0.1,1.0,2.0,0.175,0.0175,0.9,0.5,5.0,completion,data or metrics missing,count,0.0
minimum_distance_penalty,0.2,0.01,0.1,1.0,2.0,0.175,0.0175,0.9,0.5,5.0,latency,latency,mean,0.004510948905109489
minimum_distance_penalty,0.2,0.01,0.1,1.0,2.0,0.175,0.0175,0.9,0.5,5.0,latency,latency,std_dev,0.003047355652338904
minimum_distance_penalty,0.2,0.01,0.1,1.0,2.0,0.175,0.0175,0.9,0.5,5.0,latency,latency,median,0.004
minimum_distance_penalty,0.2,0.01,0.1,1.0,2.0,0.175,0.0175,0.9,0.5,5.0,latency,latency,min,0.0
minimum_distance_penalty,0.2,0.01,0.1,1.0,2.0,0.175,0.0175,0.9,0.5,5.0,latency,latency,max,0.014
minimum_distance_penalty,0.2,0.01,0.1,1.0,2.0,0.175,0.0175,0.9,0.5,5.0,cov,trace,mean,0.005549408450704225
minimum_distance_penalty,0.2,0.01,0.1,1.0,2.0,0.175,0.0175,0.9,0.5,5.0,cov,trace,std_dev,0.002160930912970799
minimum_distance_penalty,0.2,0.01,0.1,1.0,2.0,0.175,0.0175,0.9,0.5,5.0,cov,trace,median,0.004957
minimum_distance_penalty,0.2,0.01,0.1,1.0,2.0,0.175,0.0175,0.9,0.5,5.0,cov,trace,min,0.002476
minimum_distance_penalty,0.2,0.01,0.1,1.0,2.0,0.175,0.0175,0.9,0.5,5.0,cov,trace,max,0.022492
minimum_distance_penalty,0.2,0.01,0.1,1.0,2.0,0.175,0.0175,0.9,0.5,5.0,cov,trace,rmse,0.005955296513472715
minimum_distance_penalty,0.2,0.01,0.1,1.0,2.0,0.175,0.0175,0.9,0.5,5.0,cov,det,mean,3.564382119295774e-10
minimum_distance_penalty,0.2,0.01,0.1,1.0,2.0,0.175,0.0175,0.9,0.5,5.0,cov,det,std_dev,3.1679567188184487e-10
minimum_distance_penalty,0.2,0.01,0.1,1.0,2.0,0.175,0.0175,0.9,0.5,5.0,cov,det,median,2.5659549899999994e-10
minimum_distance_penalty,0.2,0.01,0.1,1.0,2.0,0.175,0.0175,0.9,0.5,5.0,cov,det,min,5.0206814000000106e-11
minimum_distance_penalty,0.2,0.01,0.1,1.0,2.0,0.175,0.0175,0.9,0.5,5.0,cov,det,max,1.980170141000003e-09
minimum_distance_penalty,0.2,0.01,0.1,1.0,2.0,0.175,0.0175,0.9,0.5,5.0,cov,det,rmse,4.768728306861525e-10
minimum_distance_penalty,0.2,0.01,0.1,1.0,2.0,0.175,0.0175,0.9,0.7071067811865476,5.0,traj,APE,mean,0.056420871907639676
minimum_distance_penalty,0.2,0.01,0.1,1.0,2.0,0.175,0.0175,0.9,0.7071067811865476,5.0,traj,APE,std_dev,0.033484270231451944
minimum_distance_penalty,0.2,0.01,0.1,1.0,2.0,0.175,0.0175,0.9,0.7071067811865476,5.0,traj,APE,median,0.05216633267716514
minimum_distance_penalty,0.2,0.01,0.1,1.0,2.0,0.175,0.0175,0.9,0.7071067811865476,5.0,traj,APE,min,5.421010862427522e-20
minimum_distance_penalty,0.2,0.01,0.1,1.0,2.0,0.175,0.0175,0.9,0.7071067811865476,5.0,traj,APE,max,0.1741076162797702
minimum_distance_penalty,0.2,0.01,0.1,1.0,2.0,0.175,0.0175,0.9,0.7071067811865476,5.0,traj,APE,rmse,0.0656087733443568
minimum_distance_penalty,0.2,0.01,0.1,1.0,2.0,0.175,0.0175,0.9,0.7071067811865476,5.0,traj,RPE,mean,0.05006165237065485
minimum_distance_penalty,0.2,0.01,0.1,1.0,2.0,0.175,0.0175,0.9,0.7071067811865476,5.0,traj,RPE,std_dev,0.03129280724214968
minimum_distance_penalty,0.2,0.01,0.1,1.0,2.0,0.175,0.0175,0.9,0.7071067811865476,5.0,traj,RPE,median,0.0411478125975416
minimum_distance_penalty,0.2,0.01,0.1,1.0,2.0,0.175,0.0175,0.9,0.7071067811865476,5.0,traj,RPE,min,0.005336077570329064
minimum_distance_penalty,0.2,0.01,0.1,1.0,2.0,0.175,0.0175,0.9,0.7071067811865476,5.0,traj,RPE,max,0.151986070825685
minimum_distance_penalty,0.2,0.01,0.1,1.0,2.0,0.175,0.0175,0.9,0.7071067811865476,5.0,traj,RPE,rmse,0.0590373510853479
minimum_distance_penalty,0.2,0.01,0.1,1.0,2.0,0.175,0.0175,0.9,0.7071067811865476,5.0,traj,num associated poses,mean,28.2
minimum_distance_penalty,0.2,0.01,0.1,1.0,2.0,0.175,0.0175,0.9,0.7071067811865476,5.0,traj,num associated poses,std_dev,0.39999999999999997
minimum_distance_penalty,0.2,0.01,0.1,1.0,2.0,0.175,0.0175,0.9,0.7071067811865476,5.0,traj,num associated poses,median,28.0
minimum_distance_penalty,0.2,0.01,0.1,1.0,2.0,0.175,0.0175,0.9,0.7071067811865476,5.0,traj,num associated poses,min,28.0
minimum_distance_penalty,0.2,0.01,0.1,1.0,2.0,0.175,0.0175,0.9,0.7071067811865476,5.0,traj,num associated poses,max,29.0
minimum_distance_penalty,0.2,0.01,0.1,1.0,2.0,0.175,0.0175,0.9,0.7071067811865476,5.0,traj,num gt poses,mean,176.0
minimum_distance_penalty,0.2,0.01,0.1,1.0,2.0,0.175,0.0175,0.9,0.7071067811865476,5.0,traj,num gt poses,std_dev,5.761944116355173
minimum_distance_penalty,0.2,0.01,0.1,1.0,2.0,0.175,0.0175,0.9,0.7071067811865476,5.0,traj,num gt poses,median,172.0
minimum_distance_penalty,0.2,0.01,0.1,1.0,2.0,0.175,0.0175,0.9,0.7071067811865476,5.0,traj,num gt poses,min,171.0
minimum_distance_penalty,0.2,0.01,0.1,1.0,2.0,0.175,0.0175,0.9,0.7071067811865476,5.0,traj,num gt poses,max,186.0
minimum_distance_penalty,0.2,0.01,0.1,1.0,2.0,0.175,0.0175,0.9,0.7071067811865476,5.0,traj,odom accum path length (m),mean,11.585321800000001
minimum_distance_penalty,0.2,0.01,0.1,1.0,2.0,0.175,0.0175,0.9,0.7071067811865476,5.0,traj,odom accum path length (m),std_dev,0.08302039032045053
minimum_distance_penalty,0.2,0.01,0.1,1.0,2.0,0.175,0.0175,0.9,0.7071067811865476,5.0,traj,odom accum path length (m),median,11.562919
minimum_distance_penalty,0.2,0.01,0.1,1.0,2.0,0.175,0.0175,0.9,0.7071067811865476,5.0,traj,odom accum path length (m),min,11.505837
minimum_distance_penalty,0.2,0.01,0.1,1.0,2.0,0.175,0.0175,0.9,0.7071067811865476,5.0,traj,odom accum path length (m),max,11.742339
minimum_distance_penalty,0.2,0.01,0.1,1.0,2.0,0.175,0.0175,0.9,0.7071067811865476,5.0,traj,total rotation (rad),mean,9.8312616
minimum_distance_penalty,0.2,0.01,0.1,1.0,2.0,0.175,0.0175,0.9,0.7071067811865476,5.0,traj,total rotation (rad),std_dev,0.3721755358637108
minimum_distance_penalty,0.2,0.01,0.1,1.0,2.0,0.175,0.0175,0.9,0.7071067811865476,5.0,traj,total rotation (rad),median,9.731294
minimum_distance_penalty,0.2,0.01,0.1,1.0,2.0,0.175,0.0175,0.9,0.7071067811865476,5.0,traj,total rotation (rad),min,9.32275
minimum_distance_penalty,0.2,0.01,0.1,1.0,2.0,0.175,0.0175,0.9,0.7071067811865476,5.0,traj,total rotation (rad),max,10.270908
minimum_distance_penalty,0.2,0.01,0.1,1.0,2.0,0.175,0.0175,0.9,0.7071067811865476,5.0,traj,duration (s),mean,24.186199999999996
minimum_distance_penalty,0.2,0.01,0.1,1.0,2.0,0.175,0.0175,0.9,0.7071067811865476,5.0,traj,duration (s),std_dev,0.7373816922056043
minimum_distance_penalty,0.2,0.01,0.1,1.0,2.0,0.175,0.0175,0.9,0.7071067811865476,5.0,traj,duration (s),median,23.677
minimum_distance_penalty,0.2,0.01,0.1,1.0,2.0,0.175,0.0175,0.9,0.7071067811865476,5.0,traj,duration (s),min,23.558
minimum_distance_penalty,0.2,0.01,0.1,1.0,2.0,0.175,0.0175,0.9,0.7071067811865476,5.0,traj,duration (s),max,25.481
minimum_distance_penalty,0.2,0.01,0.1,1.0,2.0,0.175,0.0175,0.9,0.7071067811865476,5.0,completion,successes,count,5.0
minimum_distance_penalty,0.2,0.01,0.1,1.0,2.0,0.175,0.0175,0.9,0.7071067811865476,5.0,completion,failures,count,0.0
minimum_distance_penalty,0.2,0.01,0.1,1.0,2.0,0.175,0.0175,0.9,0.7071067811865476,5.0,completion,errors,count,0.0
minimum_distance_penalty,0.2,0.01,0.1,1.0,2.0,0.175,0.0175,0.9,0.7071067811865476,5.0,completion,data or metrics missing,count,0.0
minimum_distance_penalty,0.2,0.01,0.1,1.0,2.0,0.175,0.0175,0.9,0.7071067811865476,5.0,latency,latency,mean,0.002773049645390071
minimum_distance_penalty,0.2,0.01,0.1,1.0,2.0,0.175,0.0175,0.9,0.7071067811865476,5.0,latency,latency,std_dev,0.0009555273641474775
minimum_distance_penalty,0.2,0.01,0.1,1.0,2.0,0.175,0.0175,0.9,0.7071067811865476,5.0,latency,latency,median,0.003
minimum_distance_penalty,0.2,0.01,0.1,1.0,2.0,0.175,0.0175,0.9,0.7071067811865476,5.0,latency,latency,min,0.0
minimum_distance_penalty,0.2,0.01,0.1,1.0,2.0,0.175,0.0175,0.9,0.7071067811865476,5.0,latency,latency,max,0.005
minimum_distance_penalty,0.2,0.01,0.1,1.0,2.0,0.175,0.0175,0.9,0.7071067811865476,5.0,cov,trace,mean,0.005542301369863015
minimum_distance_penalty,0.2,0.01,0.1,1.0,2.0,0.175,0.0175,0.9,0.7071067811865476,5.0,cov,trace,std_dev,0.0017045548825228155
minimum_distance_penalty,0.2,0.01,0.1,1.0,2.0,0.175,0.0175,0.9,0.7071067811865476,5.0,cov,trace,median,0.005093
minimum_distance_penalty,0.2,0.01,0.1,1.0,2.0,0.175,0.0175,0.9,0.7071067811865476,5.0,cov,trace,min,0.003055
minimum_distance_penalty,0.2,0.01,0.1,1.0,2.0,0.175,0.0175,0.9,0.7071067811865476,5.0,cov,trace,max,0.014397
minimum_distance_penalty,0.2,0.01,0.1,1.0,2.0,0.175,0.0175,0.9,0.7071067811865476,5.0,cov,trace,rmse,0.00579850082537873
minimum_distance_penalty,0.2,0.01,0.1,1.0,2.0,0.175,0.0175,0.9,0.7071067811865476,5.0,cov,det,mean,3.657709404726026e-10
minimum_distance_penalty,0.2,0.01,0.1,1.0,2.0,0.175,0.0175,0.9,0.7071067811865476,5.0,cov,det,std_dev,3.245724493955578e-10
minimum_distance_penalty,0.2,0.01,0.1,1.0,2.0,0.175,0.0175,0.9,0.7071067811865476,5.0,cov,det,median,2.4791413999999965e-10
minimum_distance_penalty,0.2,0.01,0.1,1.0,2.0,0.175,0.0175,0.9,0.7071067811865476,5.0,cov,det,min,9.24841819999997e-11
minimum_distance_penalty,0.2,0.01,0.1,1.0,2.0,0.175,0.0175,0.9,0.7071067811865476,5.0,cov,det,max,2.0451177139999994e-09
minimum_distance_penalty,0.2,0.01,0.1,1.0,2.0,0.175,0.0175,0.9,0.7071067811865476,5.0,cov,det,rmse,4.890149852518266e-10
minimum_distance_penalty,0.2,0.01,0.1,1.0,2.0,0.175,0.0175,0.9,1.0000000000000002,5.0,traj,APE,mean,0.09182435779229528
minimum_distance_penalty,0.2,0.01,0.1,1.0,2.0,0.175,0.0175,0.9,1.0000000000000002,5.0,traj,APE,std_dev,0.07208540045844407
minimum_distance_penalty,0.2,0.01,0.1,1.0,2.0,0.175,0.0175,0.9,1.0000000000000002,5.0,traj,APE,median,0.06269706638204885
minimum_distance_penalty,0.2,0.01,0.1,1.0,2.0,0.175,0.0175,0.9,1.0000000000000002,5.0,traj,APE,min,5.421010862427522e-20
minimum_distance_penalty,0.2,0.01,0.1,1.0,2.0,0.175,0.0175,0.9,1.0000000000000002,5.0,traj,APE,max,0.31065574067676566
minimum_distance_penalty,0.2,0.01,0.1,1.0,2.0,0.175,0.0175,0.9,1.0000000000000002,5.0,traj,APE,rmse,0.11673910074701495
minimum_distance_penalty,0.2,0.01,0.1,1.0,2.0,0.175,0.0175,0.9,1.0000000000000002,5.0,traj,RPE,mean,0.05422741065510799
minimum_distance_penalty,0.2,0.01,0.1,1.0,2.0,0.175,0.0175,0.9,1.0000000000000002,5.0,traj,RPE,std_dev,0.03521674055485307
minimum_distance_penalty,0.2,0.01,0.1,1.0,2.0,0.175,0.0175,0.9,1.0000000000000002,5.0,traj,RPE,median,0.042025208284243415
minimum_distance_penalty,0.2,0.01,0.1,1.0,2.0,0.175,0.0175,0.9,1.0000000000000002,5.0,traj,RPE,min,0.009205086025358529
minimum_distance_penalty,0.2,0.01,0.1,1.0,2.0,0.175,0.0175,0.9,1.0000000000000002,5.0,traj,RPE,max,0.1870479564112285
minimum_distance_penalty,0.2,0.01,0.1,1.0,2.0,0.175,0.0175,0.9,1.0000000000000002,5.0,traj,RPE,rmse,0.06465934489047623
minimum_distance_penalty,0.2,0.01,0.1,1.0,2.0,0.175,0.0175,0.9,1.0000000000000002,5.0,traj,num associated poses,mean,28.6
minimum_distance_penalty,0.2,0.01,0.1,1.0,2.0,0.175,0.0175,0.9,1.0000000000000002,5.0,traj,num associated poses,std_dev,2.244994432064365
minimum_distance_penalty,0.2,0.01,0.1,1.0,2.0,0.175,0.0175,0.9,1.0000000000000002,5.0,traj,num associated poses,median,28.0
minimum_distance_penalty,0.2,0.01,0.1,1.0,2.0,0.175,0.0175,0.9,1.0000000000000002,5.0,traj,num associated poses,min,27.0
minimum_distance_penalty,0.2,0.01,0.1,1.0,2.0,0.175,0.0175,0.9,1.0000000000000002,5.0,traj,num associated poses,max,33.0
minimum_distance_penalty,0.2,0.01,0.1,1.0,2.0,0.175,0.0175,0.9,1.0000000000000002,5.0,traj,num gt poses,mean,181.0
minimum_distance_penalty,0.2,0.01,0.1,1.0,2.0,0.175,0.0175,0.9,1.0000000000000002,5.0,traj,num gt poses,std_dev,13.725887949418793
minimum_distance_penalty,0.2,0.01,0.1,1.0,2.0,0.175,0.0175,0.9,1.0000000000000002,5.0,traj,num gt poses,median,173.0
minimum_distance_penalty,0.2,0.01,0.1,1.0,2.0,0.175,0.0175,0.9,1.0000000000000002,5.0,traj,num gt poses,min,172.0
minimum_distance_penalty,0.2,0.01,0.1,1.0,2.0,0.175,0.0175,0.9,1.0000000000000002,5.0,traj,num gt poses,max,208.0
minimum_distance_penalty,0.2,0.01,0.1,1.0,2.0,0.175,0.0175,0.9,1.0000000000000002,5.0,traj,odom accum path length (m),mean,11.5627338
minimum_distance_penalty,0.2,0.01,0.1,1.0,2.0,0.175,0.0175,0.9,1.0000000000000002,5.0,traj,odom accum path length (m),std_dev,0.19796055104126162
minimum_distance_penalty,0.2,0.01,0.1,1.0,2.0,0.175,0.0175,0.9,1.0000000000000002,5.0,traj,odom accum path length (m),median,11.525996
minimum_distance_penalty,0.2,0.01,0.1,1.0,2.0,0.175,0.0175,0.9,1.0000000000000002,5.0,traj,odom accum path length (m),min,11.318959
minimum_distance_penalty,0.2,0.01,0.1,1.0,2.0,0.175,0.0175,0.9,1.0000000000000002,5.0,traj,odom accum path length (m),max,11.924385
minimum_distance_penalty,0.2,0.01,0.1,1.0,2.0,0.175,0.0175,0.9,1.0000000000000002,5.0,traj,total rotation (rad),mean,10.184365799999998
minimum_distance_penalty,0.2,0.01,0.1,1.0,2.0,0.175,0.0175,0.9,1.0000000000000002,5.0,traj,total rotation (rad),std_dev,1.611692034521037
minimum_distance_penalty,0.2,0.01,0.1,1.0,2.0,0.175,0.0175,0.9,1.0000000000000002,5.0,traj,total rotation (rad),median,9.356046
minimum_distance_penalty,0.2,0.01,0.1,1.0,2.0,0.175,0.0175,0.9,1.0000000000000002,5.0,traj,total rotation (rad),min,9.115684
minimum_distance_penalty,0.2,0.01,0.1,1.0,2.0,0.175,0.0175,0.9,1.0000000000000002,5.0,traj,total rotation (rad),max,13.381362
minimum_distance_penalty,0.2,0.01,0.1,1.0,2.0,0.175,0.0175,0.9,1.0000000000000002,5.0,traj,duration (s),mean,24.819399999999995
minimum_distance_penalty,0.2,0.01,0.1,1.0,2.0,0.175,0.0175,0.9,1.0000000000000002,5.0,traj,duration (s),std_dev,1.9380485649229733
minimum_distance_penalty,0.2,0.01,0.1,1.0,2.0,0.175,0.0175,0.9,1.0000000000000002,5.0,traj,duration (s),median,23.647
minimum_distance_penalty,0.2,0.01,0.1,1.0,2.0,0.175,0.0175,0.9,1.0000000000000002,5.0,traj,duration (s),min,23.576
minimum_distance_penalty,0.2,0.01,0.1,1.0,2.0,0.175,0.0175,0.9,1.0000000000000002,5.0,traj,duration (s),max,28.616999999999997
minimum_distance_penalty,0.2,0.01,0.1,1.0,2.0,0.175,0.0175,0.9,1.0000000000000002,5.0,completion,successes,count,5.0
minimum_distance_penalty,0.2,0.01,0.1,1.0,2.0,0.175,0.0175,0.9,1.0000000000000002,5.0,completion,failures,count,0.0
minimum_distance_penalty,0.2,0.01,0.1,1.0,2.0,0.175,0.0175,0.9,1.0000000000000002,5.0,completion,errors,count,0.0
minimum_distance_penalty,0.2,0.01,0.1,1.0,2.0,0.175,0.0175,0.9,1.0000000000000002,5.0,completion,data or metrics missing,count,0.0
minimum_distance_penalty,0.2,0.01,0.1,1.0,2.0,0.175,0.0175,0.9,1.0000000000000002,5.0,latency,latency,mean,0.003391608391608392
minimum_distance_penalty,0.2,0.01,0.1,1.0,2.0,0.175,0.0175,0.9,1.0000000000000002,5.0,latency,latency,std_dev,0.002102396118967228
minimum_distance_penalty,0.2,0.01,0.1,1.0,2.0,0.175,0.0175,0.9,1.0000000000000002,5.0,latency,latency,median,0.003
minimum_distance_penalty,0.2,0.01,0.1,1.0,2.0,0.175,0.0175,0.9,1.0000000000000002,5.0,latency,latency,min,0.0
minimum_distance_penalty,0.2,0.01,0.1,1.0,2.0,0.175,0.0175,0.9,1.0000000000000002,5.0,latency,latency,max,0.014
minimum_distance_penalty,0.2,0.01,0.1,1.0,2.0,0.175,0.0175,0.9,1.0000000000000002,5.0,cov,trace,mean,0.005808557823129252
minimum_distance_penalty,0.2,0.01,0.1,1.0,2.0,0.175,0.0175,0.9,1.0000000000000002,5.0,cov,trace,std_dev,0.0023771307008882505
minimum_distance_penalty,0.2,0.01,0.1,1.0,2.0,0.175,0.0175,0.9,1.0000000000000002,5.0,cov,trace,median,0.005118
minimum_distance_penalty,0.2,0.01,0.1,1.0,2.0,0.175,0.0175,0.9,1.0000000000000002,5.0,cov,trace,min,0.0027400000000000002
minimum_distance_penalty,0.2,0.01,0.1,1.0,2.0,0.175,0.0175,0.9,1.0000000000000002,5.0,cov,trace,max,0.02226
minimum_distance_penalty,0.2,0.01,0.1,1.0,2.0,0.175,0.0175,0.9,1.0000000000000002,5.0,cov,trace,rmse,0.0062761528306552175
minimum_distance_penalty,0.2,0.01,0.1,1.0,2.0,0.175,0.0175,0.9,1.0000000000000002,5.0,cov,det,mean,3.864867264217685e-10
minimum_distance_penalty,0.2,0.01,0.1,1.0,2.0,0.175,0.0175,0.9,1.0000000000000002,5.0,cov,det,std_dev,4.2347354286606635e-10
minimum_distance_penalty,0.2,0.01,0.1,1.0,2.0,0.175,0.0175,0.9,1.0000000000000002,5.0,cov,det,median,3.0676986199999964e-10
minimum_distance_penalty,0.2,0.01,0.1,1.0,2.0,0.175,0.0175,0.9,1.0000000000000002,5.0,cov,det,min,7.165423699999986e-11
minimum_distance_penalty,0.2,0.01,0.1,1.0,2.0,0.175,0.0175,0.9,1.0000000000000002,5.0,cov,det,max,4.679547656000001e-09
minimum_distance_penalty,0.2,0.01,0.1,1.0,2.0,0.175,0.0175,0.9,1.0000000000000002,5.0,cov,det,rmse,5.733252403372392e-10
minimum_distance_penalty,0.2,0.01,0.1,1.0,2.0,0.175,0.0175,0.9,1.4142135623730954,5.0,traj,APE,mean,0.05909153625541054
minimum_distance_penalty,0.2,0.01,0.1,1.0,2.0,0.175,0.0175,0.9,1.4142135623730954,5.0,traj,APE,std_dev,0.03526131361475962
minimum_distance_penalty,0.2,0.01,0.1,1.0,2.0,0.175,0.0175,0.9,1.4142135623730954,5.0,traj,APE,median,0.051963118869397515
minimum_distance_penalty,0.2,0.01,0.1,1.0,2.0,0.175,0.0175,0.9,1.4142135623730954,5.0,traj,APE,min,9.75781955236954e-19
minimum_distance_penalty,0.2,0.01,0.1,1.0,2.0,0.175,0.0175,0.9,1.4142135623730954,5.0,traj,APE,max,0.15979361306366144
minimum_distance_penalty,0.2,0.01,0.1,1.0,2.0,0.175,0.0175,0.9,1.4142135623730954,5.0,traj,APE,rmse,0.06881257076191041
minimum_distance_penalty,0.2,0.01,0.1,1.0,2.0,0.175,0.0175,0.9,1.4142135623730954,5.0,traj,RPE,mean,0.04473631318165963
minimum_distance_penalty,0.2,0.01,0.1,1.0,2.0,0.175,0.0175,0.9,1.4142135623730954,5.0,traj,RPE,std_dev,0.0253589011560426
minimum_distance_penalty,0.2,0.01,0.1,1.0,2.0,0.175,0.0175,0.9,1.4142135623730954,5.0,traj,RPE,median,0.03734472469054373
minimum_distance_penalty,0.2,0.01,0.1,1.0,2.0,0.175,0.0175,0.9,1.4142135623730954,5.0,traj,RPE,min,0.009703224501136566
minimum_distance_penalty,0.2,0.01,0.1,1.0,2.0,0.175,0.0175,0.9,1.4142135623730954,5.0,traj,RPE,max,0.12768950298209134
minimum_distance_penalty,0.2,0.01,0.1,1.0,2.0,0.175,0.0175,0.9,1.4142135623730954,5.0,traj,RPE,rmse,0.05142384257257981
minimum_distance_penalty,0.2,0.01,0.1,1.0,2.0,0.175,0.0175,0.9,1.4142135623730954,5.0,traj,num associated poses,mean,28.0
minimum_distance_penalty,0.2,0.01,0.1,1.0,2.0,0.175,0.0175,0.9,1.4142135623730954,5.0,traj,num associated poses,std_dev,0.0
minimum_distance_penalty,0.2,0.01,0.1,1.0,2.0,0.175,0.0175,0.9,1.4142135623730954,5.0,traj,num associated poses,median,28.0
minimum_distance_penalty,0.2,0.01,0.1,1.0,2.0,0.175,0.0175,0.9,1.4142135623730954,5.0,traj,num associated poses,min,28.0
minimum_distance_penalty,0.2,0.01,0.1,1.0,2.0,0.175,0.0175,0.9,1.4142135623730954,5.0,traj,num associated poses,max,28.0
minimum_distance_penalty,0.2,0.01,0.1,1.0,2.0,0.175,0.0175,0.9,1.4142135623730954,5.0,traj,num gt poses,mean,173.33333333333334
minimum_distance_penalty,0.2,0.01,0.1,1.0,2.0,0.175,0.0175,0.9,1.4142135623730954,5.0,traj,num gt poses,std_dev,4.0276819911981905
minimum_distance_penalty,0.2,0.01,0.1,1.0,2.0,0.175,0.0175,0.9,1.4142135623730954,5.0,traj,num gt poses,median,171.0
minimum_distance_penalty,0.2,0.01,0.1,1.0,2.0,0.175,0.0175,0.9,1.4142135623730954,5.0,traj,num gt poses,min,170.0
minimum_distance_penalty,0.2,0.01,0.1,1.0,2.0,0.175,0.0175,0.9,1.4142135623730954,5.0,traj,num gt poses,max,179.0
minimum_distance_penalty,0.2,0.01,0.1,1.0,2.0,0.175,0.0175,0.9,1.4142135623730954,5.0,traj,odom accum path length (m),mean,11.534561666666667
minimum_distance_penalty,0.2,0.01,0.1,1.0,2.0,0.175,0.0175,0.9,1.4142135623730954,5.0,traj,odom accum path length (m),std_dev,0.0985274115507403
minimum_distance_penalty,0.2,0.01,0.1,1.0,2.0,0.175,0.0175,0.9,1.4142135623730954,5.0,traj,odom accum path length (m),median,11.551552
minimum_distance_penalty,0.2,0.01,0.1,1.0,2.0,0.175,0.0175,0.9,1.4142135623730954,5.0,traj,odom accum path length (m),min,11.406296
minimum_distance_penalty,0.2,0.01,0.1,1.0,2.0,0.175,0.0175,0.9,1.4142135623730954,5.0,traj,odom accum path length (m),max,11.645837
minimum_distance_penalty,0.2,0.01,0.1,1.0,2.0,0.175,0.0175,0.9,1.4142135623730954,5.0,traj,total rotation (rad),mean,9.154737666666668
minimum_distance_penalty,0.2,0.01,0.1,1.0,2.0,0.175,0.0175,0.9,1.4142135623730954,5.0,traj,total rotation (rad),std_dev,0.4913575974768499
minimum_distance_penalty,0.2,0.01,0.1,1.0,2.0,0.175,0.0175,0.9,1.4142135623730954,5.0,traj,total rotation (rad),median,9.331219
minimum_distance_penalty,0.2,0.01,0.1,1.0,2.0,0.175,0.0175,0.9,1.4142135623730954,5.0,traj,total rotation (rad),min,8.484441
minimum_distance_penalty,0.2,0.01,0.1,1.0,2.0,0.175,0.0175,0.9,1.4142135623730954,5.0,traj,total rotation (rad),max,9.648553
minimum_distance_penalty,0.2,0.01,0.1,1.0,2.0,0.175,0.0175,0.9,1.4142135623730954,5.0,traj,duration (s),mean,23.813666666666666
minimum_distance_penalty,0.2,0.01,0.1,1.0,2.0,0.175,0.0175,0.9,1.4142135623730954,5.0,traj,duration (s),std_dev,0.5710985515264049
minimum_distance_penalty,0.2,0.01,0.1,1.0,2.0,0.175,0.0175,0.9,1.4142135623730954,5.0,traj,duration (s),median,23.464000000000002
minimum_distance_penalty,0.2,0.01,0.1,1.0,2.0,0.175,0.0175,0.9,1.4142135623730954,5.0,traj,duration (s),min,23.357999999999997
minimum_distance_penalty,0.2,0.01,0.1,1.0,2.0,0.175,0.0175,0.9,1.4142135623730954,5.0,traj,duration (s),max,24.619000000000003
minimum_distance_penalty,0.2,0.01,0.1,1.0,2.0,0.175,0.0175,0.9,1.4142135623730954,5.0,completion,successes,count,3.0
minimum_distance_penalty,0.2,0.01,0.1,1.0,2.0,0.175,0.0175,0.9,1.4142135623730954,5.0,completion,failures,count,0.0
minimum_distance_penalty,0.2,0.01,0.1,1.0,2.0,0.175,0.0175,0.9,1.4142135623730954,5.0,completion,errors,count,2.0
minimum_distance_penalty,0.2,0.01,0.1,1.0,2.0,0.175,0.0175,0.9,1.4142135623730954,5.0,completion,data or metrics missing,count,2.0
minimum_distance_penalty,0.2,0.01,0.1,1.0,2.0,0.175,0.0175,0.9,1.4142135623730954,5.0,latency,latency,mean,0.003523809523809524
minimum_distance_penalty,0.2,0.01,0.1,1.0,2.0,0.175,0.0175,0.9,1.4142135623730954,5.0,latency,latency,std_dev,0.0016364609788037698
minimum_distance_penalty,0.2,0.01,0.1,1.0,2.0,0.175,0.0175,0.9,1.4142135623730954,5.0,latency,latency,median,0.003
minimum_distance_penalty,0.2,0.01,0.1,1.0,2.0,0.175,0.0175,0.9,1.4142135623730954,5.0,latency,latency,min,0.001
minimum_distance_penalty,0.2,0.01,0.1,1.0,2.0,0.175,0.0175,0.9,1.4142135623730954,5.0,latency,latency,max,0.007
minimum_distance_penalty,0.2,0.01,0.1,1.0,2.0,0.175,0.0175,0.9,1.4142135623730954,5.0,cov,trace,mean,0.00616189534883721
minimum_distance_penalty,0.2,0.01,0.1,1.0,2.0,0.175,0.0175,0.9,1.4142135623730954,5.0,cov,trace,std_dev,0.001451114623949063
minimum_distance_penalty,0.2,0.01,0.1,1.0,2.0,0.175,0.0175,0.9,1.4142135623730954,5.0,cov,trace,median,0.005842
minimum_distance_penalty,0.2,0.01,0.1,1.0,2.0,0.175,0.0175,0.9,1.4142135623730954,5.0,cov,trace,min,0.004099
minimum_distance_penalty,0.2,0.01,0.1,1.0,2.0,0.175,0.0175,0.9,1.4142135623730954,5.0,cov,trace,max,0.013267999999999999
minimum_distance_penalty,0.2,0.01,0.1,1.0,2.0,0.175,0.0175,0.9,1.4142135623730954,5.0,cov,trace,rmse,0.006330457166892488
minimum_distance_penalty,0.2,0.01,0.1,1.0,2.0,0.175,0.0175,0.9,1.4142135623730954,5.0,cov,det,mean,5.920339372104649e-09
minimum_distance_penalty,0.2,0.01,0.1,1.0,2.0,0.175,0.0175,0.9,1.4142135623730954,5.0,cov,det,std_dev,5.247327036230614e-09
minimum_distance_penalty,0.2,0.01,0.1,1.0,2.0,0.175,0.0175,0.9,1.4142135623730954,5.0,cov,det,median,4.133386791000003e-09
minimum_distance_penalty,0.2,0.01,0.1,1.0,2.0,0.175,0.0175,0.9,1.4142135623730954,5.0,cov,det,min,9.498384500000016e-11
minimum_distance_penalty,0.2,0.01,0.1,1.0,2.0,0.175,0.0175,0.9,1.4142135623730954,5.0,cov,det,max,3.488453763000004e-08
minimum_distance_penalty,0.2,0.01,0.1,1.0,2.0,0.175,0.0175,0.9,1.4142135623730954,5.0,cov,det,rmse,7.911059303661503e-09
minimum_distance_penalty,0.2,0.01,0.1,1.0,2.0,0.175,0.0175,0.9,2.0000000000000004,5.0,traj,APE,mean,0.07180990033686784
minimum_distance_penalty,0.2,0.01,0.1,1.0,2.0,0.175,0.0175,0.9,2.0000000000000004,5.0,traj,APE,std_dev,0.05326811035911821
minimum_distance_penalty,0.2,0.01,0.1,1.0,2.0,0.175,0.0175,0.9,2.0000000000000004,5.0,traj,APE,median,0.05376098767284057
minimum_distance_penalty,0.2,0.01,0.1,1.0,2.0,0.175,0.0175,0.9,2.0000000000000004,5.0,traj,APE,min,5.421010862427522e-20
minimum_distance_penalty,0.2,0.01,0.1,1.0,2.0,0.175,0.0175,0.9,2.0000000000000004,5.0,traj,APE,max,0.24202012460811828
minimum_distance_penalty,0.2,0.01,0.1,1.0,2.0,0.175,0.0175,0.9,2.0000000000000004,5.0,traj,APE,rmse,0.08941002945767375
minimum_distance_penalty,0.2,0.01,0.1,1.0,2.0,0.175,0.0175,0.9,2.0000000000000004,5.0,traj,RPE,mean,0.051431097418847146
minimum_distance_penalty,0.2,0.01,0.1,1.0,2.0,0.175,0.0175,0.9,2.0000000000000004,5.0,traj,RPE,std_dev,0.03138810958426804
minimum_distance_penalty,0.2,0.01,0.1,1.0,2.0,0.175,0.0175,0.9,2.0000000000000004,5.0,traj,RPE,median,0.04318802814453605
minimum_distance_penalty,0.2,0.01,0.1,1.0,2.0,0.175,0.0175,0.9,2.0000000000000004,5.0,traj,RPE,min,0.007646660013304479
minimum_distance_penalty,0.2,0.01,0.1,1.0,2.0,0.175,0.0175,0.9,2.0000000000000004,5.0,traj,RPE,max,0.17599412029655181
minimum_distance_penalty,0.2,0.01,0.1,1.0,2.0,0.175,0.0175,0.9,2.0000000000000004,5.0,traj,RPE,rmse,0.06025256181259818
minimum_distance_penalty,0.2,0.01,0.1,1.0,2.0,0.175,0.0175,0.9,2.0000000000000004,5.0,traj,num associated poses,mean,27.6
minimum_distance_penalty,0.2,0.01,0.1,1.0,2.0,0.175,0.0175,0.9,2.0000000000000004,5.0,traj,num associated poses,std_dev,0.4898979485566356
minimum_distance_penalty,0.2,0.01,0.1,1.0,2.0,0.175,0.0175,0.9,2.0000000000000004,5.0,traj,num associated poses,median,28.0
minimum_distance_penalty,0.2,0.01,0.1,1.0,2.0,0.175,0.0175,0.9,2.0000000000000004,5.0,traj,num associated poses,min,27.0
minimum_distance_penalty,0.2,0.01,0.1,1.0,2.0,0.175,0.0175,0.9,2.0000000000000004,5.0,traj,num associated poses,max,28.0
minimum_distance_penalty,0.2,0.01,0.1,1.0,2.0,0.175,0.0175,0.9,2.0000000000000004,5.0,traj,num gt poses,mean,173.4
minimum_distance_penalty,0.2,0.01,0.1,1.0,2.0,0.175,0.0175,0.9,2.0000000000000004,5.0,traj,num gt poses,std_dev,1.7435595774162693
minimum_distance_penalty,0.2,0.01,0.1,1.0,2.0,0.175,0.0175,0.9,2.0000000000000004,5.0,traj,num gt poses,median,174.0
minimum_distance_penalty,0.2,0.01,0.1,1.0,2.0,0.175,0.0175,0.9,2.0000000000000004,5.0,traj,num gt poses,min,171.0
minimum_distance_penalty,0.2,0.01,0.1,1.0,2.0,0.175,0.0175,0.9,2.0000000000000004,5.0,traj,num gt poses,max,176.0
minimum_distance_penalty,0.2,0.01,0.1,1.0,2.0,0.175,0.0175,0.9,2.0000000000000004,5.0,traj,odom accum path length (m),mean,11.5237702
minimum_distance_penalty,0.2,0.01,0.1,1.0,2.0,0.175,0.0175,0.9,2.0000000000000004,5.0,traj,odom accum path length (m),std_dev,0.03377484499683156
minimum_distance_penalty,0.2,0.01,0.1,1.0,2.0,0.175,0.0175,0.9,2.0000000000000004,5.0,traj,odom accum path length (m),median,11.527837
minimum_distance_penalty,0.2,0.01,0.1,1.0,2.0,0.175,0.0175,0.9,2.0000000000000004,5.0,traj,odom accum path length (m),min,11.46348
minimum_distance_penalty,0.2,0.01,0.1,1.0,2.0,0.175,0.0175,0.9,2.0000000000000004,5.0,traj,odom accum path length (m),max,11.563928
minimum_distance_penalty,0.2,0.01,0.1,1.0,2.0,0.175,0.0175,0.9,2.0000000000000004,5.0,traj,total rotation (rad),mean,9.572641
minimum_distance_penalty,0.2,0.01,0.1,1.0,2.0,0.175,0.0175,0.9,2.0000000000000004,5.0,traj,total rotation (rad),std_dev,0.2599754835879721
minimum_distance_penalty,0.2,0.01,0.1,1.0,2.0,0.175,0.0175,0.9,2.0000000000000004,5.0,traj,total rotation (rad),median,9.563081
minimum_distance_penalty,0.2,0.01,0.1,1.0,2.0,0.175,0.0175,0.9,2.0000000000000004,5.0,traj,total rotation (rad),min,9.155169
minimum_distance_penalty,0.2,0.01,0.1,1.0,2.0,0.175,0.0175,0.9,2.0000000000000004,5.0,traj,total rotation (rad),max,9.968951
minimum_distance_penalty,0.2,0.01,0.1,1.0,2.0,0.175,0.0175,0.9,2.0000000000000004,5.0,traj,duration (s),mean,23.744
minimum_distance_penalty,0.2,0.01,0.1,1.0,2.0,0.175,0.0175,0.9,2.0000000000000004,5.0,traj,duration (s),std_dev,0.23083154030591335
minimum_distance_penalty,0.2,0.01,0.1,1.0,2.0,0.175,0.0175,0.9,2.0000000000000004,5.0,traj,duration (s),median,23.807000000000002
minimum_distance_penalty,0.2,0.01,0.1,1.0,2.0,0.175,0.0175,0.9,2.0000000000000004,5.0,traj,duration (s),min,23.388999999999996
minimum_distance_penalty,0.2,0.01,0.1,1.0,2.0,0.175,0.0175,0.9,2.0000000000000004,5.0,traj,duration (s),max,23.995
minimum_distance_penalty,0.2,0.01,0.1,1.0,2.0,0.175,0.0175,0.9,2.0000000000000004,5.0,completion,successes,count,5.0
minimum_distance_penalty,0.2,0.01,0.1,1.0,2.0,0.175,0.0175,0.9,2.0000000000000004,5.0,completion,failures,count,0.0
minimum_distance_penalty,0.2,0.01,0.1,1.0,2.0,0.175,0.0175,0.9,2.0000000000000004,5.0,completion,errors,count,0.0
minimum_distance_penalty,0.2,0.01,0.1,1.0,2.0,0.175,0.0175,0.9,2.0000000000000004,5.0,completion,data or metrics missing,count,0.0
minimum_distance_penalty,0.2,0.01,0.1,1.0,2.0,0.175,0.0175,0.9,2.0000000000000004,5.0,latency,latency,mean,0.0031521739130434784
minimum_distance_penalty,0.2,0.01,0.1,1.0,2.0,0.175,0.0175,0.9,2.0000000000000004,5.0,latency,latency,std_dev,0.0024492003247231164
minimum_distance_penalty,0.2,0.01,0.1,1.0,2.0,0.175,0.0175,0.9,2.0000000000000004,5.0,latency,latency,median,0.003
minimum_distance_penalty,0.2,0.01,0.1,1.0,2.0,0.175,0.0175,0.9,2.0000000000000004,5.0,latency,latency,min,0.0
minimum_distance_penalty,0.2,0.01,0.1,1.0,2.0,0.175,0.0175,0.9,2.0000000000000004,5.0,latency,latency,max,0.016
minimum_distance_penalty,0.2,0.01,0.1,1.0,2.0,0.175,0.0175,0.9,2.0000000000000004,5.0,cov,trace,mean,0.004714328671328672
minimum_distance_penalty,0.2,0.01,0.1,1.0,2.0,0.175,0.0175,0.9,2.0000000000000004,5.0,cov,trace,std_dev,0.0007390996391492437
minimum_distance_penalty,0.2,0.01,0.1,1.0,2.0,0.175,0.0175,0.9,2.0000000000000004,5.0,cov,trace,median,0.004540000000000001
minimum_distance_penalty,0.2,0.01,0.1,1.0,2.0,0.175,0.0175,0.9,2.0000000000000004,5.0,cov,trace,min,0.003706
minimum_distance_penalty,0.2,0.01,0.1,1.0,2.0,0.175,0.0175,0.9,2.0000000000000004,5.0,cov,trace,max,0.008395
minimum_distance_penalty,0.2,0.01,0.1,1.0,2.0,0.175,0.0175,0.9,2.0000000000000004,5.0,cov,trace,rmse,0.004771913986850779
minimum_distance_penalty,0.2,0.01,0.1,1.0,2.0,0.175,0.0175,0.9,2.0000000000000004,5.0,cov,det,mean,1.5992086981538459e-09
minimum_distance_penalty,0.2,0.01,0.1,1.0,2.0,0.175,0.0175,0.9,2.0000000000000004,5.0,cov,det,std_dev,1.3821087865045855e-09
minimum_distance_penalty,0.2,0.01,0.1,1.0,2.0,0.175,0.0175,0.9,2.0000000000000004,5.0,cov,det,median,1.224039123000002e-09
minimum_distance_penalty,0.2,0.01,0.1,1.0,2.0,0.175,0.0175,0.9,2.0000000000000004,5.0,cov,det,min,9.498384500000016e-11
minimum_distance_penalty,0.2,0.01,0.1,1.0,2.0,0.175,0.0175,0.9,2.0000000000000004,5.0,cov,det,max,1.0454297733000013e-08
minimum_distance_penalty,0.2,0.01,0.1,1.0,2.0,0.175,0.0175,0.9,2.0000000000000004,5.0,cov,det,rmse,2.1136918313661753e-09
minimum_distance_penalty,0.2,0.01,0.1,1.0,2.0,0.175,0.0175,0.9,2.8284271247461907,5.0,traj,APE,mean,0.08795891439377113
minimum_distance_penalty,0.2,0.01,0.1,1.0,2.0,0.175,0.0175,0.9,2.8284271247461907,5.0,traj,APE,std_dev,0.06372194753549036
minimum_distance_penalty,0.2,0.01,0.1,1.0,2.0,0.175,0.0175,0.9,2.8284271247461907,5.0,traj,APE,median,0.06643570858517833
minimum_distance_penalty,0.2,0.01,0.1,1.0,2.0,0.175,0.0175,0.9,2.8284271247461907,5.0,traj,APE,min,5.421010862427522e-20
minimum_distance_penalty,0.2,0.01,0.1,1.0,2.0,0.175,0.0175,0.9,2.8284271247461907,5.0,traj,APE,max,0.2784320167326203
minimum_distance_penalty,0.2,0.01,0.1,1.0,2.0,0.175,0.0175,0.9,2.8284271247461907,5.0,traj,APE,rmse,0.10861517950565909
minimum_distance_penalty,0.2,0.01,0.1,1.0,2.0,0.175,0.0175,0.9,2.8284271247461907,5.0,traj,RPE,mean,0.05577935479543559
minimum_distance_penalty,0.2,0.01,0.1,1.0,2.0,0.175,0.0175,0.9,2.8284271247461907,5.0,traj,RPE,std_dev,0.03519676712028424
minimum_distance_penalty,0.2,0.01,0.1,1.0,2.0,0.175,0.0175,0.9,2.8284271247461907,5.0,traj,RPE,median,0.04424968363636906
minimum_distance_penalty,0.2,0.01,0.1,1.0,2.0,0.175,0.0175,0.9,2.8284271247461907,5.0,traj,RPE,min,0.0164344870798197
minimum_distance_penalty,0.2,0.01,0.1,1.0,2.0,0.175,0.0175,0.9,2.8284271247461907,5.0,traj,RPE,max,0.20477013381311632
minimum_distance_penalty,0.2,0.01,0.1,1.0,2.0,0.175,0.0175,0.9,2.8284271247461907,5.0,traj,RPE,rmse,0.06595565811296711
minimum_distance_penalty,0.2,0.01,0.1,1.0,2.0,0.175,0.0175,0.9,2.8284271247461907,5.0,traj,num associated poses,mean,28.4
minimum_distance_penalty,0.2,0.01,0.1,1.0,2.0,0.175,0.0175,0.9,2.8284271247461907,5.0,traj,num associated poses,std_dev,1.9595917942265424
minimum_distance_penalty,0.2,0.01,0.1,1.0,2.0,0.175,0.0175,0.9,2.8284271247461907,5.0,traj,num associated poses,median,28.0
minimum_distance_penalty,0.2,0.01,0.1,1.0,2.0,0.175,0.0175,0.9,2.8284271247461907,5.0,traj,num associated poses,min,26.0
minimum_distance_penalty,0.2,0.01,0.1,1.0,2.0,0.175,0.0175,0.9,2.8284271247461907,5.0,traj,num associated poses,max,32.0
minimum_distance_penalty,0.2,0.01,0.1,1.0,2.0,0.175,0.0175,0.9,2.8284271247461907,5.0,traj,num gt poses,mean,175.8
minimum_distance_penalty,0.2,0.01,0.1,1.0,2.0,0.175,0.0175,0.9,2.8284271247461907,5.0,traj,num gt poses,std_dev,5.1146847410177685
minimum_distance_penalty,0.2,0.01,0.1,1.0,2.0,0.175,0.0175,0.9,2.8284271247461907,5.0,traj,num gt poses,median,173.0
minimum_distance_penalty,0.2,0.01,0.1,1.0,2.0,0.175,0.0175,0.9,2.8284271247461907,5.0,traj,num gt poses,min,173.0
minimum_distance_penalty,0.2,0.01,0.1,1.0,2.0,0.175,0.0175,0.9,2.8284271247461907,5.0,traj,num gt poses,max,186.0
minimum_distance_penalty,0.2,0.01,0.1,1.0,2.0,0.175,0.0175,0.9,2.8284271247461907,5.0,traj,odom accum path length (m),mean,11.565793000000001
minimum_distance_penalty,0.2,0.01,0.1,1.0,2.0,0.175,0.0175,0.9,2.8284271247461907,5.0,traj,odom accum path length (m),std_dev,0.22631610639987623
minimum_distance_penalty,0.2,0.01,0.1,1.0,2.0,0.175,0.0175,0.9,2.8284271247461907,5.0,traj,odom accum path length (m),median,11.466348
minimum_distance_penalty,0.2,0.01,0.1,1.0,2.0,0.175,0.0175,0.9,2.8284271247461907,5.0,traj,odom accum path length (m),min,11.35259
minimum_distance_penalty,0.2,0.01,0.1,1.0,2.0,0.175,0.0175,0.9,2.8284271247461907,5.0,traj,odom accum path length (m),max,11.974171
minimum_distance_penalty,0.2,0.01,0.1,1.0,2.0,0.175,0.0175,0.9,2.8284271247461907,5.0,traj,total rotation (rad),mean,9.9659504
minimum_distance_penalty,0.2,0.01,0.1,1.0,2.0,0.175,0.0175,0.9,2.8284271247461907,5.0,traj,total rotation (rad),std_dev,1.388589473123659
minimum_distance_penalty,0.2,0.01,0.1,1.0,2.0,0.175,0.0175,0.9,2.8284271247461907,5.0,traj,total rotation (rad),median,9.446874
minimum_distance_penalty,0.2,0.01,0.1,1.0,2.0,0.175,0.0175,0.9,2.8284271247461907,5.0,traj,total rotation (rad),min,8.942577
minimum_distance_penalty,0.2,0.01,0.1,1.0,2.0,0.175,0.0175,0.9,2.8284271247461907,5.0,traj,total rotation (rad),max,12.69016
minimum_distance_penalty,0.2,0.01,0.1,1.0,2.0,0.175,0.0175,0.9,2.8284271247461907,5.0,traj,duration (s),mean,24.051
minimum_distance_penalty,0.2,0.01,0.1,1.0,2.0,0.175,0.0175,0.9,2.8284271247461907,5.0,traj,duration (s),std_dev,0.6670784061862599
minimum_distance_penalty,0.2,0.01,0.1,1.0,2.0,0.175,0.0175,0.9,2.8284271247461907,5.0,traj,duration (s),median,23.744999999999997
minimum_distance_penalty,0.2,0.01,0.1,1.0,2.0,0.175,0.0175,0.9,2.8284271247461907,5.0,traj,duration (s),min,23.663000000000004
minimum_distance_penalty,0.2,0.01,0.1,1.0,2.0,0.175,0.0175,0.9,2.8284271247461907,5.0,traj,duration (s),max,25.383000000000003
minimum_distance_penalty,0.2,0.01,0.1,1.0,2.0,0.175,0.0175,0.9,2.8284271247461907,5.0,completion,successes,count,5.0
minimum_distance_penalty,0.2,0.01,0.1,1.0,2.0,0.175,0.0175,0.9,2.8284271247461907,5.0,completion,failures,count,0.0
minimum_distance_penalty,0.2,0.01,0.1,1.0,2.0,0.175,0.0175,0.9,2.8284271247461907,5.0,completion,errors,count,0.0
minimum_distance_penalty,0.2,0.01,0.1,1.0,2.0,0.175,0.0175,0.9,2.8284271247461907,5.0,completion,data or metrics missing,count,0.0
minimum_distance_penalty,0.2,0.01,0.1,1.0,2.0,0.175,0.0175,0.9,2.8284271247461907,5.0,latency,latency,mean,0.0034154929577464794
minimum_distance_penalty,0.2,0.01,0.1,1.0,2.0,0.175,0.0175,0.9,2.8284271247461907,5.0,latency,latency,std_dev,0.0027302245631895127
minimum_distance_penalty,0.2,0.01,0.1,1.0,2.0,0.175,0.0175,0.9,2.8284271247461907,5.0,latency,latency,median,0.003
minimum_distance_penalty,0.2,0.01,0.1,1.0,2.0,0.175,0.0175,0.9,2.8284271247461907,5.0,latency,latency,min,0.0
minimum_distance_penalty,0.2,0.01,0.1,1.0,2.0,0.175,0.0175,0.9,2.8284271247461907,5.0,latency,latency,max,0.015000000000000001
minimum_distance_penalty,0.2,0.01,0.1,1.0,2.0,0.175,0.0175,0.9,2.8284271247461907,5.0,cov,trace,mean,0.004052034246575343
minimum_distance_penalty,0.2,0.01,0.1,1.0,2.0,0.175,0.0175,0.9,2.8284271247461907,5.0,cov,trace,std_dev,0.0008013541742112548
minimum_distance_penalty,0.2,0.01,0.1,1.0,2.0,0.175,0.0175,0.9,2.8284271247461907,5.0,cov,trace,median,0.00383
minimum_distance_penalty,0.2,0.01,0.1,1.0,2.0,0.175,0.0175,0.9,2.8284271247461907,5.0,cov,trace,min,0.003428
minimum_distance_penalty,0.2,0.01,0.1,1.0,2.0,0.175,0.0175,0.9,2.8284271247461907,5.0,cov,trace,max,0.010426
minimum_distance_penalty,0.2,0.01,0.1,1.0,2.0,0.175,0.0175,0.9,2.8284271247461907,5.0,cov,trace,rmse,0.004130514501602096
minimum_distance_penalty,0.2,0.01,0.1,1.0,2.0,0.175,0.0175,0.9,2.8284271247461907,5.0,cov,det,mean,5.082029003150684e-10
minimum_distance_penalty,0.2,0.01,0.1,1.0,2.0,0.175,0.0175,0.9,2.8284271247461907,5.0,cov,det,std_dev,6.625775882192157e-10
minimum_distance_penalty,0.2,0.01,0.1,1.0,2.0,0.175,0.0175,0.9,2.8284271247461907,5.0,cov,det,median,2.8712715149999985e-10
minimum_distance_penalty,0.2,0.01,0.1,1.0,2.0,0.175,0.0175,0.9,2.8284271247461907,5.0,cov,det,min,9.498384500000016e-11
minimum_distance_penalty,0.2,0.01,0.1,1.0,2.0,0.175,0.0175,0.9,2.8284271247461907,5.0,cov,det,max,5.730554448e-09
minimum_distance_penalty,0.2,0.01,0.1,1.0,2.0,0.175,0.0175,0.9,2.8284271247461907,5.0,cov,det,rmse,8.350324833795629e-10
max_laser_range,0.2,0.01,0.1,1.0,2.0,0.175,0.0175,0.9,0.5,1.562499999999999,traj,APE,mean,0.06229984961897648
max_laser_range,0.2,0.01,0.1,1.0,2.0,0.175,0.0175,0.9,0.5,1.562499999999999,traj,APE,std_dev,0.03522138756597678
max_laser_range,0.2,0.01,0.1,1.0,2.0,0.175,0.0175,0.9,0.5,1.562499999999999,traj,APE,median,0.05270565883483852
max_laser_range,0.2,0.01,0.1,1.0,2.0,0.175,0.0175,0.9,0.5,1.562499999999999,traj,APE,min,5.421010862427522e-20
max_laser_range,0.2,0.01,0.1,1.0,2.0,0.175,0.0175,0.9,0.5,1.562499999999999,traj,APE,max,0.17253426680606648
max_laser_range,0.2,0.01,0.1,1.0,2.0,0.175,0.0175,0.9,0.5,1.562499999999999,traj,APE,rmse,0.07156687365408543
max_laser_range,0.2,0.01,0.1,1.0,2.0,0.175,0.0175,0.9,0.5,1.562499999999999,traj,RPE,mean,0.05271086890634058
max_laser_range,0.2,0.01,0.1,1.0,2.0,0.175,0.0175,0.9,0.5,1.562499999999999,traj,RPE,std_dev,0.03248750602015505
max_laser_range,0.2,0.01,0.1,1.0,2.0,0.175,0.0175,0.9,0.5,1.562499999999999,traj,RPE,median,0.04220798181866182
max_laser_range,0.2,0.01,0.1,1.0,2.0,0.175,0.0175,0.9,0.5,1.562499999999999,traj,RPE,min,0.017663697394134332
max_laser_range,0.2,0.01,0.1,1.0,2.0,0.175,0.0175,0.9,0.5,1.562499999999999,traj,RPE,max,0.17879853635897713
max_laser_range,0.2,0.01,0.1,1.0,2.0,0.175,0.0175,0.9,0.5,1.562499999999999,traj,RPE,rmse,0.06191828282721537
max_laser_range,0.2,0.01,0.1,1.0,2.0,0.175,0.0175,0.9,0.5,1.562499999999999,traj,num associated poses,mean,28.0
max_laser_range,0.2,0.01,0.1,1.0,2.0,0.175,0.0175,0.9,0.5,1.562499999999999,traj,num associated poses,std_dev,0.8944271909999159
max_laser_range,0.2,0.01,0.1,1.0,2.0,0.175,0.0175,0.9,0.5,1.562499999999999,traj,num associated poses,median,28.0
max_laser_range,0.2,0.01,0.1,1.0,2.0,0.175,0.0175,0.9,0.5,1.562499999999999,traj,num associated poses,min,27.0
max_laser_range,0.2,0.01,0.1,1.0,2.0,0.175,0.0175,0.9,0.5,1.562499999999999,traj,num associated poses,max,29.0
max_laser_range,0.2,0.01,0.1,1.0,2.0,0.175,0.0175,0.9,0.5,1.562499999999999,traj,num gt poses,mean,174.8
max_laser_range,0.2,0.01,0.1,1.0,2.0,0.175,0.0175,0.9,0.5,1.562499999999999,traj,num gt poses,std_dev,4.578209256903839
max_laser_range,0.2,0.01,0.1,1.0,2.0,0.175,0.0175,0.9,0.5,1.562499999999999,traj,num gt poses,median,174.0
max_laser_range,0.2,0.01,0.1,1.0,2.0,0.175,0.0175,0.9,0.5,1.562499999999999,traj,num gt poses,min,169.0
max_laser_range,0.2,0.01,0.1,1.0,2.0,0.175,0.0175,0.9,0.5,1.562499999999999,traj,num gt poses,max,181.0
max_laser_range,0.2,0.01,0.1,1.0,2.0,0.175,0.0175,0.9,0.5,1.562499999999999,traj,odom accum path length (m),mean,11.5904294
max_laser_range,0.2,0.01,0.1,1.0,2.0,0.175,0.0175,0.9,0.5,1.562499999999999,traj,odom accum path length (m),std_dev,0.09792329016653857
max_laser_range,0.2,0.01,0.1,1.0,2.0,0.175,0.0175,0.9,0.5,1.562499999999999,traj,odom accum path length (m),median,11.598594
max_laser_range,0.2,0.01,0.1,1.0,2.0,0.175,0.0175,0.9,0.5,1.562499999999999,traj,odom accum path length (m),min,11.436566
max_laser_range,0.2,0.01,0.1,1.0,2.0,0.175,0.0175,0.9,0.5,1.562499999999999,traj,odom accum path length (m),max,11.721633
max_laser_range,0.2,0.01,0.1,1.0,2.0,0.175,0.0175,0.9,0.5,1.562499999999999,traj,total rotation (rad),mean,9.585824800000001
max_laser_range,0.2,0.01,0.1,1.0,2.0,0.175,0.0175,0.9,0.5,1.562499999999999,traj,total rotation (rad),std_dev,0.6088749783777949
max_laser_range,0.2,0.01,0.1,1.0,2.0,0.175,0.0175,0.9,0.5,1.562499999999999,traj,total rotation (rad),median,9.20824
max_laser_range,0.2,0.01,0.1,1.0,2.0,0.175,0.0175,0.9,0.5,1.562499999999999,traj,total rotation (rad),min,8.939375
max_laser_range,0.2,0.01,0.1,1.0,2.0,0.175,0.0175,0.9,0.5,1.562499999999999,traj,total rotation (rad),max,10.337287
max_laser_range,0.2,0.01,0.1,1.0,2.0,0.175,0.0175,0.9,0.5,1.562499999999999,traj,duration (s),mean,23.973599999999998
max_laser_range,0.2,0.01,0.1,1.0,2.0,0.175,0.0175,0.9,0.5,1.562499999999999,traj,duration (s),std_dev,0.5936664383304829
max_laser_range,0.2,0.01,0.1,1.0,2.0,0.175,0.0175,0.9,0.5,1.562499999999999,traj,duration (s),median,23.791999999999998
max_laser_range,0.2,0.01,0.1,1.0,2.0,0.175,0.0175,0.9,0.5,1.562499999999999,traj,duration (s),min,23.225
max_laser_range,0.2,0.01,0.1,1.0,2.0,0.175,0.0175,0.9,0.5,1.562499999999999,traj,duration (s),max,24.829
max_laser_range,0.2,0.01,0.1,1.0,2.0,0.175,0.0175,0.9,0.5,1.562499999999999,completion,successes,count,5.0
max_laser_range,0.2,0.01,0.1,1.0,2.0,0.175,0.0175,0.9,0.5,1.562499999999999,completion,failures,count,0.0
max_laser_range,0.2,0.01,0.1,1.0,2.0,0.175,0.0175,0.9,0.5,1.562499999999999,completion,errors,count,0.0
max_laser_range,0.2,0.01,0.1,1.0,2.0,0.175,0.0175,0.9,0.5,1.562499999999999,completion,data or metrics missing,count,0.0
max_laser_range,0.2,0.01,0.1,1.0,2.0,0.175,0.0175,0.9,0.5,1.562499999999999,latency,latency,mean,0.0037142857142857142
max_laser_range,0.2,0.01,0.1,1.0,2.0,0.175,0.0175,0.9,0.5,1.562499999999999,latency,latency,std_dev,0.0020985903918232973
max_laser_range,0.2,0.01,0.1,1.0,2.0,0.175,0.0175,0.9,0.5,1.562499999999999,latency,latency,median,0.003
max_laser_range,0.2,0.01,0.1,1.0,2.0,0.175,0.0175,0.9,0.5,1.562499999999999,latency,latency,min,0.0
max_laser_range,0.2,0.01,0.1,1.0,2.0,0.175,0.0175,0.9,0.5,1.562499999999999,latency,latency,max,0.012
max_laser_range,0.2,0.01,0.1,1.0,2.0,0.175,0.0175,0.9,0.5,1.562499999999999,cov,trace,mean,0.005794931034482758
max_laser_range,0.2,0.01,0.1,1.0,2.0,0.175,0.0175,0.9,0.5,1.562499999999999,cov,trace,std_dev,0.0024974902869029925
max_laser_range,0.2,0.01,0.1,1.0,2.0,0.175,0.0175,0.9,0.5,1.562499999999999,cov,trace,median,0.004997000000000001
max_laser_range,0.2,0.01,0.1,1.0,2.0,0.175,0.0175,0.9,0.5,1.562499999999999,cov,trace,min,0.0028629999999999997
max_laser_range,0.2,0.01,0.1,1.0,2.0,0.175,0.0175,0.9,0.5,1.562499999999999,cov,trace,max,0.022462
max_laser_range,0.2,0.01,0.1,1.0,2.0,0.175,0.0175,0.9,0.5,1.562499999999999,cov,trace,rmse,0.006310204705680015
max_laser_range,0.2,0.01,0.1,1.0,2.0,0.175,0.0175,0.9,0.5,1.562499999999999,cov,det,mean,3.8177062687586185e-10
max_laser_range,0.2,0.01,0.1,1.0,2.0,0.175,0.0175,0.9,0.5,1.562499999999999,cov,det,std_dev,3.9969353999727945e-10
max_laser_range,0.2,0.01,0.1,1.0,2.0,0.175,0.0175,0.9,0.5,1.562499999999999,cov,det,median,2.654833220000006e-10
max_laser_range,0.2,0.01,0.1,1.0,2.0,0.175,0.0175,0.9,0.5,1.562499999999999,cov,det,min,8.072042000000003e-11
max_laser_range,0.2,0.01,0.1,1.0,2.0,0.175,0.0175,0.9,0.5,1.562499999999999,cov,det,max,2.931340879999996e-09
max_laser_range,0.2,0.01,0.1,1.0,2.0,0.175,0.0175,0.9,0.5,1.562499999999999,cov,det,rmse,5.527239251748971e-10
max_laser_range,0.2,0.01,0.1,1.0,2.0,0.175,0.0175,0.9,0.5,2.2097086912079598,traj,APE,mean,0.08735593187311681
max_laser_range,0.2,0.01,0.1,1.0,2.0,0.175,0.0175,0.9,0.5,2.2097086912079598,traj,APE,std_dev,0.0612890285763985
max_laser_range,0.2,0.01,0.1,1.0,2.0,0.175,0.0175,0.9,0.5,2.2097086912079598,traj,APE,median,0.06772122010350083
max_laser_range,0.2,0.01,0.1,1.0,2.0,0.175,0.0175,0.9,0.5,2.2097086912079598,traj,APE,min,5.421010862427522e-20
max_laser_range,0.2,0.01,0.1,1.0,2.0,0.175,0.0175,0.9,0.5,2.2097086912079598,traj,APE,max,0.27593920237193653
max_laser_range,0.2,0.01,0.1,1.0,2.0,0.175,0.0175,0.9,0.5,2.2097086912079598,traj,APE,rmse,0.10671177937444028
max_laser_range,0.2,0.01,0.1,1.0,2.0,0.175,0.0175,0.9,0.5,2.2097086912079598,traj,RPE,mean,0.0517024918977845
max_laser_range,0.2,0.01,0.1,1.0,2.0,0.175,0.0175,0.9,0.5,2.2097086912079598,traj,RPE,std_dev,0.03143255675048041
max_laser_range,0.2,0.01,0.1,1.0,2.0,0.175,0.0175,0.9,0.5,2.2097086912079598,traj,RPE,median,0.0422281937575653
max_laser_range,0.2,0.01,0.1,1.0,2.0,0.175,0.0175,0.9,0.5,2.2097086912079598,traj,RPE,min,0.008436699345223146
max_laser_range,0.2,0.01,0.1,1.0,2.0,0.175,0.0175,0.9,0.5,2.2097086912079598,traj,RPE,max,0.16833171995614132
max_laser_range,0.2,0.01,0.1,1.0,2.0,0.175,0.0175,0.9,0.5,2.2097086912079598,traj,RPE,rmse,0.060507464765205986
max_laser_range,0.2,0.01,0.1,1.0,2.0,0.175,0.0175,0.9,0.5,2.2097086912079598,traj,num associated poses,mean,28.4
max_laser_range,0.2,0.01,0.1,1.0,2.0,0.175,0.0175,0.9,0.5,2.2097086912079598,traj,num associated poses,std_dev,0.7999999999999999
max_laser_range,0.2,0.01,0.1,1.0,2.0,0.175,0.0175,0.9,0.5,2.2097086912079598,traj,num associated poses,median,28.0
max_laser_range,0.2,0.01,0.1,1.0,2.0,0.175,0.0175,0.9,0.5,2.2097086912079598,traj,num associated poses,min,28.0
max_laser_range,0.2,0.01,0.1,1.0,2.0,0.175,0.0175,0.9,0.5,2.2097086912079598,traj,num associated poses,max,30.0
max_laser_range,0.2,0.01,0.1,1.0,2.0,0.175,0.0175,0.9,0.5,2.2097086912079598,traj,num gt poses,mean,180.4
max_laser_range,0.2,0.01,0.1,1.0,2.0,0.175,0.0175,0.9,0.5,2.2097086912079598,traj,num gt poses,std_dev,6.019966777316964
max_laser_range,0.2,0.01,0.1,1.0,2.0,0.175,0.0175,0.9,0.5,2.2097086912079598,traj,num gt poses,median,178.0
max_laser_range,0.2,0.01,0.1,1.0,2.0,0.175,0.0175,0.9,0.5,2.2097086912079598,traj,num gt poses,min,173.0
max_laser_range,0.2,0.01,0.1,1.0,2.0,0.175,0.0175,0.9,0.5,2.2097086912079598,traj,num gt poses,max,188.0
max_laser_range,0.2,0.01,0.1,1.0,2.0,0.175,0.0175,0.9,0.5,2.2097086912079598,traj,odom accum path length (m),mean,11.5967476
max_laser_range,0.2,0.01,0.1,1.0,2.0,0.175,0.0175,0.9,0.5,2.2097086912079598,traj,odom accum path length (m),std_dev,0.10695837199882952
max_laser_range,0.2,0.01,0.1,1.0,2.0,0.175,0.0175,0.9,0.5,2.2097086912079598,traj,odom accum path length (m),median,11.541085
max_laser_range,0.2,0.01,0.1,1.0,2.0,0.175,0.0175,0.9,0.5,2.2097086912079598,traj,odom accum path length (m),min,11.522826
max_laser_range,0.2,0.01,0.1,1.0,2.0,0.175,0.0175,0.9,0.5,2.2097086912079598,traj,odom accum path length (m),max,11.805861
max_laser_range,0.2,0.01,0.1,1.0,2.0,0.175,0.0175,0.9,0.5,2.2097086912079598,traj,total rotation (rad),mean,10.2457076
max_laser_range,0.2,0.01,0.1,1.0,2.0,0.175,0.0175,0.9,0.5,2.2097086912079598,traj,total rotation (rad),std_dev,0.7244144504526676
max_laser_range,0.2,0.01,0.1,1.0,2.0,0.175,0.0175,0.9,0.5,2.2097086912079598,traj,total rotation (rad),median,10.107515
max_laser_range,0.2,0.01,0.1,1.0,2.0,0.175,0.0175,0.9,0.5,2.2097086912079598,traj,total rotation (rad),min,9.401129
max_laser_range,0.2,0.01,0.1,1.0,2.0,0.175,0.0175,0.9,0.5,2.2097086912079598,traj,total rotation (rad),max,11.380561
max_laser_range,0.2,0.01,0.1,1.0,2.0,0.175,0.0175,0.9,0.5,2.2097086912079598,traj,duration (s),mean,24.7318
max_laser_range,0.2,0.01,0.1,1.0,2.0,0.175,0.0175,0.9,0.5,2.2097086912079598,traj,duration (s),std_dev,0.8689624617899216
max_laser_range,0.2,0.01,0.1,1.0,2.0,0.175,0.0175,0.9,0.5,2.2097086912079598,traj,duration (s),median,24.497
max_laser_range,0.2,0.01,0.1,1.0,2.0,0.175,0.0175,0.9,0.5,2.2097086912079598,traj,duration (s),min,23.758999999999997
max_laser_range,0.2,0.01,0.1,1.0,2.0,0.175,0.0175,0.9,0.5,2.2097086912079598,traj,duration (s),max,25.820999999999998
max_laser_range,0.2,0.01,0.1,1.0,2.0,0.175,0.0175,0.9,0.5,2.2097086912079598,completion,successes,count,5.0
max_laser_range,0.2,0.01,0.1,1.0,2.0,0.175,0.0175,0.9,0.5,2.2097086912079598,completion,failures,count,0.0
max_laser_range,0.2,0.01,0.1,1.0,2.0,0.175,0.0175,0.9,0.5,2.2097086912079598,completion,errors,count,0.0
max_laser_range,0.2,0.01,0.1,1.0,2.0,0.175,0.0175,0.9,0.5,2.2097086912079598,completion,data or metrics missing,count,0.0
max_laser_range,0.2,0.01,0.1,1.0,2.0,0.175,0.0175,0.9,0.5,2.2097086912079598,latency,latency,mean,0.00323943661971831
max_laser_range,0.2,0.01,0.1,1.0,2.0,0.175,0.0175,0.9,0.5,2.2097086912079598,latency,latency,std_dev,0.0023733543667577945
max_laser_range,0.2,0.01,0.1,1.0,2.0,0.175,0.0175,0.9,0.5,2.2097086912079598,latency,latency,median,0.003
max_laser_range,0.2,0.01,0.1,1.0,2.0,0.175,0.0175,0.9,0.5,2.2097086912079598,latency,latency,min,0.0
max_laser_range,0.2,0.01,0.1,1.0,2.0,0.175,0.0175,0.9,0.5,2.2097086912079598,latency,latency,max,0.016
max_laser_range,0.2,0.01,0.1,1.0,2.0,0.175,0.0175,0.9,0.5,2.2097086912079598,cov,trace,mean,0.005535068493150685
max_laser_range,0.2,0.01,0.1,1.0,2.0,0.175,0.0175,0.9,0.5,2.2097086912079598,cov,trace,std_dev,0.0019801375580331144
max_laser_range,0.2,0.01,0.1,1.0,2.0,0.175,0.0175,0.9,0.5,2.2097086912079598,cov,trace,median,0.005075
max_laser_range,0.2,0.01,0.1,1.0,2.0,0.175,0.0175,0.9,0.5,2.2097086912079598,cov,trace,min,0.002476
max_laser_range,0.2,0.01,0.1,1.0,2.0,0.175,0.0175,0.9,0.5,2.2097086912079598,cov,trace,max,0.021967999999999998
max_laser_range,0.2,0.01,0.1,1.0,2.0,0.175,0.0175,0.9,0.5,2.2097086912079598,cov,trace,rmse,0.005878599150529209
max_laser_range,0.2,0.01,0.1,1.0,2.0,0.175,0.0175,0.9,0.5,2.2097086912079598,cov,det,mean,3.327686455068491e-10
max_laser_range,0.2,0.01,0.1,1.0,2.0,0.175,0.0175,0.9,0.5,2.2097086912079598,cov,det,std_dev,2.6986146329866195e-10
max_laser_range,0.2,0.01,0.1,1.0,2.0,0.175,0.0175,0.9,0.5,2.2097086912079598,cov,det,median,2.502274389999999e-10
max_laser_range,0.2,0.01,0.1,1.0,2.0,0.175,0.0175,0.9,0.5,2.2097086912079598,cov,det,min,5.021514399999993e-11
max_laser_range,0.2,0.01,0.1,1.0,2.0,0.175,0.0175,0.9,0.5,2.2097086912079598,cov,det,max,1.947350485999997e-09
max_laser_range,0.2,0.01,0.1,1.0,2.0,0.175,0.0175,0.9,0.5,2.2097086912079598,cov,det,rmse,4.2843923817288034e-10
max_laser_range,0.2,0.01,0.1,1.0,2.0,0.175,0.0175,0.9,0.5,3.1249999999999982,traj,APE,mean,0.06885381637019644
max_laser_range,0.2,0.01,0.1,1.0,2.0,0.175,0.0175,0.9,0.5,3.1249999999999982,traj,APE,std_dev,0.047815900238878946
max_laser_range,0.2,0.01,0.1,1.0,2.0,0.175,0.0175,0.9,0.5,3.1249999999999982,traj,APE,median,0.0562772582920184
max_laser_range,0.2,0.01,0.1,1.0,2.0,0.175,0.0175,0.9,0.5,3.1249999999999982,traj,APE,min,5.421010862427522e-20
max_laser_range,0.2,0.01,0.1,1.0,2.0,0.175,0.0175,0.9,0.5,3.1249999999999982,traj,APE,max,0.210003977284839
max_laser_range,0.2,0.01,0.1,1.0,2.0,0.175,0.0175,0.9,0.5,3.1249999999999982,traj,APE,rmse,0.08382844591423101
max_laser_range,0.2,0.01,0.1,1.0,2.0,0.175,0.0175,0.9,0.5,3.1249999999999982,traj,RPE,mean,0.05048669864017287
max_laser_range,0.2,0.01,0.1,1.0,2.0,0.175,0.0175,0.9,0.5,3.1249999999999982,traj,RPE,std_dev,0.032169209404775224
max_laser_range,0.2,0.01,0.1,1.0,2.0,0.175,0.0175,0.9,0.5,3.1249999999999982,traj,RPE,median,0.041599571283878256
max_laser_range,0.2,0.01,0.1,1.0,2.0,0.175,0.0175,0.9,0.5,3.1249999999999982,traj,RPE,min,0.011856111897999401
max_laser_range,0.2,0.01,0.1,1.0,2.0,0.175,0.0175,0.9,0.5,3.1249999999999982,traj,RPE,max,0.18314321168495862
max_laser_range,0.2,0.01,0.1,1.0,2.0,0.175,0.0175,0.9,0.5,3.1249999999999982,traj,RPE,rmse,0.05986455356312208
max_laser_range,0.2,0.01,0.1,1.0,2.0,0.175,0.0175,0.9,0.5,3.1249999999999982,traj,num associated poses,mean,28.2
max_laser_range,0.2,0.01,0.1,1.0,2.0,0.175,0.0175,0.9,0.5,3.1249999999999982,traj,num associated poses,std_dev,0.7483314773547882
max_laser_range,0.2,0.01,0.1,1.0,2.0,0.175,0.0175,0.9,0.5,3.1249999999999982,traj,num associated poses,median,28.0
max_laser_range,0.2,0.01,0.1,1.0,2.0,0.175,0.0175,0.9,0.5,3.1249999999999982,traj,num associated poses,min,27.0
max_laser_range,0.2,0.01,0.1,1.0,2.0,0.175,0.0175,0.9,0.5,3.1249999999999982,traj,num associated poses,max,29.0
max_laser_range,0.2,0.01,0.1,1.0,2.0,0.175,0.0175,0.9,0.5,3.1249999999999982,traj,num gt poses,mean,173.8
max_laser_range,0.2,0.01,0.1,1.0,2.0,0.175,0.0175,0.9,0.5,3.1249999999999982,traj,num gt poses,std_dev,2.7856776554368237
max_laser_range,0.2,0.01,0.1,1.0,2.0,0.175,0.0175,0.9,0.5,3.1249999999999982,traj,num gt poses,median,173.0
max_laser_range,0.2,0.01,0.1,1.0,2.0,0.175,0.0175,0.9,0.5,3.1249999999999982,traj,num gt poses,min,171.0
max_laser_range,0.2,0.01,0.1,1.0,2.0,0.175,0.0175,0.9,0.5,3.1249999999999982,traj,num gt poses,max,178.0
max_laser_range,0.2,0.01,0.1,1.0,2.0,0.175,0.0175,0.9,0.5,3.1249999999999982,traj,odom accum path length (m),mean,11.539513
max_laser_range,0.2,0.01,0.1,1.0,2.0,0.175,0.0175,0.9,0.5,3.1249999999999982,traj,odom accum path length (m),std_dev,0.08169912757673695
max_laser_range,0.2,0.01,0.1,1.0,2.0,0.175,0.0175,0.9,0.5,3.1249999999999982,traj,odom accum path length (m),median,11.568217
max_laser_range,0.2,0.01,0.1,1.0,2.0,0.175,0.0175,0.9,0.5,3.1249999999999982,traj,odom accum path length (m),min,11.385037
max_laser_range,0.2,0.01,0.1,1.0,2.0,0.175,0.0175,0.9,0.5,3.1249999999999982,traj,odom accum path length (m),max,11.611994
max_laser_range,0.2,0.01,0.1,1.0,2.0,0.175,0.0175,0.9,0.5,3.1249999999999982,traj,total rotation (rad),mean,9.6521964
max_laser_range,0.2,0.01,0.1,1.0,2.0,0.175,0.0175,0.9,0.5,3.1249999999999982,traj,total rotation (rad),std_dev,0.38407901022399044
max_laser_range,0.2,0.01,0.1,1.0,2.0,0.175,0.0175,0.9,0.5,3.1249999999999982,traj,total rotation (rad),median,9.708927
max_laser_range,0.2,0.01,0.1,1.0,2.0,0.175,0.0175,0.9,0.5,3.1249999999999982,traj,total rotation (rad),min,9.105312
max_laser_range,0.2,0.01,0.1,1.0,2.0,0.175,0.0175,0.9,0.5,3.1249999999999982,traj,total rotation (rad),max,10.113407
max_laser_range,0.2,0.01,0.1,1.0,2.0,0.175,0.0175,0.9,0.5,3.1249999999999982,traj,duration (s),mean,23.814
max_laser_range,0.2,0.01,0.1,1.0,2.0,0.175,0.0175,0.9,0.5,3.1249999999999982,traj,duration (s),std_dev,0.40351307289851324
max_laser_range,0.2,0.01,0.1,1.0,2.0,0.175,0.0175,0.9,0.5,3.1249999999999982,traj,duration (s),median,23.72
max_laser_range,0.2,0.01,0.1,1.0,2.0,0.175,0.0175,0.9,0.5,3.1249999999999982,traj,duration (s),min,23.413999999999998
max_laser_range,0.2,0.01,0.1,1.0,2.0,0.175,0.0175,0.9,0.5,3.1249999999999982,traj,duration (s),max,24.471
max_laser_range,0.2,0.01,0.1,1.0,2.0,0.175,0.0175,0.9,0.5,3.1249999999999982,completion,successes,count,5.0
max_laser_range,0.2,0.01,0.1,1.0,2.0,0.175,0.0175,0.9,0.5,3.1249999999999982,completion,failures,count,0.0
max_laser_range,0.2,0.01,0.1,1.0,2.0,0.175,0.0175,0.9,0.5,3.1249999999999982,completion,errors,count,0.0
max_laser_range,0.2,0.01,0.1,1.0,2.0,0.175,0.0175,0.9,0.5,3.1249999999999982,completion,data or metrics missing,count,0.0
max_laser_range,0.2,0.01,0.1,1.0,2.0,0.175,0.0175,0.9,0.5,3.1249999999999982,latency,latency,mean,0.005127659574468086
max_laser_range,0.2,0.01,0.1,1.0,2.0,0.175,0.0175,0.9,0.5,3.1249999999999982,latency,latency,std_dev,0.002598010869849304
max_laser_range,0.2,0.01,0.1,1.0,2.0,0.175,0.0175,0.9,0.5,3.1249999999999982,latency,latency,median,0.005
max_laser_range,0.2,0.01,0.1,1.0,2.0,0.175,0.0175,0.9,0.5,3.1249999999999982,latency,latency,min,0.0
max_laser_range,0.2,0.01,0.1,1.0,2.0,0.175,0.0175,0.9,0.5,3.1249999999999982,latency,latency,max,0.011000000000000001
max_laser_range,0.2,0.01,0.1,1.0,2.0,0.175,0.0175,0.9,0.5,3.1249999999999982,cov,trace,mean,0.005577417808219178
max_laser_range,0.2,0.01,0.1,1.0,2.0,0.175,0.0175,0.9,0.5,3.1249999999999982,cov,trace,std_dev,0.0017575274769646152
max_laser_range,0.2,0.01,0.1,1.0,2.0,0.175,0.0175,0.9,0.5,3.1249999999999982,cov,trace,median,0.005026
max_laser_range,0.2,0.01,0.1,1.0,2.0,0.175,0.0175,0.9,0.5,3.1249999999999982,cov,trace,min,0.0026070000000000004
max_laser_range,0.2,0.01,0.1,1.0,2.0,0.175,0.0175,0.9,0.5,3.1249999999999982,cov,trace,max,0.013824999999999999
max_laser_range,0.2,0.01,0.1,1.0,2.0,0.175,0.0175,0.9,0.5,3.1249999999999982,cov,trace,rmse,0.005847776692019457
max_laser_range,0.2,0.01,0.1,1.0,2.0,0.175,0.0175,0.9,0.5,3.1249999999999982,cov,det,mean,3.775852129520546e-10
max_laser_range,0.2,0.01,0.1,1.0,2.0,0.175,0.0175,0.9,0.5,3.1249999999999982,cov,det,std_dev,3.4300044097526176e-10
max_laser_range,0.2,0.01,0.1,1.0,2.0,0.175,0.0175,0.9,0.5,3.1249999999999982,cov,det,median,2.7521868899999976e-10
max_laser_range,0.2,0.01,0.1,1.0,2.0,0.175,0.0175,0.9,0.5,3.1249999999999982,cov,det,min,5.142710899999995e-11
max_laser_range,0.2,0.01,0.1,1.0,2.0,0.175,0.0175,0.9,0.5,3.1249999999999982,cov,det,max,2.6415993939999965e-09
max_laser_range,0.2,0.01,0.1,1.0,2.0,0.175,0.0175,0.9,0.5,3.1249999999999982,cov,det,rmse,5.10117531113441e-10
max_laser_range,0.2,0.01,0.1,1.0,2.0,0.175,0.0175,0.9,0.5,4.4194173824159195,traj,APE,mean,0.09126080930819651
max_laser_range,0.2,0.01,0.1,1.0,2.0,0.175,0.0175,0.9,0.5,4.4194173824159195,traj,APE,std_dev,0.061060403644936215
max_laser_range,0.2,0.01,0.1,1.0,2.0,0.175,0.0175,0.9,0.5,4.4194173824159195,traj,APE,median,0.07131487739330024
max_laser_range,0.2,0.01,0.1,1.0,2.0,0.175,0.0175,0.9,0.5,4.4194173824159195,traj,APE,min,7.589415207398531e-19
max_laser_range,0.2,0.01,0.1,1.0,2.0,0.175,0.0175,0.9,0.5,4.4194173824159195,traj,APE,max,0.24372225577268675
max_laser_range,0.2,0.01,0.1,1.0,2.0,0.175,0.0175,0.9,0.5,4.4194173824159195,traj,APE,rmse,0.10980395352112576
max_laser_range,0.2,0.01,0.1,1.0,2.0,0.175,0.0175,0.9,0.5,4.4194173824159195,traj,RPE,mean,0.054722940547739594
max_laser_range,0.2,0.01,0.1,1.0,2.0,0.175,0.0175,0.9,0.5,4.4194173824159195,traj,RPE,std_dev,0.03688286031308127
max_laser_range,0.2,0.01,0.1,1.0,2.0,0.175,0.0175,0.9,0.5,4.4194173824159195,traj,RPE,median,0.047919258169162586
max_laser_range,0.2,0.01,0.1,1.0,2.0,0.175,0.0175,0.9,0.5,4.4194173824159195,traj,RPE,min,0.011207569661093254
max_laser_range,0.2,0.01,0.1,1.0,2.0,0.175,0.0175,0.9,0.5,4.4194173824159195,traj,RPE,max,0.2204968666742961
max_laser_range,0.2,0.01,0.1,1.0,2.0,0.175,0.0175,0.9,0.5,4.4194173824159195,traj,RPE,rmse,0.06599201169130782
max_laser_range,0.2,0.01,0.1,1.0,2.0,0.175,0.0175,0.9,0.5,4.4194173824159195,traj,num associated poses,mean,28.6
max_laser_range,0.2,0.01,0.1,1.0,2.0,0.175,0.0175,0.9,0.5,4.4194173824159195,traj,num associated poses,std_dev,1.019803902718557
max_laser_range,0.2,0.01,0.1,1.0,2.0,0.175,0.0175,0.9,0.5,4.4194173824159195,traj,num associated poses,median,29.0
max_laser_range,0.2,0.01,0.1,1.0,2.0,0.175,0.0175,0.9,0.5,4.4194173824159195,traj,num associated poses,min,27.0
max_laser_range,0.2,0.01,0.1,1.0,2.0,0.175,0.0175,0.9,0.5,4.4194173824159195,traj,num associated poses,max,30.0
max_laser_range,0.2,0.01,0.1,1.0,2.0,0.175,0.0175,0.9,0.5,4.4194173824159195,traj,num gt poses,mean,179.2
max_laser_range,0.2,0.01,0.1,1.0,2.0,0.175,0.0175,0.9,0.5,4.4194173824159195,traj,num gt poses,std_dev,3.4871191548325386
max_laser_range,0.2,0.01,0.1,1.0,2.0,0.175,0.0175,0.9,0.5,4.4194173824159195,traj,num gt poses,median,179.0
max_laser_range,0.2,0.01,0.1,1.0,2.0,0.175,0.0175,0.9,0.5,4.4194173824159195,traj,num gt poses,min,173.0
max_laser_range,0.2,0.01,0.1,1.0,2.0,0.175,0.0175,0.9,0.5,4.4194173824159195,traj,num gt poses,max,183.0
max_laser_range,0.2,0.01,0.1,1.0,2.0,0.175,0.0175,0.9,0.5,4.4194173824159195,traj,odom accum path length (m),mean,11.630968800000002
max_laser_range,0.2,0.01,0.1,1.0,2.0,0.175,0.0175,0.9,0.5,4.4194173824159195,traj,odom accum path length (m),std_dev,0.05319196416151625
max_laser_range,0.2,0.01,0.1,1.0,2.0,0.175,0.0175,0.9,0.5,4.4194173824159195,traj,odom accum path length (m),median,11.604928
max_laser_range,0.2,0.01,0.1,1.0,2.0,0.175,0.0175,0.9,0.5,4.4194173824159195,traj,odom accum path length (m),min,11.593545
max_laser_range,0.2,0.01,0.1,1.0,2.0,0.175,0.0175,0.9,0.5,4.4194173824159195,traj,odom accum path length (m),max,11.735397
max_laser_range,0.2,0.01,0.1,1.0,2.0,0.175,0.0175,0.9,0.5,4.4194173824159195,traj,total rotation (rad),mean,9.975247999999999
max_laser_range,0.2,0.01,0.1,1.0,2.0,0.175,0.0175,0.9,0.5,4.4194173824159195,traj,total rotation (rad),std_dev,0.46847407259399093
max_laser_range,0.2,0.01,0.1,1.0,2.0,0.175,0.0175,0.9,0.5,4.4194173824159195,traj,total rotation (rad),median,10.029863
max_laser_range,0.2,0.01,0.1,1.0,2.0,0.175,0.0175,0.9,0.5,4.4194173824159195,traj,total rotation (rad),min,9.267823
max_laser_range,0.2,0.01,0.1,1.0,2.0,0.175,0.0175,0.9,0.5,4.4194173824159195,traj,total rotation (rad),max,10.613067
max_laser_range,0.2,0.01,0.1,1.0,2.0,0.175,0.0175,0.9,0.5,4.4194173824159195,traj,duration (s),mean,24.529000000000003
max_laser_range,0.2,0.01,0.1,1.0,2.0,0.175,0.0175,0.9,0.5,4.4194173824159195,traj,duration (s),std_dev,0.48685480381731816
max_laser_range,0.2,0.01,0.1,1.0,2.0,0.175,0.0175,0.9,0.5,4.4194173824159195,traj,duration (s),median,24.414
max_laser_range,0.2,0.01,0.1,1.0,2.0,0.175,0.0175,0.9,0.5,4.4194173824159195,traj,duration (s),min,23.776000000000003
max_laser_range,0.2,0.01,0.1,1.0,2.0,0.175,0.0175,0.9,0.5,4.4194173824159195,traj,duration (s),max,25.251
max_laser_range,0.2,0.01,0.1,1.0,2.0,0.175,0.0175,0.9,0.5,4.4194173824159195,completion,successes,count,5.0
max_laser_range,0.2,0.01,0.1,1.0,2.0,0.175,0.0175,0.9,0.5,4.4194173824159195,completion,failures,count,0.0
max_laser_range,0.2,0.01,0.1,1.0,2.0,0.175,0.0175,0.9,0.5,4.4194173824159195,completion,errors,count,0.0
max_laser_range,0.2,0.01,0.1,1.0,2.0,0.175,0.0175,0.9,0.5,4.4194173824159195,completion,data or metrics missing,count,0.0
max_laser_range,0.2,0.01,0.1,1.0,2.0,0.175,0.0175,0.9,0.5,4.4194173824159195,latency,latency,mean,0.00327972027972028
max_laser_range,0.2,0.01,0.1,1.0,2.0,0.175,0.0175,0.9,0.5,4.4194173824159195,latency,latency,std_dev,0.0029385444149101986
max_laser_range,0.2,0.01,0.1,1.0,2.0,0.175,0.0175,0.9,0.5,4.4194173824159195,latency,latency,median,0.003
max_laser_range,0.2,0.01,0.1,1.0,2.0,0.175,0.0175,0.9,0.5,4.4194173824159195,latency,latency,min,0.0
max_laser_range,0.2,0.01,0.1,1.0,2.0,0.175,0.0175,0.9,0.5,4.4194173824159195,latency,latency,max,0.018000000000000002
max_laser_range,0.2,0.01,0.1,1.0,2.0,0.175,0.0175,0.9,0.5,4.4194173824159195,cov,trace,mean,0.005695621621621621
max_laser_range,0.2,0.01,0.1,1.0,2.0,0.175,0.0175,0.9,0.5,4.4194173824159195,cov,trace,std_dev,0.0023398314226797477
max_laser_range,0.2,0.01,0.1,1.0,2.0,0.175,0.0175,0.9,0.5,4.4194173824159195,cov,trace,median,0.0049515
max_laser_range,0.2,0.01,0.1,1.0,2.0,0.175,0.0175,0.9,0.5,4.4194173824159195,cov,trace,min,0.002484
max_laser_range,0.2,0.01,0.1,1.0,2.0,0.175,0.0175,0.9,0.5,4.4194173824159195,cov,trace,max,0.020383
max_laser_range,0.2,0.01,0.1,1.0,2.0,0.175,0.0175,0.9,0.5,4.4194173824159195,cov,trace,rmse,0.006157508972242203
max_laser_range,0.2,0.01,0.1,1.0,2.0,0.175,0.0175,0.9,0.5,4.4194173824159195,cov,det,mean,3.8298990853378364e-10
max_laser_range,0.2,0.01,0.1,1.0,2.0,0.175,0.0175,0.9,0.5,4.4194173824159195,cov,det,std_dev,4.014556106819011e-10
max_laser_range,0.2,0.01,0.1,1.0,2.0,0.175,0.0175,0.9,0.5,4.4194173824159195,cov,det,median,2.5514483199999985e-10
max_laser_range,0.2,0.01,0.1,1.0,2.0,0.175,0.0175,0.9,0.5,4.4194173824159195,cov,det,min,6.076292999999995e-11
max_laser_range,0.2,0.01,0.1,1.0,2.0,0.175,0.0175,0.9,0.5,4.4194173824159195,cov,det,max,2.7217564879999958e-09
max_laser_range,0.2,0.01,0.1,1.0,2.0,0.175,0.0175,0.9,0.5,4.4194173824159195,cov,det,rmse,5.54840407132262e-10
max_laser_range,0.2,0.01,0.1,1.0,2.0,0.175,0.0175,0.9,0.5,6.2499999999999964,traj,APE,mean,0.06794689799835149
max_laser_range,0.2,0.01,0.1,1.0,2.0,0.175,0.0175,0.9,0.5,6.2499999999999964,traj,APE,std_dev,0.04066105468699879
max_laser_range,0.2,0.01,0.1,1.0,2.0,0.175,0.0175,0.9,0.5,6.2499999999999964,traj,APE,median,0.05771688074721111
max_laser_range,0.2,0.01,0.1,1.0,2.0,0.175,0.0175,0.9,0.5,6.2499999999999964,traj,APE,min,5.421010862427522e-20
max_laser_range,0.2,0.01,0.1,1.0,2.0,0.175,0.0175,0.9,0.5,6.2499999999999964,traj,APE,max,0.21010918531132455
max_laser_range,0.2,0.01,0.1,1.0,2.0,0.175,0.0175,0.9,0.5,6.2499999999999964,traj,APE,rmse,0.07918397764609636
max_laser_range,0.2,0.01,0.1,1.0,2.0,0.175,0.0175,0.9,0.5,6.2499999999999964,traj,RPE,mean,0.05016173697886447
max_laser_range,0.2,0.01,0.1,1.0,2.0,0.175,0.0175,0.9,0.5,6.2499999999999964,traj,RPE,std_dev,0.02989884445702094
max_laser_range,0.2,0.01,0.1,1.0,2.0,0.175,0.0175,0.9,0.5,6.2499999999999964,traj,RPE,median,0.041429698906379736
max_laser_range,0.2,0.01,0.1,1.0,2.0,0.175,0.0175,0.9,0.5,6.2499999999999964,traj,RPE,min,0.008995545406177174
max_laser_range,0.2,0.01,0.1,1.0,2.0,0.175,0.0175,0.9,0.5,6.2499999999999964,traj,RPE,max,0.17443125862442954
max_laser_range,0.2,0.01,0.1,1.0,2.0,0.175,0.0175,0.9,0.5,6.2499999999999964,traj,RPE,rmse,0.058396410477031126
max_laser_range,0.2,0.01,0.1,1.0,2.0,0.175,0.0175,0.9,0.5,6.2499999999999964,traj,num associated poses,mean,29.2
max_laser_range,0.2,0.01,0.1,1.0,2.0,0.175,0.0175,0.9,0.5,6.2499999999999964,traj,num associated poses,std_dev,1.7204650534085253
max_laser_range,0.2,0.01,0.1,1.0,2.0,0.175,0.0175,0.9,0.5,6.2499999999999964,traj,num associated poses,median,29.0
max_laser_range,0.2,0.01,0.1,1.0,2.0,0.175,0.0175,0.9,0.5,6.2499999999999964,traj,num associated poses,min,27.0
max_laser_range,0.2,0.01,0.1,1.0,2.0,0.175,0.0175,0.9,0.5,6.2499999999999964,traj,num associated poses,max,32.0
max_laser_range,0.2,0.01,0.1,1.0,2.0,0.175,0.0175,0.9,0.5,6.2499999999999964,traj,num gt poses,mean,181.8
max_laser_range,0.2,0.01,0.1,1.0,2.0,0.175,0.0175,0.9,0.5,6.2499999999999964,traj,num gt poses,std_dev,10.225458424931373
max_laser_range,0.2,0.01,0.1,1.0,2.0,0.175,0.0175,0.9,0.5,6.2499999999999964,traj,num gt poses,median,177.0
max_laser_range,0.2,0.01,0.1,1.0,2.0,0.175,0.0175,0.9,0.5,6.2499999999999964,traj,num gt poses,min,170.0
max_laser_range,0.2,0.01,0.1,1.0,2.0,0.175,0.0175,0.9,0.5,6.2499999999999964,traj,num gt poses,max,195.0
max_laser_range,0.2,0.01,0.1,1.0,2.0,0.175,0.0175,0.9,0.5,6.2499999999999964,traj,odom accum path length (m),mean,11.641237999999998
max_laser_range,0.2,0.01,0.1,1.0,2.0,0.175,0.0175,0.9,0.5,6.2499999999999964,traj,odom accum path length (m),std_dev,0.16751332786378514
max_laser_range,0.2,0.01,0.1,1.0,2.0,0.175,0.0175,0.9,0.5,6.2499999999999964,traj,odom accum path length (m),median,11.608902
max_laser_range,0.2,0.01,0.1,1.0,2.0,0.175,0.0175,0.9,0.5,6.2499999999999964,traj,odom accum path length (m),min,11.395061
max_laser_range,0.2,0.01,0.1,1.0,2.0,0.175,0.0175,0.9,0.5,6.2499999999999964,traj,odom accum path length (m),max,11.828419
max_laser_range,0.2,0.01,0.1,1.0,2.0,0.175,0.0175,0.9,0.5,6.2499999999999964,traj,total rotation (rad),mean,10.4157262
max_laser_range,0.2,0.01,0.1,1.0,2.0,0.175,0.0175,0.9,0.5,6.2499999999999964,traj,total rotation (rad),std_dev,1.2655607028973999
max_laser_range,0.2,0.01,0.1,1.0,2.0,0.175,0.0175,0.9,0.5,6.2499999999999964,traj,total rotation (rad),median,10.721193
max_laser_range,0.2,0.01,0.1,1.0,2.0,0.175,0.0175,0.9,0.5,6.2499999999999964,traj,total rotation (rad),min,8.708392
max_laser_range,0.2,0.01,0.1,1.0,2.0,0.175,0.0175,0.9,0.5,6.2499999999999964,traj,total rotation (rad),max,12.290499
max_laser_range,0.2,0.01,0.1,1.0,2.0,0.175,0.0175,0.9,0.5,6.2499999999999964,traj,duration (s),mean,24.9792
max_laser_range,0.2,0.01,0.1,1.0,2.0,0.175,0.0175,0.9,0.5,6.2499999999999964,traj,duration (s),std_dev,1.3993484769706215
max_laser_range,0.2,0.01,0.1,1.0,2.0,0.175,0.0175,0.9,0.5,6.2499999999999964,traj,duration (s),median,24.293
max_laser_range,0.2,0.01,0.1,1.0,2.0,0.175,0.0175,0.9,0.5,6.2499999999999964,traj,duration (s),min,23.409000000000002
max_laser_range,0.2,0.01,0.1,1.0,2.0,0.175,0.0175,0.9,0.5,6.2499999999999964,traj,duration (s),max,26.826999999999998
max_laser_range,0.2,0.01,0.1,1.0,2.0,0.175,0.0175,0.9,0.5,6.2499999999999964,completion,successes,count,5.0
max_laser_range,0.2,0.01,0.1,1.0,2.0,0.175,0.0175,0.9,0.5,6.2499999999999964,completion,failures,count,0.0
max_laser_range,0.2,0.01,0.1,1.0,2.0,0.175,0.0175,0.9,0.5,6.2499999999999964,completion,errors,count,0.0
max_laser_range,0.2,0.01,0.1,1.0,2.0,0.175,0.0175,0.9,0.5,6.2499999999999964,completion,data or metrics missing,count,0.0
max_laser_range,0.2,0.01,0.1,1.0,2.0,0.175,0.0175,0.9,0.5,6.2499999999999964,latency,latency,mean,0.0036575342465753427
max_laser_range,0.2,0.01,0.1,1.0,2.0,0.175,0.0175,0.9,0.5,6.2499999999999964,latency,latency,std_dev,0.0022978201586947326
max_laser_range,0.2,0.01,0.1,1.0,2.0,0.175,0.0175,0.9,0.5,6.2499999999999964,latency,latency,median,0.003
max_laser_range,0.2,0.01,0.1,1.0,2.0,0.175,0.0175,0.9,0.5,6.2499999999999964,latency,latency,min,0.0
max_laser_range,0.2,0.01,0.1,1.0,2.0,0.175,0.0175,0.9,0.5,6.2499999999999964,latency,latency,max,0.011000000000000001
max_laser_range,0.2,0.01,0.1,1.0,2.0,0.175,0.0175,0.9,0.5,6.2499999999999964,cov,trace,mean,0.005516979865771813
max_laser_range,0.2,0.01,0.1,1.0,2.0,0.175,0.0175,0.9,0.5,6.2499999999999964,cov,trace,std_dev,0.0016500773196030656
max_laser_range,0.2,0.01,0.1,1.0,2.0,0.175,0.0175,0.9,0.5,6.2499999999999964,cov,trace,median,0.005148000000000001
max_laser_range,0.2,0.01,0.1,1.0,2.0,0.175,0.0175,0.9,0.5,6.2499999999999964,cov,trace,min,0.0028740000000000003
max_laser_range,0.2,0.01,0.1,1.0,2.0,0.175,0.0175,0.9,0.5,6.2499999999999964,cov,trace,max,0.015916
max_laser_range,0.2,0.01,0.1,1.0,2.0,0.175,0.0175,0.9,0.5,6.2499999999999964,cov,trace,rmse,0.005758456564045612
max_laser_range,0.2,0.01,0.1,1.0,2.0,0.175,0.0175,0.9,0.5,6.2499999999999964,cov,det,mean,3.550663544093958e-10
max_laser_range,0.2,0.01,0.1,1.0,2.0,0.175,0.0175,0.9,0.5,6.2499999999999964,cov,det,std_dev,3.229264443790234e-10
max_laser_range,0.2,0.01,0.1,1.0,2.0,0.175,0.0175,0.9,0.5,6.2499999999999964,cov,det,median,2.674049149999996e-10
max_laser_range,0.2,0.01,0.1,1.0,2.0,0.175,0.0175,0.9,0.5,6.2499999999999964,cov,det,min,6.13566259999999e-11
max_laser_range,0.2,0.01,0.1,1.0,2.0,0.175,0.0175,0.9,0.5,6.2499999999999964,cov,det,max,3.013059604999999e-09
max_laser_range,0.2,0.01,0.1,1.0,2.0,0.175,0.0175,0.9,0.5,6.2499999999999964,cov,det,rmse,4.799516689343389e-10
max_laser_range,0.2,0.01,0.1,1.0,2.0,0.175,0.0175,0.9,0.5,8.838834764831839,traj,APE,mean,0.06685592101154893
max_laser_range,0.2,0.01,0.1,1.0,2.0,0.175,0.0175,0.9,0.5,8.838834764831839,traj,APE,std_dev,0.038230060544536246
max_laser_range,0.2,0.01,0.1,1.0,2.0,0.175,0.0175,0.9,0.5,8.838834764831839,traj,APE,median,0.05679626835152645
max_laser_range,0.2,0.01,0.1,1.0,2.0,0.175,0.0175,0.9,0.5,8.838834764831839,traj,APE,min,1.0842021724855044e-19
max_laser_range,0.2,0.01,0.1,1.0,2.0,0.175,0.0175,0.9,0.5,8.838834764831839,traj,APE,max,0.1641532107053049
max_laser_range,0.2,0.01,0.1,1.0,2.0,0.175,0.0175,0.9,0.5,8.838834764831839,traj,APE,rmse,0.07701462006360464
max_laser_range,0.2,0.01,0.1,1.0,2.0,0.175,0.0175,0.9,0.5,8.838834764831839,traj,RPE,mean,0.05522924770834838
max_laser_range,0.2,0.01,0.1,1.0,2.0,0.175,0.0175,0.9,0.5,8.838834764831839,traj,RPE,std_dev,0.03473914776445958
max_laser_range,0.2,0.01,0.1,1.0,2.0,0.175,0.0175,0.9,0.5,8.838834764831839,traj,RPE,median,0.04348506266402691
max_laser_range,0.2,0.01,0.1,1.0,2.0,0.175,0.0175,0.9,0.5,8.838834764831839,traj,RPE,min,0.013454508613640594
max_laser_range,0.2,0.01,0.1,1.0,2.0,0.175,0.0175,0.9,0.5,8.838834764831839,traj,RPE,max,0.19906366667833322
max_laser_range,0.2,0.01,0.1,1.0,2.0,0.175,0.0175,0.9,0.5,8.838834764831839,traj,RPE,rmse,0.06524628870542033
max_laser_range,0.2,0.01,0.1,1.0,2.0,0.175,0.0175,0.9,0.5,8.838834764831839,traj,num associated poses,mean,29.0
max_laser_range,0.2,0.01,0.1,1.0,2.0,0.175,0.0175,0.9,0.5,8.838834764831839,traj,num associated poses,std_dev,1.8708286933869707
max_laser_range,0.2,0.01,0.1,1.0,2.0,0.175,0.0175,0.9,0.5,8.838834764831839,traj,num associated poses,median,28.5
max_laser_range,0.2,0.01,0.1,1.0,2.0,0.175,0.0175,0.9,0.5,8.838834764831839,traj,num associated poses,min,27.0
max_laser_range,0.2,0.01,0.1,1.0,2.0,0.175,0.0175,0.9,0.5,8.838834764831839,traj,num associated poses,max,32.0
max_laser_range,0.2,0.01,0.1,1.0,2.0,0.175,0.0175,0.9,0.5,8.838834764831839,traj,num gt poses,mean,178.25
max_laser_range,0.2,0.01,0.1,1.0,2.0,0.175,0.0175,0.9,0.5,8.838834764831839,traj,num gt poses,std_dev,5.931905258852336
max_laser_range,0.2,0.01,0.1,1.0,2.0,0.175,0.0175,0.9,0.5,8.838834764831839,traj,num gt poses,median,176.5
max_laser_range,0.2,0.01,0.1,1.0,2.0,0.175,0.0175,0.9,0.5,8.838834764831839,traj,num gt poses,min,172.0
max_laser_range,0.2,0.01,0.1,1.0,2.0,0.175,0.0175,0.9,0.5,8.838834764831839,traj,num gt poses,max,188.0
max_laser_range,0.2,0.01,0.1,1.0,2.0,0.175,0.0175,0.9,0.5,8.838834764831839,traj,odom accum path length (m),mean,11.770819249999999
max_laser_range,0.2,0.01,0.1,1.0,2.0,0.175,0.0175,0.9,0.5,8.838834764831839,traj,odom accum path length (m),std_dev,0.2546314981040006
max_laser_range,0.2,0.01,0.1,1.0,2.0,0.175,0.0175,0.9,0.5,8.838834764831839,traj,odom accum path length (m),median,11.7126615
max_laser_range,0.2,0.01,0.1,1.0,2.0,0.175,0.0175,0.9,0.5,8.838834764831839,traj,odom accum path length (m),min,11.479296
max_laser_range,0.2,0.01,0.1,1.0,2.0,0.175,0.0175,0.9,0.5,8.838834764831839,traj,odom accum path length (m),max,12.178658
max_laser_range,0.2,0.01,0.1,1.0,2.0,0.175,0.0175,0.9,0.5,8.838834764831839,traj,total rotation (rad),mean,10.56612275
max_laser_range,0.2,0.01,0.1,1.0,2.0,0.175,0.0175,0.9,0.5,8.838834764831839,traj,total rotation (rad),std_dev,1.23392689393464
max_laser_range,0.2,0.01,0.1,1.0,2.0,0.175,0.0175,0.9,0.5,8.838834764831839,traj,total rotation (rad),median,10.315745
max_laser_range,0.2,0.01,0.1,1.0,2.0,0.175,0.0175,0.9,0.5,8.838834764831839,traj,total rotation (rad),min,9.11834
max_laser_range,0.2,0.01,0.1,1.0,2.0,0.175,0.0175,0.9,0.5,8.838834764831839,traj,total rotation (rad),max,12.514661
max_laser_range,0.2,0.01,0.1,1.0,2.0,0.175,0.0175,0.9,0.5,8.838834764831839,traj,duration (s),mean,24.411250000000003
max_laser_range,0.2,0.01,0.1,1.0,2.0,0.175,0.0175,0.9,0.5,8.838834764831839,traj,duration (s),std_dev,0.7814203014383492
max_laser_range,0.2,0.01,0.1,1.0,2.0,0.175,0.0175,0.9,0.5,8.838834764831839,traj,duration (s),median,24.21
max_laser_range,0.2,0.01,0.1,1.0,2.0,0.175,0.0175,0.9,0.5,8.838834764831839,traj,duration (s),min,23.544999999999998
max_laser_range,0.2,0.01,0.1,1.0,2.0,0.175,0.0175,0.9,0.5,8.838834764831839,traj,duration (s),max,25.68
max_laser_range,0.2,0.01,0.1,1.0,2.0,0.175,0.0175,0.9,0.5,8.838834764831839,completion,successes,count,4.0
max_laser_range,0.2,0.01,0.1,1.0,2.0,0.175,0.0175,0.9,0.5,8.838834764831839,completion,failures,count,0.0
max_laser_range,0.2,0.01,0.1,1.0,2.0,0.175,0.0175,0.9,0.5,8.838834764831839,completion,errors,count,1.0
max_laser_range,0.2,0.01,0.1,1.0,2.0,0.175,0.0175,0.9,0.5,8.838834764831839,completion,data or metrics missing,count,1.0
max_laser_range,0.2,0.01,0.1,1.0,2.0,0.175,0.0175,0.9,0.5,8.838834764831839,latency,latency,mean,0.004344827586206897
max_laser_range,0.2,0.01,0.1,1.0,2.0,0.175,0.0175,0.9,0.5,8.838834764831839,latency,latency,std_dev,0.00436503238577839
max_laser_range,0.2,0.01,0.1,1.0,2.0,0.175,0.0175,0.9,0.5,8.838834764831839,latency,latency,median,0.003
max_laser_range,0.2,0.01,0.1,1.0,2.0,0.175,0.0175,0.9,0.5,8.838834764831839,latency,latency,min,0.0
max_laser_range,0.2,0.01,0.1,1.0,2.0,0.175,0.0175,0.9,0.5,8.838834764831839,latency,latency,max,0.017
max_laser_range,0.2,0.01,0.1,1.0,2.0,0.175,0.0175,0.9,0.5,8.838834764831839,cov,trace,mean,0.005720067226890758
max_laser_range,0.2,0.01,0.1,1.0,2.0,0.175,0.0175,0.9,0.5,8.838834764831839,cov,trace,std_dev,0.002412043809722029
max_laser_range,0.2,0.01,0.1,1.0,2.0,0.175,0.0175,0.9,0.5,8.838834764831839,cov,trace,median,0.0050279999999999995
max_laser_range,0.2,0.01,0.1,1.0,2.0,0.175,0.0175,0.9,0.5,8.838834764831839,cov,trace,min,0.002414
max_laser_range,0.2,0.01,0.1,1.0,2.0,0.175,0.0175,0.9,0.5,8.838834764831839,cov,trace,max,0.020993
max_laser_range,0.2,0.01,0.1,1.0,2.0,0.175,0.0175,0.9,0.5,8.838834764831839,cov,trace,rmse,0.0062078276732016385
max_laser_range,0.2,0.01,0.1,1.0,2.0,0.175,0.0175,0.9,0.5,8.838834764831839,cov,det,mean,3.66285941907563e-10
max_laser_range,0.2,0.01,0.1,1.0,2.0,0.175,0.0175,0.9,0.5,8.838834764831839,cov,det,std_dev,3.0666447316616357e-10
max_laser_range,0.2,0.01,0.1,1.0,2.0,0.175,0.0175,0.9,0.5,8.838834764831839,cov,det,median,2.7928699399999926e-10
max_laser_range,0.2,0.01,0.1,1.0,2.0,0.175,0.0175,0.9,0.5,8.838834764831839,cov,det,min,6.024467699999985e-11
max_laser_range,0.2,0.01,0.1,1.0,2.0,0.175,0.0175,0.9,0.5,8.838834764831839,cov,det,max,1.5920321839999953e-09
max_laser_range,0.2,0.01,0.1,1.0,2.0,0.175,0.0175,0.9,0.5,8.838834764831839,cov,det,rmse,4.777117230520842e-10
max_laser_range,0.2,0.01,0.1,1.0,2.0,0.175,0.0175,0.9,0.5,12.499999999999993,traj,APE,mean,0.059701779086165245
max_laser_range,0.2,0.01,0.1,1.0,2.0,0.175,0.0175,0.9,0.5,12.499999999999993,traj,APE,std_dev,0.035469165299225565
max_laser_range,0.2,0.01,0.1,1.0,2.0,0.175,0.0175,0.9,0.5,12.499999999999993,traj,APE,median,0.05536829937806959
max_laser_range,0.2,0.01,0.1,1.0,2.0,0.175,0.0175,0.9,0.5,12.499999999999993,traj,APE,min,5.421010862427522e-20
max_laser_range,0.2,0.01,0.1,1.0,2.0,0.175,0.0175,0.9,0.5,12.499999999999993,traj,APE,max,0.21762988122570012
max_laser_range,0.2,0.01,0.1,1.0,2.0,0.175,0.0175,0.9,0.5,12.499999999999993,traj,APE,rmse,0.06944324382599841
max_laser_range,0.2,0.01,0.1,1.0,2.0,0.175,0.0175,0.9,0.5,12.499999999999993,traj,RPE,mean,0.05045370524066355
max_laser_range,0.2,0.01,0.1,1.0,2.0,0.175,0.0175,0.9,0.5,12.499999999999993,traj,RPE,std_dev,0.03364652294993309
max_laser_range,0.2,0.01,0.1,1.0,2.0,0.175,0.0175,0.9,0.5,12.499999999999993,traj,RPE,median,0.04040486421380023
max_laser_range,0.2,0.01,0.1,1.0,2.0,0.175,0.0175,0.9,0.5,12.499999999999993,traj,RPE,min,0.011566266522931487
max_laser_range,0.2,0.01,0.1,1.0,2.0,0.175,0.0175,0.9,0.5,12.499999999999993,traj,RPE,max,0.20894390897889278
max_laser_range,0.2,0.01,0.1,1.0,2.0,0.175,0.0175,0.9,0.5,12.499999999999993,traj,RPE,rmse,0.06064375383443984
max_laser_range,0.2,0.01,0.1,1.0,2.0,0.175,0.0175,0.9,0.5,12.499999999999993,traj,num associated poses,mean,28.2
max_laser_range,0.2,0.01,0.1,1.0,2.0,0.175,0.0175,0.9,0.5,12.499999999999993,traj,num associated poses,std_dev,0.7483314773547882
max_laser_range,0.2,0.01,0.1,1.0,2.0,0.175,0.0175,0.9,0.5,12.499999999999993,traj,num associated poses,median,28.0
max_laser_range,0.2,0.01,0.1,1.0,2.0,0.175,0.0175,0.9,0.5,12.499999999999993,traj,num associated poses,min,27.0
max_laser_range,0.2,0.01,0.1,1.0,2.0,0.175,0.0175,0.9,0.5,12.499999999999993,traj,num associated poses,max,29.0
max_laser_range,0.2,0.01,0.1,1.0,2.0,0.175,0.0175,0.9,0.5,12.499999999999993,traj,num gt poses,mean,175.8
max_laser_range,0.2,0.01,0.1,1.0,2.0,0.175,0.0175,0.9,0.5,12.499999999999993,traj,num gt poses,std_dev,3.1874754901018454
max_laser_range,0.2,0.01,0.1,1.0,2.0,0.175,0.0175,0.9,0.5,12.499999999999993,traj,num gt poses,median,175.0
max_laser_range,0.2,0.01,0.1,1.0,2.0,0.175,0.0175,0.9,0.5,12.499999999999993,traj,num gt poses,min,172.0
max_laser_range,0.2,0.01,0.1,1.0,2.0,0.175,0.0175,0.9,0.5,12.499999999999993,traj,num gt poses,max,180.0
max_laser_range,0.2,0.01,0.1,1.0,2.0,0.175,0.0175,0.9,0.5,12.499999999999993,traj,odom accum path length (m),mean,11.624326
max_laser_range,0.2,0.01,0.1,1.0,2.0,0.175,0.0175,0.9,0.5,12.499999999999993,traj,odom accum path length (m),std_dev,0.19133546155587552
max_laser_range,0.2,0.01,0.1,1.0,2.0,0.175,0.0175,0.9,0.5,12.499999999999993,traj,odom accum path length (m),median,11.571453
max_laser_range,0.2,0.01,0.1,1.0,2.0,0.175,0.0175,0.9,0.5,12.499999999999993,traj,odom accum path length (m),min,11.472961
max_laser_range,0.2,0.01,0.1,1.0,2.0,0.175,0.0175,0.9,0.5,12.499999999999993,traj,odom accum path length (m),max,11.996158
max_laser_range,0.2,0.01,0.1,1.0,2.0,0.175,0.0175,0.9,0.5,12.499999999999993,traj,total rotation (rad),mean,9.960450400000001
max_laser_range,0.2,0.01,0.1,1.0,2.0,0.175,0.0175,0.9,0.5,12.499999999999993,traj,total rotation (rad),std_dev,0.551356127730018
max_laser_range,0.2,0.01,0.1,1.0,2.0,0.175,0.0175,0.9,0.5,12.499999999999993,traj,total rotation (rad),median,10.111811
max_laser_range,0.2,0.01,0.1,1.0,2.0,0.175,0.0175,0.9,0.5,12.499999999999993,traj,total rotation (rad),min,9.134551
max_laser_range,0.2,0.01,0.1,1.0,2.0,0.175,0.0175,0.9,0.5,12.499999999999993,traj,total rotation (rad),max,10.780491
max_laser_range,0.2,0.01,0.1,1.0,2.0,0.175,0.0175,0.9,0.5,12.499999999999993,traj,duration (s),mean,24.1012
max_laser_range,0.2,0.01,0.1,1.0,2.0,0.175,0.0175,0.9,0.5,12.499999999999993,traj,duration (s),std_dev,0.45405039367894034
max_laser_range,0.2,0.01,0.1,1.0,2.0,0.175,0.0175,0.9,0.5,12.499999999999993,traj,duration (s),median,23.957
max_laser_range,0.2,0.01,0.1,1.0,2.0,0.175,0.0175,0.9,0.5,12.499999999999993,traj,duration (s),min,23.453999999999997
max_laser_range,0.2,0.01,0.1,1.0,2.0,0.175,0.0175,0.9,0.5,12.499999999999993,traj,duration (s),max,24.643
max_laser_range,0.2,0.01,0.1,1.0,2.0,0.175,0.0175,0.9,0.5,12.499999999999993,completion,successes,count,5.0
max_laser_range,0.2,0.01,0.1,1.0,2.0,0.175,0.0175,0.9,0.5,12.499999999999993,completion,failures,count,0.0
max_laser_range,0.2,0.01,0.1,1.0,2.0,0.175,0.0175,0.9,0.5,12.499999999999993,completion,errors,count,0.0
max_laser_range,0.2,0.01,0.1,1.0,2.0,0.175,0.0175,0.9,0.5,12.499999999999993,completion,data or metrics missing,count,0.0
max_laser_range,0.2,0.01,0.1,1.0,2.0,0.175,0.0175,0.9,0.5,12.499999999999993,latency,latency,mean,0.002829787234042553
max_laser_range,0.2,0.01,0.1,1.0,2.0,0.175,0.0175,0.9,0.5,12.499999999999993,latency,latency,std_dev,0.000996144673252734
max_laser_range,0.2,0.01,0.1,1.0,2.0,0.175,0.0175,0.9,0.5,12.499999999999993,latency,latency,median,0.003
max_laser_range,0.2,0.01,0.1,1.0,2.0,0.175,0.0175,0.9,0.5,12.499999999999993,latency,latency,min,0.001
max_laser_range,0.2,0.01,0.1,1.0,2.0,0.175,0.0175,0.9,0.5,12.499999999999993,latency,latency,max,0.006
max_laser_range,0.2,0.01,0.1,1.0,2.0,0.175,0.0175,0.9,0.5,12.499999999999993,cov,trace,mean,0.005699805555555555
max_laser_range,0.2,0.01,0.1,1.0,2.0,0.175,0.0175,0.9,0.5,12.499999999999993,cov,trace,std_dev,0.002533896618511195
max_laser_range,0.2,0.01,0.1,1.0,2.0,0.175,0.0175,0.9,0.5,12.499999999999993,cov,trace,median,0.004954
max_laser_range,0.2,0.01,0.1,1.0,2.0,0.175,0.0175,0.9,0.5,12.499999999999993,cov,trace,min,0.002605
max_laser_range,0.2,0.01,0.1,1.0,2.0,0.175,0.0175,0.9,0.5,12.499999999999993,cov,trace,max,0.020651999999999997
max_laser_range,0.2,0.01,0.1,1.0,2.0,0.175,0.0175,0.9,0.5,12.499999999999993,cov,trace,rmse,0.006237661055591626
max_laser_range,0.2,0.01,0.1,1.0,2.0,0.175,0.0175,0.9,0.5,12.499999999999993,cov,det,mean,3.7186927420138876e-10
max_laser_range,0.2,0.01,0.1,1.0,2.0,0.175,0.0175,0.9,0.5,12.499999999999993,cov,det,std_dev,3.931049589141205e-10
max_laser_range,0.2,0.01,0.1,1.0,2.0,0.175,0.0175,0.9,0.5,12.499999999999993,cov,det,median,2.5767586899999984e-10
max_laser_range,0.2,0.01,0.1,1.0,2.0,0.175,0.0175,0.9,0.5,12.499999999999993,cov,det,min,5.134737699999994e-11
max_laser_range,0.2,0.01,0.1,1.0,2.0,0.175,0.0175,0.9,0.5,12.499999999999993,cov,det,max,2.7421177359999997e-09
max_laser_range,0.2,0.01,0.1,1.0,2.0,0.175,0.0175,0.9,0.5,12.499999999999993,cov,det,rmse,5.411268481769686e-10
max_laser_range,0.2,0.01,0.1,1.0,2.0,0.175,0.0175,0.9,0.5,17.677669529663678,traj,APE,mean,0.07691577213436007
max_laser_range,0.2,0.01,0.1,1.0,2.0,0.175,0.0175,0.9,0.5,17.677669529663678,traj,APE,std_dev,0.050548862072053544
max_laser_range,0.2,0.01,0.1,1.0,2.0,0.175,0.0175,0.9,0.5,17.677669529663678,traj,APE,median,0.06020550795702534
max_laser_range,0.2,0.01,0.1,1.0,2.0,0.175,0.0175,0.9,0.5,17.677669529663678,traj,APE,min,5.421010862427522e-20
max_laser_range,0.2,0.01,0.1,1.0,2.0,0.175,0.0175,0.9,0.5,17.677669529663678,traj,APE,max,0.22801551791242838
max_laser_range,0.2,0.01,0.1,1.0,2.0,0.175,0.0175,0.9,0.5,17.677669529663678,traj,APE,rmse,0.09203924956128388
max_laser_range,0.2,0.01,0.1,1.0,2.0,0.175,0.0175,0.9,0.5,17.677669529663678,traj,RPE,mean,0.04998854246445728
max_laser_range,0.2,0.01,0.1,1.0,2.0,0.175,0.0175,0.9,0.5,17.677669529663678,traj,RPE,std_dev,0.030962038979596578
max_laser_range,0.2,0.01,0.1,1.0,2.0,0.175,0.0175,0.9,0.5,17.677669529663678,traj,RPE,median,0.04216931298354458
max_laser_range,0.2,0.01,0.1,1.0,2.0,0.175,0.0175,0.9,0.5,17.677669529663678,traj,RPE,min,0.015177819797597492
max_laser_range,0.2,0.01,0.1,1.0,2.0,0.175,0.0175,0.9,0.5,17.677669529663678,traj,RPE,max,0.1811709869809603
max_laser_range,0.2,0.01,0.1,1.0,2.0,0.175,0.0175,0.9,0.5,17.677669529663678,traj,RPE,rmse,0.05880052921101057
max_laser_range,0.2,0.01,0.1,1.0,2.0,0.175,0.0175,0.9,0.5,17.677669529663678,traj,num associated poses,mean,27.6
max_laser_range,0.2,0.01,0.1,1.0,2.0,0.175,0.0175,0.9,0.5,17.677669529663678,traj,num associated poses,std_dev,0.7999999999999999
max_laser_range,0.2,0.01,0.1,1.0,2.0,0.175,0.0175,0.9,0.5,17.677669529663678,traj,num associated poses,median,27.0
max_laser_range,0.2,0.01,0.1,1.0,2.0,0.175,0.0175,0.9,0.5,17.677669529663678,traj,num associated poses,min,27.0
max_laser_range,0.2,0.01,0.1,1.0,2.0,0.175,0.0175,0.9,0.5,17.677669529663678,traj,num associated poses,max,29.0
max_laser_range,0.2,0.01,0.1,1.0,2.0,0.175,0.0175,0.9,0.5,17.677669529663678,traj,num gt poses,mean,176.2
max_laser_range,0.2,0.01,0.1,1.0,2.0,0.175,0.0175,0.9,0.5,17.677669529663678,traj,num gt poses,std_dev,5.979966555090421
max_laser_range,0.2,0.01,0.1,1.0,2.0,0.175,0.0175,0.9,0.5,17.677669529663678,traj,num gt poses,median,172.0
max_laser_range,0.2,0.01,0.1,1.0,2.0,0.175,0.0175,0.9,0.5,17.677669529663678,traj,num gt poses,min,171.0
max_laser_range,0.2,0.01,0.1,1.0,2.0,0.175,0.0175,0.9,0.5,17.677669529663678,traj,num gt poses,max,184.0
max_laser_range,0.2,0.01,0.1,1.0,2.0,0.175,0.0175,0.9,0.5,17.677669529663678,traj,odom accum path length (m),mean,11.5357088
max_laser_range,0.2,0.01,0.1,1.0,2.0,0.175,0.0175,0.9,0.5,17.677669529663678,traj,odom accum path length (m),std_dev,0.11759574328078372
max_laser_range,0.2,0.01,0.1,1.0,2.0,0.175,0.0175,0.9,0.5,17.677669529663678,traj,odom accum path length (m),median,11.454746
max_laser_range,0.2,0.01,0.1,1.0,2.0,0.175,0.0175,0.9,0.5,17.677669529663678,traj,odom accum path length (m),min,11.422938
max_laser_range,0.2,0.01,0.1,1.0,2.0,0.175,0.0175,0.9,0.5,17.677669529663678,traj,odom accum path length (m),max,11.701364
max_laser_range,0.2,0.01,0.1,1.0,2.0,0.175,0.0175,0.9,0.5,17.677669529663678,traj,total rotation (rad),mean,9.909748599999999
max_laser_range,0.2,0.01,0.1,1.0,2.0,0.175,0.0175,0.9,0.5,17.677669529663678,traj,total rotation (rad),std_dev,0.7187966493613058
max_laser_range,0.2,0.01,0.1,1.0,2.0,0.175,0.0175,0.9,0.5,17.677669529663678,traj,total rotation (rad),median,9.577644
max_laser_range,0.2,0.01,0.1,1.0,2.0,0.175,0.0175,0.9,0.5,17.677669529663678,traj,total rotation (rad),min,9.109105
max_laser_range,0.2,0.01,0.1,1.0,2.0,0.175,0.0175,0.9,0.5,17.677669529663678,traj,total rotation (rad),max,11.015167
max_laser_range,0.2,0.01,0.1,1.0,2.0,0.175,0.0175,0.9,0.5,17.677669529663678,traj,duration (s),mean,24.123599999999996
max_laser_range,0.2,0.01,0.1,1.0,2.0,0.175,0.0175,0.9,0.5,17.677669529663678,traj,duration (s),std_dev,0.9004175920093956
max_laser_range,0.2,0.01,0.1,1.0,2.0,0.175,0.0175,0.9,0.5,17.677669529663678,traj,duration (s),median,23.442999999999998
max_laser_range,0.2,0.01,0.1,1.0,2.0,0.175,0.0175,0.9,0.5,17.677669529663678,traj,duration (s),min,23.329
max_laser_range,0.2,0.01,0.1,1.0,2.0,0.175,0.0175,0.9,0.5,17.677669529663678,traj,duration (s),max,25.326999999999998
max_laser_range,0.2,0.01,0.1,1.0,2.0,0.175,0.0175,0.9,0.5,17.677669529663678,completion,successes,count,5.0
max_laser_range,0.2,0.01,0.1,1.0,2.0,0.175,0.0175,0.9,0.5,17.677669529663678,completion,failures,count,0.0
max_laser_range,0.2,0.01,0.1,1.0,2.0,0.175,0.0175,0.9,0.5,17.677669529663678,completion,errors,count,0.0
max_laser_range,0.2,0.01,0.1,1.0,2.0,0.175,0.0175,0.9,0.5,17.677669529663678,completion,data or metrics missing,count,0.0
max_laser_range,0.2,0.01,0.1,1.0,2.0,0.175,0.0175,0.9,0.5,17.677669529663678,latency,latency,mean,0.004572463768115942
max_laser_range,0.2,0.01,0.1,1.0,2.0,0.175,0.0175,0.9,0.5,17.677669529663678,latency,latency,std_dev,0.003743376142513523
max_laser_range,0.2,0.01,0.1,1.0,2.0,0.175,0.0175,0.9,0.5,17.677669529663678,latency,latency,median,0.003
max_laser_range,0.2,0.01,0.1,1.0,2.0,0.175,0.0175,0.9,0.5,17.677669529663678,latency,latency,min,0.001
max_laser_range,0.2,0.01,0.1,1.0,2.0,0.175,0.0175,0.9,0.5,17.677669529663678,latency,latency,max,0.013000000000000001
max_laser_range,0.2,0.01,0.1,1.0,2.0,0.175,0.0175,0.9,0.5,17.677669529663678,cov,trace,mean,0.005528070921985815
max_laser_range,0.2,0.01,0.1,1.0,2.0,0.175,0.0175,0.9,0.5,17.677669529663678,cov,trace,std_dev,0.0017562416902017488
max_laser_range,0.2,0.01,0.1,1.0,2.0,0.175,0.0175,0.9,0.5,17.677669529663678,cov,trace,median,0.004934
max_laser_range,0.2,0.01,0.1,1.0,2.0,0.175,0.0175,0.9,0.5,17.677669529663678,cov,trace,min,0.002486
max_laser_range,0.2,0.01,0.1,1.0,2.0,0.175,0.0175,0.9,0.5,17.677669529663678,cov,trace,max,0.013016
max_laser_range,0.2,0.01,0.1,1.0,2.0,0.175,0.0175,0.9,0.5,17.677669529663678,cov,trace,rmse,0.0058003407652402455
max_laser_range,0.2,0.01,0.1,1.0,2.0,0.175,0.0175,0.9,0.5,17.677669529663678,cov,det,mean,3.640332073546098e-10
max_laser_range,0.2,0.01,0.1,1.0,2.0,0.175,0.0175,0.9,0.5,17.677669529663678,cov,det,std_dev,3.279094069817183e-10
max_laser_range,0.2,0.01,0.1,1.0,2.0,0.175,0.0175,0.9,0.5,17.677669529663678,cov,det,median,2.759940880000001e-10
max_laser_range,0.2,0.01,0.1,1.0,2.0,0.175,0.0175,0.9,0.5,17.677669529663678,cov,det,min,5.466614400000011e-11
max_laser_range,0.2,0.01,0.1,1.0,2.0,0.175,0.0175,0.9,0.5,17.677669529663678,cov,det,max,2.036755271999999e-09
max_laser_range,0.2,0.01,0.1,1.0,2.0,0.175,0.0175,0.9,0.5,17.677669529663678,cov,det,rmse,4.899436245569345e-10
max_laser_range,0.2,0.01,0.1,1.0,2.0,0.175,0.0175,0.9,0.5,24.999999999999986,traj,APE,mean,0.0681709228788107
max_laser_range,0.2,0.01,0.1,1.0,2.0,0.175,0.0175,0.9,0.5,24.999999999999986,traj,APE,std_dev,0.047797453335131634
max_laser_range,0.2,0.01,0.1,1.0,2.0,0.175,0.0175,0.9,0.5,24.999999999999986,traj,APE,median,0.0507448047405495
max_laser_range,0.2,0.01,0.1,1.0,2.0,0.175,0.0175,0.9,0.5,24.999999999999986,traj,APE,min,7.589415207398531e-19
max_laser_range,0.2,0.01,0.1,1.0,2.0,0.175,0.0175,0.9,0.5,24.999999999999986,traj,APE,max,0.2036203922917904
max_laser_range,0.2,0.01,0.1,1.0,2.0,0.175,0.0175,0.9,0.5,24.999999999999986,traj,APE,rmse,0.08325786011826657
max_laser_range,0.2,0.01,0.1,1.0,2.0,0.175,0.0175,0.9,0.5,24.999999999999986,traj,RPE,mean,0.05063153813623494
max_laser_range,0.2,0.01,0.1,1.0,2.0,0.175,0.0175,0.9,0.5,24.999999999999986,traj,RPE,std_dev,0.03934923661619004
max_laser_range,0.2,0.01,0.1,1.0,2.0,0.175,0.0175,0.9,0.5,24.999999999999986,traj,RPE,median,0.03859060945669396
max_laser_range,0.2,0.01,0.1,1.0,2.0,0.175,0.0175,0.9,0.5,24.999999999999986,traj,RPE,min,0.008239589144869747
max_laser_range,0.2,0.01,0.1,1.0,2.0,0.175,0.0175,0.9,0.5,24.999999999999986,traj,RPE,max,0.23284264390015239
max_laser_range,0.2,0.01,0.1,1.0,2.0,0.175,0.0175,0.9,0.5,24.999999999999986,traj,RPE,rmse,0.0641242159898889
max_laser_range,0.2,0.01,0.1,1.0,2.0,0.175,0.0175,0.9,0.5,24.999999999999986,traj,num associated poses,mean,28.0
max_laser_range,0.2,0.01,0.1,1.0,2.0,0.175,0.0175,0.9,0.5,24.999999999999986,traj,num associated poses,std_dev,0.6324555320336759
max_laser_range,0.2,0.01,0.1,1.0,2.0,0.175,0.0175,0.9,0.5,24.999999999999986,traj,num associated poses,median,28.0
max_laser_range,0.2,0.01,0.1,1.0,2.0,0.175,0.0175,0.9,0.5,24.999999999999986,traj,num associated poses,min,27.0
max_laser_range,0.2,0.01,0.1,1.0,2.0,0.175,0.0175,0.9,0.5,24.999999999999986,traj,num associated poses,max,29.0
max_laser_range,0.2,0.01,0.1,1.0,2.0,0.175,0.0175,0.9,0.5,24.999999999999986,traj,num gt poses,mean,175.2
max_laser_range,0.2,0.01,0.1,1.0,2.0,0.175,0.0175,0.9,0.5,24.999999999999986,traj,num gt poses,std_dev,2.4819347291981715
max_laser_range,0.2,0.01,0.1,1.0,2.0,0.175,0.0175,0.9,0.5,24.999999999999986,traj,num gt poses,median,174.0
max_laser_range,0.2,0.01,0.1,1.0,2.0,0.175,0.0175,0.9,0.5,24.999999999999986,traj,num gt poses,min,173.0
max_laser_range,0.2,0.01,0.1,1.0,2.0,0.175,0.0175,0.9,0.5,24.999999999999986,traj,num gt poses,max,180.0
max_laser_range,0.2,0.01,0.1,1.0,2.0,0.175,0.0175,0.9,0.5,24.999999999999986,traj,odom accum path length (m),mean,11.621489399999998
max_laser_range,0.2,0.01,0.1,1.0,2.0,0.175,0.0175,0.9,0.5,24.999999999999986,traj,odom accum path length (m),std_dev,0.0781989166410887
max_laser_range,0.2,0.01,0.1,1.0,2.0,0.175,0.0175,0.9,0.5,24.999999999999986,traj,odom accum path length (m),median,11.609066
max_laser_range,0.2,0.01,0.1,1.0,2.0,0.175,0.0175,0.9,0.5,24.999999999999986,traj,odom accum path length (m),min,11.51021
max_laser_range,0.2,0.01,0.1,1.0,2.0,0.175,0.0175,0.9,0.5,24.999999999999986,traj,odom accum path length (m),max,11.748842
max_laser_range,0.2,0.01,0.1,1.0,2.0,0.175,0.0175,0.9,0.5,24.999999999999986,traj,total rotation (rad),mean,10.0253446
max_laser_range,0.2,0.01,0.1,1.0,2.0,0.175,0.0175,0.9,0.5,24.999999999999986,traj,total rotation (rad),std_dev,0.3662513185524935
max_laser_range,0.2,0.01,0.1,1.0,2.0,0.175,0.0175,0.9,0.5,24.999999999999986,traj,total rotation (rad),median,9.829405
max_laser_range,0.2,0.01,0.1,1.0,2.0,0.175,0.0175,0.9,0.5,24.999999999999986,traj,total rotation (rad),min,9.703787
max_laser_range,0.2,0.01,0.1,1.0,2.0,0.175,0.0175,0.9,0.5,24.999999999999986,traj,total rotation (rad),max,10.715147
max_laser_range,0.2,0.01,0.1,1.0,2.0,0.175,0.0175,0.9,0.5,24.999999999999986,traj,duration (s),mean,24.023600000000002
max_laser_range,0.2,0.01,0.1,1.0,2.0,0.175,0.0175,0.9,0.5,24.999999999999986,traj,duration (s),std_dev,0.3740607437302139
max_laser_range,0.2,0.01,0.1,1.0,2.0,0.175,0.0175,0.9,0.5,24.999999999999986,traj,duration (s),median,23.977999999999998
max_laser_range,0.2,0.01,0.1,1.0,2.0,0.175,0.0175,0.9,0.5,24.999999999999986,traj,duration (s),min,23.592999999999996
max_laser_range,0.2,0.01,0.1,1.0,2.0,0.175,0.0175,0.9,0.5,24.999999999999986,traj,duration (s),max,24.713
max_laser_range,0.2,0.01,0.1,1.0,2.0,0.175,0.0175,0.9,0.5,24.999999999999986,completion,successes,count,5.0
max_laser_range,0.2,0.01,0.1,1.0,2.0,0.175,0.0175,0.9,0.5,24.999999999999986,completion,failures,count,0.0
max_laser_range,0.2,0.01,0.1,1.0,2.0,0.175,0.0175,0.9,0.5,24.999999999999986,completion,errors,count,0.0
max_laser_range,0.2,0.01,0.1,1.0,2.0,0.175,0.0175,0.9,0.5,24.999999999999986,completion,data or metrics missing,count,0.0
max_laser_range,0.2,0.01,0.1,1.0,2.0,0.175,0.0175,0.9,0.5,24.999999999999986,latency,latency,mean,0.004085714285714286
max_laser_range,0.2,0.01,0.1,1.0,2.0,0.175,0.0175,0.9,0.5,24.999999999999986,latency,latency,std_dev,0.0030670733241170167
max_laser_range,0.2,0.01,0.1,1.0,2.0,0.175,0.0175,0.9,0.5,24.999999999999986,latency,latency,median,0.003
max_laser_range,0.2,0.01,0.1,1.0,2.0,0.175,0.0175,0.9,0.5,24.999999999999986,latency,latency,min,0.0
max_laser_range,0.2,0.01,0.1,1.0,2.0,0.175,0.0175,0.9,0.5,24.999999999999986,latency,latency,max,0.012
max_laser_range,0.2,0.01,0.1,1.0,2.0,0.175,0.0175,0.9,0.5,24.999999999999986,cov,trace,mean,0.005672783216783216
max_laser_range,0.2,0.01,0.1,1.0,2.0,0.175,0.0175,0.9,0.5,24.999999999999986,cov,trace,std_dev,0.0023834271063296344
max_laser_range,0.2,0.01,0.1,1.0,2.0,0.175,0.0175,0.9,0.5,24.999999999999986,cov,trace,median,0.004933
max_laser_range,0.2,0.01,0.1,1.0,2.0,0.175,0.0175,0.9,0.5,24.999999999999986,cov,trace,min,0.0026030000000000003
max_laser_range,0.2,0.01,0.1,1.0,2.0,0.175,0.0175,0.9,0.5,24.999999999999986,cov,trace,max,0.020406
max_laser_range,0.2,0.01,0.1,1.0,2.0,0.175,0.0175,0.9,0.5,24.999999999999986,cov,trace,rmse,0.0061531450653957605
max_laser_range,0.2,0.01,0.1,1.0,2.0,0.175,0.0175,0.9,0.5,24.999999999999986,cov,det,mean,3.5205656620279705e-10
max_laser_range,0.2,0.01,0.1,1.0,2.0,0.175,0.0175,0.9,0.5,24.999999999999986,cov,det,std_dev,3.093225370347765e-10
max_laser_range,0.2,0.01,0.1,1.0,2.0,0.175,0.0175,0.9,0.5,24.999999999999986,cov,det,median,2.462889379999993e-10
max_laser_range,0.2,0.01,0.1,1.0,2.0,0.175,0.0175,0.9,0.5,24.999999999999986,cov,det,min,5.609792600000001e-11
max_laser_range,0.2,0.01,0.1,1.0,2.0,0.175,0.0175,0.9,0.5,24.999999999999986,cov,det,max,2.009504423000001e-09
max_laser_range,0.2,0.01,0.1,1.0,2.0,0.175,0.0175,0.9,0.5,24.999999999999986,cov,det,rmse,4.686408622006142e-10
max_laser_range,0.2,0.01,0.1,1.0,2.0,0.175,0.0175,0.9,0.5,35.355339059327356,traj,APE,mean,0.06856268622467239
max_laser_range,0.2,0.01,0.1,1.0,2.0,0.175,0.0175,0.9,0.5,35.355339059327356,traj,APE,std_dev,0.04369121678864831
max_laser_range,0.2,0.01,0.1,1.0,2.0,0.175,0.0175,0.9,0.5,35.355339059327356,traj,APE,median,0.057178729812446885
max_laser_range,0.2,0.01,0.1,1.0,2.0,0.175,0.0175,0.9,0.5,35.355339059327356,traj,APE,min,1.0842021724855044e-19
max_laser_range,0.2,0.01,0.1,1.0,2.0,0.175,0.0175,0.9,0.5,35.355339059327356,traj,APE,max,0.20015642333042263
max_laser_range,0.2,0.01,0.1,1.0,2.0,0.175,0.0175,0.9,0.5,35.355339059327356,traj,APE,rmse,0.08130045735920276
max_laser_range,0.2,0.01,0.1,1.0,2.0,0.175,0.0175,0.9,0.5,35.355339059327356,traj,RPE,mean,0.053357569887091366
max_laser_range,0.2,0.01,0.1,1.0,2.0,0.175,0.0175,0.9,0.5,35.355339059327356,traj,RPE,std_dev,0.03364792182739902
max_laser_range,0.2,0.01,0.1,1.0,2.0,0.175,0.0175,0.9,0.5,35.355339059327356,traj,RPE,median,0.041879949762076644
max_laser_range,0.2,0.01,0.1,1.0,2.0,0.175,0.0175,0.9,0.5,35.355339059327356,traj,RPE,min,0.012149861185088564
max_laser_range,0.2,0.01,0.1,1.0,2.0,0.175,0.0175,0.9,0.5,35.355339059327356,traj,RPE,max,0.2410967652146651
max_laser_range,0.2,0.01,0.1,1.0,2.0,0.175,0.0175,0.9,0.5,35.355339059327356,traj,RPE,rmse,0.0630810027469332
max_laser_range,0.2,0.01,0.1,1.0,2.0,0.175,0.0175,0.9,0.5,35.355339059327356,traj,num associated poses,mean,28.4
max_laser_range,0.2,0.01,0.1,1.0,2.0,0.175,0.0175,0.9,0.5,35.355339059327356,traj,num associated poses,std_dev,0.7999999999999999
max_laser_range,0.2,0.01,0.1,1.0,2.0,0.175,0.0175,0.9,0.5,35.355339059327356,traj,num associated poses,median,28.0
max_laser_range,0.2,0.01,0.1,1.0,2.0,0.175,0.0175,0.9,0.5,35.355339059327356,traj,num associated poses,min,28.0
max_laser_range,0.2,0.01,0.1,1.0,2.0,0.175,0.0175,0.9,0.5,35.355339059327356,traj,num associated poses,max,30.0
max_laser_range,0.2,0.01,0.1,1.0,2.0,0.175,0.0175,0.9,0.5,35.355339059327356,traj,num gt poses,mean,173.8
max_laser_range,0.2,0.01,0.1,1.0,2.0,0.175,0.0175,0.9,0.5,35.355339059327356,traj,num gt poses,std_dev,2.6381811916545836
max_laser_range,0.2,0.01,0.1,1.0,2.0,0.175,0.0175,0.9,0.5,35.355339059327356,traj,num gt poses,median,172.0
max_laser_range,0.2,0.01,0.1,1.0,2.0,0.175,0.0175,0.9,0.5,35.355339059327356,traj,num gt poses,min,171.0
max_laser_range,0.2,0.01,0.1,1.0,2.0,0.175,0.0175,0.9,0.5,35.355339059327356,traj,num gt poses,max,177.0
max_laser_range,0.2,0.01,0.1,1.0,2.0,0.175,0.0175,0.9,0.5,35.355339059327356,traj,odom accum path length (m),mean,11.5662998
max_laser_range,0.2,0.01,0.1,1.0,2.0,0.175,0.0175,0.9,0.5,35.355339059327356,traj,odom accum path length (m),std_dev,0.12176454158317186
max_laser_range,0.2,0.01,0.1,1.0,2.0,0.175,0.0175,0.9,0.5,35.355339059327356,traj,odom accum path length (m),median,11.526305
max_laser_range,0.2,0.01,0.1,1.0,2.0,0.175,0.0175,0.9,0.5,35.355339059327356,traj,odom accum path length (m),min,11.42045
max_laser_range,0.2,0.01,0.1,1.0,2.0,0.175,0.0175,0.9,0.5,35.355339059327356,traj,odom accum path length (m),max,11.764176
max_laser_range,0.2,0.01,0.1,1.0,2.0,0.175,0.0175,0.9,0.5,35.355339059327356,traj,total rotation (rad),mean,9.7759708
max_laser_range,0.2,0.01,0.1,1.0,2.0,0.175,0.0175,0.9,0.5,35.355339059327356,traj,total rotation (rad),std_dev,0.43366483337314793
max_laser_range,0.2,0.01,0.1,1.0,2.0,0.175,0.0175,0.9,0.5,35.355339059327356,traj,total rotation (rad),median,9.745811
max_laser_range,0.2,0.01,0.1,1.0,2.0,0.175,0.0175,0.9,0.5,35.355339059327356,traj,total rotation (rad),min,9.23095
max_laser_range,0.2,0.01,0.1,1.0,2.0,0.175,0.0175,0.9,0.5,35.355339059327356,traj,total rotation (rad),max,10.50422
max_laser_range,0.2,0.01,0.1,1.0,2.0,0.175,0.0175,0.9,0.5,35.355339059327356,traj,duration (s),mean,23.8416
max_laser_range,0.2,0.01,0.1,1.0,2.0,0.175,0.0175,0.9,0.5,35.355339059327356,traj,duration (s),std_dev,0.35459531863802096
max_laser_range,0.2,0.01,0.1,1.0,2.0,0.175,0.0175,0.9,0.5,35.355339059327356,traj,duration (s),median,23.650000000000002
max_laser_range,0.2,0.01,0.1,1.0,2.0,0.175,0.0175,0.9,0.5,35.355339059327356,traj,duration (s),min,23.46
max_laser_range,0.2,0.01,0.1,1.0,2.0,0.175,0.0175,0.9,0.5,35.355339059327356,traj,duration (s),max,24.387
max_laser_range,0.2,0.01,0.1,1.0,2.0,0.175,0.0175,0.9,0.5,35.355339059327356,completion,successes,count,5.0
max_laser_range,0.2,0.01,0.1,1.0,2.0,0.175,0.0175,0.9,0.5,35.355339059327356,completion,failures,count,0.0
max_laser_range,0.2,0.01,0.1,1.0,2.0,0.175,0.0175,0.9,0.5,35.355339059327356,completion,errors,count,0.0
max_laser_range,0.2,0.01,0.1,1.0,2.0,0.175,0.0175,0.9,0.5,35.355339059327356,completion,data or metrics missing,count,0.0
max_laser_range,0.2,0.01,0.1,1.0,2.0,0.175,0.0175,0.9,0.5,35.355339059327356,latency,latency,mean,0.0034014084507042255
max_laser_range,0.2,0.01,0.1,1.0,2.0,0.175,0.0175,0.9,0.5,35.355339059327356,latency,latency,std_dev,0.0033209956490145628
max_laser_range,0.2,0.01,0.1,1.0,2.0,0.175,0.0175,0.9,0.5,35.355339059327356,latency,latency,median,0.003
max_laser_range,0.2,0.01,0.1,1.0,2.0,0.175,0.0175,0.9,0.5,35.355339059327356,latency,latency,min,0.0
max_laser_range,0.2,0.01,0.1,1.0,2.0,0.175,0.0175,0.9,0.5,35.355339059327356,latency,latency,max,0.016
max_laser_range,0.2,0.01,0.1,1.0,2.0,0.175,0.0175,0.9,0.5,35.355339059327356,cov,trace,mean,0.005594258503401361
max_laser_range,0.2,0.01,0.1,1.0,2.0,0.175,0.0175,0.9,0.5,35.355339059327356,cov,trace,std_dev,0.001565595877033021
max_laser_range,0.2,0.01,0.1,1.0,2.0,0.175,0.0175,0.9,0.5,35.355339059327356,cov,trace,median,0.0050279999999999995
max_laser_range,0.2,0.01,0.1,1.0,2.0,0.175,0.0175,0.9,0.5,35.355339059327356,cov,trace,min,0.002738
max_laser_range,0.2,0.01,0.1,1.0,2.0,0.175,0.0175,0.9,0.5,35.355339059327356,cov,trace,max,0.01113
max_laser_range,0.2,0.01,0.1,1.0,2.0,0.175,0.0175,0.9,0.5,35.355339059327356,cov,trace,rmse,0.0058092012061092555
max_laser_range,0.2,0.01,0.1,1.0,2.0,0.175,0.0175,0.9,0.5,35.355339059327356,cov,det,mean,3.573867606258502e-10
max_laser_range,0.2,0.01,0.1,1.0,2.0,0.175,0.0175,0.9,0.5,35.355339059327356,cov,det,std_dev,2.5038204818968023e-10
max_laser_range,0.2,0.01,0.1,1.0,2.0,0.175,0.0175,0.9,0.5,35.355339059327356,cov,det,median,2.739600519999998e-10
max_laser_range,0.2,0.01,0.1,1.0,2.0,0.175,0.0175,0.9,0.5,35.355339059327356,cov,det,min,8.4194171e-11
max_laser_range,0.2,0.01,0.1,1.0,2.0,0.175,0.0175,0.9,0.5,35.355339059327356,cov,det,max,1.2216716440000023e-09
max_laser_range,0.2,0.01,0.1,1.0,2.0,0.175,0.0175,0.9,0.5,35.355339059327356,cov,det,rmse,4.363673529565407e-10
max_laser_range,0.2,0.01,0.1,1.0,2.0,0.175,0.0175,0.9,0.5,49.99999999999997,traj,APE,mean,0.06521753279263347
max_laser_range,0.2,0.01,0.1,1.0,2.0,0.175,0.0175,0.9,0.5,49.99999999999997,traj,APE,std_dev,0.036704526144124804
max_laser_range,0.2,0.01,0.1,1.0,2.0,0.175,0.0175,0.9,0.5,49.99999999999997,traj,APE,median,0.0562366307296408
max_laser_range,0.2,0.01,0.1,1.0,2.0,0.175,0.0175,0.9,0.5,49.99999999999997,traj,APE,min,7.589415207398531e-19
max_laser_range,0.2,0.01,0.1,1.0,2.0,0.175,0.0175,0.9,0.5,49.99999999999997,traj,APE,max,0.17617293358688185
max_laser_range,0.2,0.01,0.1,1.0,2.0,0.175,0.0175,0.9,0.5,49.99999999999997,traj,APE,rmse,0.0748368146237062
max_laser_range,0.2,0.01,0.1,1.0,2.0,0.175,0.0175,0.9,0.5,49.99999999999997,traj,RPE,mean,0.053316643442080265
max_laser_range,0.2,0.01,0.1,1.0,2.0,0.175,0.0175,0.9,0.5,49.99999999999997,traj,RPE,std_dev,0.030280539420401858
max_laser_range,0.2,0.01,0.1,1.0,2.0,0.175,0.0175,0.9,0.5,49.99999999999997,traj,RPE,median,0.04335788530776277
max_laser_range,0.2,0.01,0.1,1.0,2.0,0.175,0.0175,0.9,0.5,49.99999999999997,traj,RPE,min,0.01698306528647015
max_laser_range,0.2,0.01,0.1,1.0,2.0,0.175,0.0175,0.9,0.5,49.99999999999997,traj,RPE,max,0.1785144447655261
max_laser_range,0.2,0.01,0.1,1.0,2.0,0.175,0.0175,0.9,0.5,49.99999999999997,traj,RPE,rmse,0.061315377643136396
max_laser_range,0.2,0.01,0.1,1.0,2.0,0.175,0.0175,0.9,0.5,49.99999999999997,traj,num associated poses,mean,28.2
max_laser_range,0.2,0.01,0.1,1.0,2.0,0.175,0.0175,0.9,0.5,49.99999999999997,traj,num associated poses,std_dev,0.9797958971132713
max_laser_range,0.2,0.01,0.1,1.0,2.0,0.175,0.0175,0.9,0.5,49.99999999999997,traj,num associated poses,median,28.0
max_laser_range,0.2,0.01,0.1,1.0,2.0,0.175,0.0175,0.9,0.5,49.99999999999997,traj,num associated poses,min,27.0
max_laser_range,0.2,0.01,0.1,1.0,2.0,0.175,0.0175,0.9,0.5,49.99999999999997,traj,num associated poses,max,30.0
max_laser_range,0.2,0.01,0.1,1.0,2.0,0.175,0.0175,0.9,0.5,49.99999999999997,traj,num gt poses,mean,177.8
max_laser_range,0.2,0.01,0.1,1.0,2.0,0.175,0.0175,0.9,0.5,49.99999999999997,traj,num gt poses,std_dev,3.8678159211627428
max_laser_range,0.2,0.01,0.1,1.0,2.0,0.175,0.0175,0.9,0.5,49.99999999999997,traj,num gt poses,median,178.0
max_laser_range,0.2,0.01,0.1,1.0,2.0,0.175,0.0175,0.9,0.5,49.99999999999997,traj,num gt poses,min,171.0
max_laser_range,0.2,0.01,0.1,1.0,2.0,0.175,0.0175,0.9,0.5,49.99999999999997,traj,num gt poses,max,183.0
max_laser_range,0.2,0.01,0.1,1.0,2.0,0.175,0.0175,0.9,0.5,49.99999999999997,traj,odom accum path length (m),mean,11.627560599999999
max_laser_range,0.2,0.01,0.1,1.0,2.0,0.175,0.0175,0.9,0.5,49.99999999999997,traj,odom accum path length (m),std_dev,0.1344123807416567
max_laser_range,0.2,0.01,0.1,1.0,2.0,0.175,0.0175,0.9,0.5,49.99999999999997,traj,odom accum path length (m),median,11.616532
max_laser_range,0.2,0.01,0.1,1.0,2.0,0.175,0.0175,0.9,0.5,49.99999999999997,traj,odom accum path length (m),min,11.42987
max_laser_range,0.2,0.01,0.1,1.0,2.0,0.175,0.0175,0.9,0.5,49.99999999999997,traj,odom accum path length (m),max,11.844725
max_laser_range,0.2,0.01,0.1,1.0,2.0,0.175,0.0175,0.9,0.5,49.99999999999997,traj,total rotation (rad),mean,10.018851799999998
max_laser_range,0.2,0.01,0.1,1.0,2.0,0.175,0.0175,0.9,0.5,49.99999999999997,traj,total rotation (rad),std_dev,0.5126447712447286
max_laser_range,0.2,0.01,0.1,1.0,2.0,0.175,0.0175,0.9,0.5,49.99999999999997,traj,total rotation (rad),median,10.178425
max_laser_range,0.2,0.01,0.1,1.0,2.0,0.175,0.0175,0.9,0.5,49.99999999999997,traj,total rotation (rad),min,9.325668
max_laser_range,0.2,0.01,0.1,1.0,2.0,0.175,0.0175,0.9,0.5,49.99999999999997,traj,total rotation (rad),max,10.668702
max_laser_range,0.2,0.01,0.1,1.0,2.0,0.175,0.0175,0.9,0.5,49.99999999999997,traj,duration (s),mean,24.342000000000002
max_laser_range,0.2,0.01,0.1,1.0,2.0,0.175,0.0175,0.9,0.5,49.99999999999997,traj,duration (s),std_dev,0.47340257709480277
max_laser_range,0.2,0.01,0.1,1.0,2.0,0.175,0.0175,0.9,0.5,49.99999999999997,traj,duration (s),median,24.421
max_laser_range,0.2,0.01,0.1,1.0,2.0,0.175,0.0175,0.9,0.5,49.99999999999997,traj,duration (s),min,23.518
max_laser_range,0.2,0.01,0.1,1.0,2.0,0.175,0.0175,0.9,0.5,49.99999999999997,traj,duration (s),max,24.974000000000004
max_laser_range,0.2,0.01,0.1,1.0,2.0,0.175,0.0175,0.9,0.5,49.99999999999997,completion,successes,count,5.0
max_laser_range,0.2,0.01,0.1,1.0,2.0,0.175,0.0175,0.9,0.5,49.99999999999997,completion,failures,count,0.0
max_laser_range,0.2,0.01,0.1,1.0,2.0,0.175,0.0175,0.9,0.5,49.99999999999997,completion,errors,count,0.0
max_laser_range,0.2,0.01,0.1,1.0,2.0,0.175,0.0175,0.9,0.5,49.99999999999997,completion,data or metrics missing,count,0.0
max_laser_range,0.2,0.01,0.1,1.0,2.0,0.175,0.0175,0.9,0.5,49.99999999999997,latency,latency,mean,0.004056737588652483
max_laser_range,0.2,0.01,0.1,1.0,2.0,0.175,0.0175,0.9,0.5,49.99999999999997,latency,latency,std_dev,0.0030983249870642246
max_laser_range,0.2,0.01,0.1,1.0,2.0,0.175,0.0175,0.9,0.5,49.99999999999997,latency,latency,median,0.003
max_laser_range,0.2,0.01,0.1,1.0,2.0,0.175,0.0175,0.9,0.5,49.99999999999997,latency,latency,min,0.0
max_laser_range,0.2,0.01,0.1,1.0,2.0,0.175,0.0175,0.9,0.5,49.99999999999997,latency,latency,max,0.016
max_laser_range,0.2,0.01,0.1,1.0,2.0,0.175,0.0175,0.9,0.5,49.99999999999997,cov,trace,mean,0.005640379310344827
max_laser_range,0.2,0.01,0.1,1.0,2.0,0.175,0.0175,0.9,0.5,49.99999999999997,cov,trace,std_dev,0.002166132342468756
max_laser_range,0.2,0.01,0.1,1.0,2.0,0.175,0.0175,0.9,0.5,49.99999999999997,cov,trace,median,0.0050539999999999995
max_laser_range,0.2,0.01,0.1,1.0,2.0,0.175,0.0175,0.9,0.5,49.99999999999997,cov,trace,min,0.0024690000000000003
max_laser_range,0.2,0.01,0.1,1.0,2.0,0.175,0.0175,0.9,0.5,49.99999999999997,cov,trace,max,0.020515
max_laser_range,0.2,0.01,0.1,1.0,2.0,0.175,0.0175,0.9,0.5,49.99999999999997,cov,trace,rmse,0.006042020199374972
max_laser_range,0.2,0.01,0.1,1.0,2.0,0.175,0.0175,0.9,0.5,49.99999999999997,cov,det,mean,3.789255782551721e-10
max_laser_range,0.2,0.01,0.1,1.0,2.0,0.175,0.0175,0.9,0.5,49.99999999999997,cov,det,std_dev,4.79103422471796e-10
max_laser_range,0.2,0.01,0.1,1.0,2.0,0.175,0.0175,0.9,0.5,49.99999999999997,cov,det,median,2.509426679999997e-10
max_laser_range,0.2,0.01,0.1,1.0,2.0,0.175,0.0175,0.9,0.5,49.99999999999997,cov,det,min,4.563302299999997e-11
max_laser_range,0.2,0.01,0.1,1.0,2.0,0.175,0.0175,0.9,0.5,49.99999999999997,cov,det,max,4.975035163999989e-09
max_laser_range,0.2,0.01,0.1,1.0,2.0,0.175,0.0175,0.9,0.5,49.99999999999997,cov,det,rmse,6.108393268939099e-10
